공고번호,기초금액,log_기초금액,log_기초금액_norm,기초금액_norm,A값,A값/기초금액_norm,투찰률(%),투찰률_norm,참여업체수,log_참여업체수,log_참여업체수_norm,예가범위,공고구분표시,공고제목,발주처(수요기관),지역제한
20241210833-00,61710000,17.937956566502077,-0.40312199442574476,-0.37587515906026453,9082379,-0.07137236918905268,87.745,0.08696559462789692,1074,6.98100574072173,0.18737551800898783,2,기/A값/순,서라벌고등학교 고교학점제 공간 조성 사업 조성 통신 공사 (긴급공고),서울특별시교육청,서울
20241209755-00,71830000,18.089812787972743,-0.32062836206471035,-0.36149667839966854,0,-0.07137236943644644,87.745,0.08696559462789692,3787,8.239857411018601,2.497356530740433,2,기/수의,고속철도 스마트SOC 시스템 감시화면 통신망 구축 공사,한국철도공사,서울/부산/대구/경기/충북/충남/경북
2024-25877,304019000,19.53260076070672,0.463144732280521,-0.031602899140466496,19559512,-0.07137236932830256,87.745,0.08696559462789692,913,6.818924065275521,-0.11004283685099979,2,기/A값/순,[일반-24-235-4] 00진지 생활관 신축 통신공사,수도방위사령부,서울
20241135055-00,4101907000,22.134717824715995,1.8767061021070464,5.364430614605543,265650527,-0.07137236932758613,86.745,-0.06905909036894549,1041,6.949856455000773,0.1302168707486723,2,기/A값/순/의무,L2 연구동 건설공사(통신) (긴급공고),서울지방조달청/한국과학기술연구원,전국/서울
20241142908-00,83490000,18.240237434147666,-0.23891241167811544,-0.34493016807332966,5039708,-0.0713723693349816,87.745,0.08696559462789692,1106,7.010311867307229,0.24115198553612968,2,기/A값/순,서울대학교 첨단융합학부(관악 18동) 공간조성 4단계 통신공사 (긴급공고),서울대학교,서울
20241135561-00,3205851000,21.888243415006986,1.7428125471112403,4.091315608003665,203750095,-0.07137236932961498,86.745,-0.06905909036894549,1168,7.064759027791802,0.3410620145603155,2,기/A값/순/의무,한국전력 관악동작지사 위탁개발 통신공사,한국자산관리공사,전국/서울
20241140336-00,83559300,18.24106712937112,-0.23846169209565404,-0.3448317067383712,0,-0.07137236943644644,87.745,0.08696559462789692,2662,7.88758403166028,1.8509381823288524,2,기,분당선 한티역 등 20개역 승강장안전문 UPS부품 개량공사,한국철도공사,서울/경기
E012410414,58139400,17.878354150324352,-0.43550011999990434,-0.38094826212812266,0,-0.07137236943644644,87.745,0.08696559462789692,791,6.675823221634848,-0.3726315433011026,2,기/수의,신림로 지중화 관련 광케이블 이설공사(ICT운영부),한국전력공사,서울
2024-24251,13837340,16.442881365418106,-1.215299347423724,-0.4438925618252139,0,-0.07137236943644644,87.745,0.08696559462789692,519,6.255750041753367,-1.1434618900210651,2,기/수의,(24-집-2) 00부대 안보교육관 대체시설 공사(통신),육군,서울
20241106920-00,2105148000,21.467651610872835,1.5143323088418519,2.5274384539957597,139828377,-0.07137236932479679,86.745,-0.06905909036894549,1254,7.135687347028144,0.4712148153762092,2,기/A값/순/의무,혜화경찰서 청사 신축관련 통신 공사,서울지방조달청/경찰청,전국/서울
E012410147,117940900,18.585694217985154,-0.051248155011358223,-0.295982381572329,7047344,-0.07137236933600667,87.745,0.08696559462789692,1381,7.232010331664759,0.6479665891159463,2,기/A값/순/협정,논현-선릉 등 2개 전력구 운영시스템 설치공사(강남전력지사),한국전력공사,서울/경기
20241101469-00,872850000,20.587274278880734,1.036080425178504,0.7765913234531583,44281860,-0.07137236935116964,87.745,0.08696559462789692,1301,7.172424577124845,0.5386272881766888,2,기/A값/순/협정,"2024년 서울청 국도ITS 시관리 구간 구축공사(서울시,인천시)",인천지방조달청/국토교통부,서울/인천
20241110684-00,74556000,18.127061092246567,-0.30039377510423915,-0.3576235817316068,0,-0.07137236943644644,87.745,0.08696559462789692,1113,7.016609683894219,0.25270841992857984,2,기/수의,여청수사계 통합청사 조성 리모델링 통신공사,경찰청,서울
20241106979-00,77440000,18.16501401384582,-0.2797764152679766,-0.35352599890303377,0,-0.07137236943644644,87.745,0.08696559462789692,1146,7.045776576879511,0.3062293951047144,2,기/수의,국립전통예술고등학교 기숙사 환경개선 통신공사,문화체육관광부,서울
20241103116-00,53530000,17.795752821050677,-0.4803720628392801,-0.3874972906614182,0,-0.07137236943644644,87.745,0.08696559462789692,2703,7.902857191280582,1.8789642870398173,2,기/수의,수서평택고속선 오산SS 등 11개소 영상감시설비 이설 공사,한국철도공사,서울/경기
20241101079-00,57080500,17.859973127689262,-0.4454853369965742,-0.3824527456430935,0,-0.07137236943644644,87.745,0.08696559462789692,1109,7.01301578963963,0.24611365766567764,2,기/수의,피싱범죄수사계 청사 리모델링 통신공사,경찰청,서울
2024-22599,8027450,15.898377600909736,-1.5110929140852614,-0.4521472447308651,0,-0.07137236943644644,87.745,0.08696559462789692,270,5.605802066295998,-2.336110331449993,2,기/수의,태성대아파트 리모델링 공사(통신),공군항공안전단,서울
20241027545-00,439605000,19.90138715668017,0.6634824535444542,0.16103748414486643,30809073,-0.07137236931864227,87.745,0.08696559462789692,2979,8.000014093678072,2.0572462920524313,2,기/A값/순,경부선 서울역 등 107역 시각장애인용 음성유도기 개량공사,한국철도공사,서울/인천/경기
20241020518-00,249018000,19.333035744988646,0.3547340074558482,-0.10974823657262466,13940289,-0.0713723693423473,87.745,0.08696559462789692,582,6.369900982828227,-0.9339959833617296,2,기/A값/순,도급 사무실 환경개선 네트워크 공사 업체 선정,(주)코스콤,서울
20241014494-00,378061000,19.750566118870662,0.5815511693015463,0.07359586223026957,26220707,-0.0713723693198656,87.745,0.08696559462789692,1035,6.9440872082295275,0.11963035701254991,2,기/A값/순/협정,국립재활원 음압격리병실 구축 사업 통신공사,서울지방조달청/보건복지부,서울
E012408828,65826200,18.002528508527714,-0.3680442478921272,-0.37002686833940035,1585192,-0.07137236939596762,87.745,0.08696559462789692,825,6.717804695023691,-0.2955959332265262,2,기/A값/순,’24년도 노량진변전소 무인보안시스템 교체공사(전자제어부),한국전력공사,서울
20241021669-00,304620000,19.53457565943441,0.4642175666235227,-0.03074899925143308,9102222,-0.07137236938621985,87.745,0.08696559462789692,2703,7.902857191280582,1.8789642870398173,2,기/A값/순,경의선 수색역 등 7개역 승강장안전문 장애물검지센서 교체공사,한국철도공사,서울/경기
20241020924-00,91500000,18.331849541174712,-0.18914549792431348,-0.3335495722144982,0,-0.07137236943644644,85.0,-0.3413221656884362,150,5.0238805208462765,-3.4039309115912495,2,기,본·신관 비상방송설비 교체공사,한국방송공사,서울
20241025706-00,212960000,19.176614917306793,0.26976072070191665,-0.16097938831766126,14125857,-0.07137236932494988,87.745,0.08696559462789692,1093,6.9985096422506015,0.21949501320803613,2,기/A값/순,수도권서부 종합금융센터 사무환경 조성공사(통신) 업체 선정 (긴급공고),한국주택금융공사,서울
20241024377-00,141533000,18.768043470470243,0.04781036264522744,-0.2624627616520872,0,-0.07137236943644644,87.745,0.08696559462789692,3052,8.024207485778577,2.1016409397336426,2,기/수의,중앙선 청량리역 등 8역 역무자동화설비 이설 기타공사,한국철도공사,서울/경기
20241009986-00,2241737000,21.53051684918477,1.5484829139824876,2.721503898160794,136733800,-0.07137236933392,86.745,-0.06905909036894549,1242,7.126087273299125,0.45359877008818367,2,기/A값/순/의무,경부선 구로역 신축에 따른 통신설비 신설공사(총체 및 1차),한국철도공사,전국/서울
E012408654,75750400,18.142954296069114,-0.2917600286532951,-0.35592658002202027,1859619,-0.07137236939518125,87.745,0.08696559462789692,2324,7.75190533307861,1.6019690424762918,2,기/A값/순,전력구 PS-LTE 비상통신망 시설공사(동서울전력지사),한국전력공사,서울/경기
20241014719-00,68308045,18.03953812140943,-0.34793932647816905,-0.3665006667252604,3809998,-0.07137236934269077,87.745,0.08696559462789692,617,6.428105272684596,-0.8271916571649642,2,기/A값/순/협정,스팸대응시스템 안정적 운영을 위한 IDC 케이블 재설치 공사 용역,한국인터넷진흥원,서울
20241014716-00,575592000,20.17090963607759,0.8098965293927729,0.35424760762238305,35918391,-0.07137236933155337,87.745,0.08696559462789692,3052,8.024207485778577,2.1016409397336426,2,기/A값/순,중앙선 왕십리역 등 16개소 여객자동안내장치 개량공사,한국철도공사,서울/경기/강원
E012408573,52260604,17.771753394721458,-0.493409394028643,-0.38930084657412944,495442,-0.07137236942051102,87.745,0.08696559462789692,810,6.699500340161678,-0.3291842527873031,2,기/A값/순,노량진-사당 구간 광케이블 선통 공사(전자제어부),한국전력공사,서울
E012408482,87167300,18.283339830021315,-0.21549767657773328,-0.33970546580720223,5563374,-0.07137236932916383,87.745,0.08696559462789692,816,6.706862336602747,-0.3156750583397518,2,기/A값/순,345kV 신양재S/S CCTV 교체공사(강남전력지사),한국전력공사,서울
20241004497-00,664104000,20.31394932318787,0.8876007106718541,0.4800053230601966,37365488,-0.07137236934187081,87.745,0.08696559462789692,1047,6.955592608396297,0.14074265845061157,2,기/A값/순/협정,나라키움 관악 복합관사 개발사업 통신공사,한국자산관리공사,서울
20241010475-00,156312000,18.867364574273946,0.10176507417120544,-0.24146478085337691,0,-0.07137236943644644,87.745,0.08696559462789692,1129,7.030857476116121,0.2788529850767309,2,기,경부선 영등포~신도림 간 LTE-R 광케이블 철거설치 타공사,한국철도공사,서울
E012408322,68079000,18.036179368208686,-0.34976391916887467,-0.36682609351408507,727433,-0.07137236941848568,87.745,0.08696559462789692,325,5.7899601708972535,-1.9981819360662931,2,기/A값/순/협정,개포전력구 운영시스템 이설공사(송전운영부),한국전력공사,서울
20241003694-04,160993000,18.896871449954112,0.1177942452575713,-0.23481402314860914,9287858,-0.0713723693394729,87.745,0.08696559462789692,1054,6.962243464266207,0.15294691661732768,2,기/정/A값/순,동축산물검역검사 생물안전연구시설(BL3) 설치 통신공사 (정정공고),농림축산식품부,서울
2024-21047,26354060,17.0871329387238,-0.8653192680987276,-0.4261088250214496,0,-0.07137236943644644,87.745,0.08696559462789692,726,6.590301048196686,-0.5295639297538214,2,기/수의,주대-3 00관 보수공사(통신),육군사관학교,서울
20240926462-00,99675000,18.417425461264298,-0.1426576528926157,-0.3219345446057658,0,-0.07137236943644644,87.745,0.08696559462789692,1180,7.074963197966044,0.3597865711616663,2,기/수의,저탄소분야 학과(친환경산업디자인과) 신설 인테리어 리모델링 공사(통신),한국폴리텍1대학,서울
20240925984-00,164841000,18.920491936971658,0.1306257233053139,-0.22934679058122046,0,-0.07137236943644644,87.745,0.08696559462789692,1226,7.113142108707088,0.4298445144281526,2,기/수의,AI+x분야 학과(클라우드컴퓨팅과) 신설 인테리어 리모델링 공사(통신),한국폴리텍1대학,서울
20240926203-00,53678716,17.79852714944788,-0.47886495022557646,-0.38728599519403467,0,-0.07137236943644644,87.745,0.08696559462789692,1074,6.98100574072173,0.18737551800898783,2,기,성북경찰서 정릉파출소 청사 시설개선 통신 공사,경찰청,서울
20240919375-00,82433000,18.227496412274768,-0.24583378219627888,-0.34643195207118044,2130261,-0.07137236939300778,87.745,0.08696559462789692,1088,6.993932975223189,0.2110968721209112,2,기/A값/순,전수교육관 유니버설디자인 적용 환경개선공사(통신),국가유산진흥원,서울
2024-20363,19934490,16.80796200548943,-1.0169747229038624,-0.4352297403469775,0,-0.07137236943644644,87.745,0.08696559462789692,651,6.481577129276431,-0.7290713016400691,2,기/수의,푸른숲아파트 노후세대 리모델링 통신공사,국방부근무지원단,서울
E012407912,61792500,17.939292572023184,-0.4023962293090891,-0.375757943185314,3288346,-0.07137236934699519,87.745,0.08696559462789692,817,6.70808408385307,-0.31343316358980267,2,기/A값/순,관악동작지사 임차사옥 자가 광케이블 이설(ICT운영부),한국전력공사,서울
20240902166-00,423750000,19.864654219018817,0.6435278318264254,0.1385107241771046,30101020,-0.07137236931704317,87.745,0.08696559462789692,1044,6.952728644624869,0.13548731178090392,2,기/A값/순/협정,국립한글박물관 교육공간 조성 및 증축공사(통신),서울지방조달청/문화체육관광부,서울
20240918062-00,1013657000,20.736830421577853,1.1173245739760145,0.9766496956247532,37715434,-0.0713723693739043,86.745,-0.06905909036894549,2948,7.989560449333865,2.03806395268812,2,기/A값/순/의무,서울본부 광역철도 승강장 CCTV 모니터 랙 개량공사 (긴급공고),한국철도공사,전국/서울/경기
20240915061-00,265846000,19.398427755484388,0.3902572439814369,-0.08583903967968894,23143027,-0.07137236929011599,87.745,0.08696559462789692,3136,8.051340933292979,2.1514305615350993,2,기/A값/순,경인선 개봉역 등 22역 자동개집표기 개량 기타공사,한국철도공사,서울/인천/경기
20240914951-00,1093980000,20.813088260157535,1.1587505099009023,1.0907724922750548,69313034,-0.0713723693299463,86.745,-0.06905909036894549,2972,7.9976631270201,2.0529322902763543,2,기/A값/순/의무,분당선 모란 등 9역 영상감시설비 개량공사,한국철도공사,전국/서울/경기
20240912350-00,298100000,19.512939562002877,0.4524640786863221,-0.04001260536873406,18691426,-0.07137236933105019,87.745,0.08696559462789692,1090,6.9957661563048505,0.21446074221891662,2,기/A값/순,SNU Commons(62동) 공간조성 통신공사 (긴급공고),서울대학교,서울
20240912245-00,86005000,18.269916003689858,-0.2227899704563846,-0.3413568598854444,3603819,-0.07137236936601217,87.745,0.08696559462789692,1059,6.966967138613983,0.16161481475906514,2,기/A값/순,김포공항 국제선 비즈니스라운지 조성 정보통신공사,한국공항공사,서울
20240900448-00,30020000,17.217374417480716,-0.7945675230422643,-0.42090026302610317,0,-0.07137236943644644,87.745,0.08696559462789692,859,6.7580945044277305,-0.22166451070400486,2,기/수의,2024년 노후 전자법정 개선 공사(대법원 청사),대법원,서울
41999,21263000,16.87247907801889,-0.9819267834074638,-0.4333421953526683,0,-0.07137236943644644,88.0,0.12675188930209103,123,4.8283137373023015,-3.762794125873681,2,물품/기/수의,24년 전관방송용 앰프 구매,육군사관학교,서울/경기
20240906022-00,99074515,18.411382811840852,-0.14594023226405506,-0.3227877127835798,0,-0.07137236943644644,87.745,0.08696559462789692,1103,7.007600613951853,0.23617686104815339,2,기/수의,북한산국립공원 탐방안내소 신축공사(통신),국립공원공단,서울
20240902994-00,56745000,17.854078122340074,-0.4486877109219403,-0.3829294235345589,0,-0.07137236943644644,87.745,0.08696559462789692,2980,8.000349495324684,2.057861750929434,2,기/수의,철도보수장비 LTE-R 휴대무전기 거치대 설치공사,한국철도공사,서울/인천/경기
E012407564,158177250,18.87922680396914,0.10820905391718147,-0.23881463648063217,10539451,-0.07137236932444628,87.745,0.08696559462789692,839,6.734591659972948,-0.2647920099294888,2,기/A값/순,24년 변전소 무인보안시스템 성능개선 공사,한국전력공사,서울
20240830895-00,40600000,17.5192786492025,-0.6305625421550746,-0.40586821506275284,0,-0.07137236943644644,87.745,0.08696559462789692,1052,6.960347729101308,0.14946826036305177,2,기/수의,동대문서 장안2파출소 리모델링 통신,경찰청,서울
20240819773-00,1154796000,20.867189542809754,1.1881402265562366,1.1771797728931188,26555331,-0.07137236939779273,86.745,-0.06905909036894549,2863,7.9603236291488395,1.984414661756071,2,기/A값/순/의무,경원선 외대앞역 등 13개역 승강장안전문 장애물검지센서 개량공사,한국철도공사,전국/서울/경기
20240827254-00,997953000,20.721216739980445,1.1088426738139745,0.954337476228113,36623699,-0.07137236937475899,87.745,0.08696559462789692,2618,7.8709295967551425,1.8203774504202495,2,기/A값/순,경원선 가능 등 16역 승강장 비상통화장치 개량공사,한국철도공사,서울/경기
2024-19131,87672540,18.289119306833584,-0.21235806181073158,-0.33898762158102047,0,-0.07137236943644644,87.745,0.08696559462789692,1014,6.923628628138427,0.08208905435316516,2,기/수의,24-A-00부대 통신공사(1200),국군재정관리단,서울
20240826609-00,279950000,19.45012157733124,0.4183391433825419,-0.06580009785784645,19846974,-0.07137236931727875,87.745,0.08696559462789692,1085,6.99117688712121,0.20603947629326236,2,기/A값/순,우리금융아트홀 및 올림픽테니스경기장 시설개선 공사(통신) (긴급공고),서울올림픽기념국민체육진흥공단,서울
E012407415,67615900,18.029353735246353,-0.35347184269530574,-0.3674840652921406,1633643,-0.07137236939583456,87.745,0.08696559462789692,776,6.656726524178391,-0.40767380409413795,2,기/A값/순,전력구 PS-LTE 비상통신망 시설공사(강남전력지사),한국전력공사,서울
20240822293-00,42754260,17.570979420894687,-0.6024768673539217,-0.4028074457200754,2278333,-0.07137236934687234,87.745,0.08696559462789692,978,6.887552571664617,0.01588982895191043,2,기/A값/순,국회 경내 보안장비(CCTV) 교체 공사,국회,서울
20240822245-00,97277000,18.39307314717074,-0.1558866851082139,-0.325341619370994,0,-0.07137236943644644,87.745,0.08696559462789692,1137,7.037905963447182,0.2917868932466977,2,기/수의,한국체육대학교 필승관 대강당 무대음향 설비교체 통신공사,한국체육대학교,서울
20240817325-00,603581000,20.218390808219443,0.8356899695350836,0.3940143363980176,21604569,-0.07137236937627994,87.745,0.08696559462789692,690,6.539585955617669,-0.6226256491610163,2,기/A값/순,한국전기공사협회 서울남부회 사옥건립 정보통신공사,한국전기공사협회,서울
20240821407-00,87538000,18.28758355419099,-0.2131923365784596,-0.3391787758090913,0,-0.07137236943644644,87.745,0.08696559462789692,1121,7.023758954738443,0.26582726490031217,2,기/수의,재외동포인증센터 전산실 환경 구축 전기 정보통신 소액수의 견적 제출 공고,재외동포청,서울
E012407107,29381517,17.195876395176494,-0.8062460037214136,-0.4218074187047217,700837,-0.07137236939635169,87.745,0.08696559462789692,587,6.3784261836515865,-0.9183523197782048,2,기/A값/순,지하전력구 PS-LTE 비상통신망 시설공사(전자제어부),한국전력공사,서울
2402707-00,270875000,19.417168021512538,0.4004376146050587,-0.07869384410240264,19599420,-0.07137236931482253,87.745,0.08696559462789692,975,6.884486652042782,0.010263895190127803,2,기/A값/순,서울영등포 공공주택지구 임시이주시설 정보통신공사,한국토지주택공사,서울
2024-17759,47934460,17.685345240036565,-0.5403493381187695,-0.3954474254119707,0,-0.07137236943644644,87.745,0.08696559462789692,925,6.831953565565855,-0.08613382597527644,2,기/수의,[방사청-24-8] 사무실 이전 통신공사,수도방위사령부,서울
2024-17683,197762000,19.102574850507654,0.2295395562915114,-0.18257268368127175,12372515,-0.0713723693312842,87.745,0.08696559462789692,936,6.843749949006225,-0.06448757295824922,2,기/A값/순,[방사청-24-7-3] 시설사업 통신공사,수도방위사령부,서울
20240815156-00,108867000,18.50563752086272,-0.09473776430426703,-0.30887456493855253,0,-0.07137236943644644,87.745,0.08696559462789692,1175,7.0707241072602764,0.35200787945983947,2,기/수의,스포츠비즈홀 사무공간 리모델링 공사(통신),서울올림픽기념국민체육진흥공단,서울
20240814447-00,55440000,17.83081193088344,-0.46132672317891155,-0.38478356555650334,0,-0.07137236943644644,87.745,0.08696559462789692,1082,6.988413181999592,0.20096810330599033,2,기/수의,안보수사과 청사 이전 통신공사,경찰청,서울
20240812520-00,72100000,18.0935646161248,-0.3185902372565183,-0.3611130628089214,0,-0.07137236943644644,87.745,0.08696559462789692,1124,7.026426808699636,0.2707227519068497,2,기/수의,서울명일동우체국 건립공사(통신),과학기술정보통신부,서울
20240809207-00,208065000,19.153361093653828,0.25712842707022926,-0.16793419689805825,13799468,-0.0713723693249636,87.745,0.08696559462789692,1091,6.996681488176539,0.21614036762184388,2,기/A값/순,한국체육대학교 골프연습장 개축 통신공사,한국체육대학교,서울
20240802605-00,3051000000,21.838735243008706,1.7159179694631201,3.8713035419192825,64396761,-0.07137236940096783,86.745,-0.06905909036894549,2801,7.938445551164788,1.94426859377151,2,기/A값/순/의무,경부선 노량진역 등 25개역 승강장안전문 장애물센서 교체공사(총체 및 1차),한국철도공사,전국/서울/인천/경기
20240809896-00,135200000,18.72226572896959,0.02294228584797297,-0.27146067845283367,5151731,-0.07137236937239613,87.745,0.08696559462789692,2949,7.989899374942939,2.038685878003201,2,기/A값/순,공동실습실 장비구축 공사,아이씨티폴리텍(ICTPolytech)대학,서울/인천/경기
20240808338-00,52640000,17.778986863978297,-0.4894799195047178,-0.38876180131239946,0,-0.07137236943644644,87.745,0.08696559462789692,1060,6.967909201801884,0.16334349187662595,2,기/수의,강서서 공항지구대 시설개선 통신공사,경찰청,서울
2024-16530,73714700,18.115712808095584,-0.30655856158195766,-0.35881889949640516,0,-0.07137236943644644,87.745,0.08696559462789692,981,6.890609120147166,0.021498566760961808,2,기/수의,24-N-00대대 바다마을 리모델링 통신공사(3107),국군재정관리단,서울
20240734515-00,232848000,19.26589644242989,0.31826158052055803,-0.1327225480629248,5296134,-0.07137236939821408,87.745,0.08696559462789692,2692,7.898782356970309,1.8714870042837508,2,기/A값/순,경의선 한국항공대~강매 등 5개소 영상감시설비 개량공사,한국철도공사,서울/경기
20240732870-00,276070000,19.436165018335174,0.4107574504120693,-0.07131279597673108,16370301,-0.07137236933677239,87.745,0.08696559462789692,1046,6.954638864880987,0.13899254804176436,2,기/A값/순,김포공항 국제선 서편 보안검색장 조성 정보통신공사,한국공항공사,서울
20240732842-00,545908000,20.11796102317508,0.7811329834247207,0.3120726254159471,20351870,-0.07137236937378079,87.745,0.08696559462789692,1019,6.928537818164665,0.09109737202559264,2,기/A값/순,김포공항 통합운영센터 상황실 이전 및 기타 통신공사,한국공항공사,서울
202407820,1136820000,20.851500728716246,1.1796175117838261,1.1516394993402657,276719152,-0.07137236902728739,86.745,-0.06905909036894549,2822,7.945909598613133,1.9579650508606414,2,기/A값/순/의무,[긴급]2024년 개량사업 ITS 현장설비(CCTV 및 VMS) 통합설치공사,한국도로공사,전국/서울/경기
20240731377-00,80300000,18.20128019137029,-0.26007535404789595,-0.34946251523808275,0,-0.07137236943644644,87.745,0.08696559462789692,1096,7.001245622069476,0.22451551052471036,2,기/수의,서울응암동우체국 건립공사(통신),과학기술정보통신부,서울
E012406425,105654681,18.4756866171826,-0.11100814699349967,-0.31343862290467556,2494963,-0.07137236939675287,87.745,0.08696559462789692,812,6.70196036600254,-0.3246701284330971,2,기/A값/순,탄천-대치 전력구 통신케이블 지장이설공사(전자제어부),한국전력공사,서울
20240725940-00,38942000,17.477583943336917,-0.6532125706080831,-0.408223898949637,1639754,-0.07137236936566732,87.745,0.08696559462789692,954,6.862757913051401,-0.02960813714299971,2,기/A값/순,김포공항 외곽지역 부대시설 개선 정보통신공사,한국공항공사,서울
20240725147-00,75685000,18.14209056139146,-0.29222923966266867,-0.3560195002428901,0,-0.07137236943644644,87.745,0.08696559462789692,1089,6.994849985833071,0.21277957799268352,2,기/수의,경부선 구로입출고 절연구분장치 영상감시설비 개량공사,한국철도공사,서울
20240722239-00,339282000,19.642342180896758,0.5227601256062627,0.01849871780959247,15367481,-0.07137236936031106,87.745,0.08696559462789692,1022,6.931471805599453,0.09648121146106332,2,기/A값/순,경부선 구로역 신호기능실 신축에 따른 통신설비 신설공사(총체 및 1차),한국철도공사,서울
20240721828-00,174179000,18.97559406976633,0.1605591369056957,-0.21607937433530688,7838581,-0.07137236936080038,87.745,0.08696559462789692,1059,6.966967138613983,0.16161481475906514,2,기/A값/순,김포공항 국제선 탑승구 시설개선 정보통신공사,한국공항공사,서울
E012406291,181679300,19.017753608330132,0.183461678804283,-0.20542295946389696,11766693,-0.07137236932758009,87.745,0.08696559462789692,855,6.75343791859778,-0.2302093020445155,2,기/A값/순,세곡2지구 배전자동화 자가 광케이블 시설공사(ICT운영부),한국전력공사,서울
20240722858-00,64020000,17.97470610812611,-0.3831583528520926,-0.37259311456165023,0,-0.07137236943644644,87.745,0.08696559462789692,1131,7.0326242610280065,0.2820950188256902,2,기/수의,중랑서 상봉파출소 시설개선 통신공사,경찰청,서울
E012406214,279084300,19.44702444826814,0.4166566741110711,-0.06703008310566047,19577635,-0.07137236931853132,87.745,0.08696559462789692,2327,7.753194269884341,1.604334229430485,2,기/A값/순,2024년 고압 AMI 통신망 구축공사(ICT운영부),한국전력공사,서울/경기
20240713341-01,134355648,18.716000939034274,0.019539031949397396,-0.272660332494606,0,-0.07137236943644644,87.745,0.08696559462789692,1184,7.078341579557671,0.36598586970855557,2,기/정/수의/협정,경찰청 세검정로 별관 통신공사 (정정공고),경찰청,서울
2024-15356,10000000,16.118095750958314,-1.391734298958286,-0.4493446486807605,0,-0.07137236943644644,87.745,0.08696559462789692,388,5.966146739123692,-1.6748812351938798,2,기/수의,24-00대대 매입관사 공사(통신),해군재경근무지원대대,서울
2024-14574,31942000,17.279432347505136,-0.7608554761143078,-0.41816948833937734,0,-0.07137236943644644,87.745,0.08696559462789692,2266,7.7266536648476425,1.5556324680174658,2,기/수의,사령부 및 OO대대 보수공사(통신),국군화생방방호사령부,서울/경기
20240702085-00,9400000,16.056220353623207,-1.4253471877192596,-0.45019712777130966,0,-0.07137236943644644,87.745,0.08696559462789692,319,5.771441123130016,-2.032164215095321,2,기/수의,국립항공박물관 전시동 LAN케이블 공사,국립항공박물관,서울
20240637912-00,96990196,18.390120469504893,-0.15749068330787916,-0.32574911005947044,5550082,-0.07137236934025946,87.745,0.08696559462789692,999,6.90875477931522,0.054795681211162316,2,기/A값/순,본관 8층 6파트 긴급치료병상 조성공사(통신),서울대학교병원,서울
20240625369-00,307516000,19.54403767962939,0.46935766827887837,-0.026634366841049084,17691835,-0.07137236933974123,87.745,0.08696559462789692,1032,6.9411900550683745,0.11431410812386224,2,기/A값/순/협정,"경찰병원 51, 52병동 시설개선공사(통신)",서울지방조달청/경찰청,서울
20240633586-00,98200000,18.402516783507995,-0.1507565702099753,-0.3240302223700325,4250580,-0.07137236936368833,87.745,0.08696559462789692,1008,6.917705609835305,0.07122037129772016,2,기/A값/순,김포공항 국제선 화장실 시설개선 정보통신공사,한국공항공사,서울
20240633454-00,150546000,18.829779249935438,0.08134740607619066,-0.24965710491355442,1758448,-0.0713723694168126,87.745,0.08696559462789692,1087,6.9930151229329605,0.20941262177359202,2,기/A값/순,상문고 신관 방송통신개선공사 (긴급공고),서울특별시교육청,서울
20240616335-00,202872000,19.128085801188227,0.2433980005899572,-0.17531240342676133,9171479,-0.07137236936045548,87.745,0.08696559462789692,1037,6.946013991099227,0.12316598551405016,2,기/A값/순,김포공항 화장실 비상벨설치 정보통신공사,한국공항공사,서울
2024-13130,3162745,14.96695119555396,-2.0170764471314957,-0.4590590102211818,0,-0.07137236943644644,87.745,0.08696559462789692,182,5.214935757608986,-3.053346343354794,2,기/수의,(24-대-5) 우O 상황실 개선공사(통신),공군,서울
2024-13128,2292156,14.645003853598208,-2.1919695493679447,-0.46029594175278526,0,-0.07137236943644644,87.745,0.08696559462789692,178,5.19295685089021,-3.093677431122262,2,기/수의,(24-대-4) 북O 숙소보수 공사(통신),공군,서울
2024-12981,155687843,18.863363560538627,0.09959158300333365,-0.24235158217291006,0,-0.07137236943644644,87.745,0.08696559462789692,1039,6.947937068614969,0.12669481472577693,2,기/수의,00지역 통신소 케이블 이전 설치공사,국방부,서울
20240618224-00,150447000,18.829121427308916,0.08099005372417292,-0.24979776396349504,0,-0.07137236943644644,87.745,0.08696559462789692,1213,7.102499355774649,0.41031516257740747,2,기/수의,사이버수사과 사무실 이전 통신공사,경찰청,서울
20240618194-00,65131000,17.991911199665957,-0.3738119429224856,-0.37101460744565,0,-0.07137236943644644,87.745,0.08696559462789692,1136,7.037027614686276,0.29017513150532454,2,기/수의,과학수사과 사무실 이전 통신공사,경찰청,서울
20240617186-00,121000000,18.61130111182548,-0.03733759101922086,-0.2916360169291641,7332525,-0.07137236933458428,87.745,0.08696559462789692,1074,6.98100574072173,0.18737551800898783,2,기/A값/순,서울대학교 첨단융합학부(관악 19동) 공간조성 통신공사(3단계) (긴급공고),서울대학교,서울
20240612761-00,1089447000,20.808936065915617,1.1564948921727176,1.084332012745956,44334851,-0.07137236936804207,87.745,0.08696559462789692,971,6.880384082186005,0.0027357179662574212,2,기/A값/순,경부선 서울역 방송설비 전면 개량공사,한국철도공사,서울
20240606185-00,94758000,18.366836841633447,-0.17013916763770473,-0.32892061075281626,0,-0.07137236943644644,87.745,0.08696559462789692,1129,7.030857476116121,0.2788529850767309,2,기/수의,서울신림동우체국 건립공사(통신),과학기술정보통신부,서울
2401793-00,1375121000,21.041807564920383,1.282998868369524,1.490217198935195,78330646,-0.07137236934069717,86.745,-0.06905909036894549,1060,6.967909201801884,0.16334349187662595,2,기/A값/순/의무,2023년 서울권 그린리모델링 정보통신공사,한국토지주택공사,전국/서울
2024-11214,125356730,18.6466740787735,-0.018121753151868595,-0.28544598154888357,0,-0.07137236943644644,87.745,0.08696559462789692,1057,6.9650803456014065,0.1581525672704648,2,기/수의,(B045) 00기갑 0대대 통신케이블 공사(본공사),육군,서울
E012405092,294166400,19.49965615498706,0.4452480655111465,-0.045601458286374415,18405202,-0.07137236933127636,87.745,0.08696559462789692,831,6.725033642166843,-0.28233088299325915,2,기/A값/순,강북구 도봉로 배전계통 자가 광통신망 지중화공사,한국전력공사,서울
E012404983,213219600,19.17783318317822,0.2704225255061065,-0.16061054903115032,13437507,-0.07137236933051222,87.745,0.08696559462789692,440,6.091309882077698,-1.4452080413303316,2,기/A값/순/협정,154kV 노들-노량진 등 3개 T/L 과학화장비 설치공사(송전운영부),한국전력공사,서울
2024-11006,225189000,19.23245061200685,0.30009263089039223,-0.14360444365378494,15224718,-0.07137236932280237,87.745,0.08696559462789692,894,6.79794041297493,-0.14854764209202703,2,기/A값/순,[일반-24-36-16] 간부숙소 30실 통신공사,수도방위사령부,서울
20240602889-00,50675000,17.740943270035935,-0.5101465357419717,-0.391553670333948,2505695,-0.0713723693533315,87.745,0.08696559462789692,996,6.905753276311464,0.04928795133962137,2,기/A값/순,서울대학교 전공설계지원센터(62동) 이전 통신공사 (긴급공고),서울대학교,서울
2024-10492,156024940,18.865526430639783,0.1007665299975461,-0.24187263526626532,0,-0.07137236943644644,87.745,0.08696559462789692,1032,6.9411900550683745,0.11431410812386224,2,기/수의,현충원 네트워크 이전설치 공사,국방부근무지원단,서울
20240537848-00,77892000,18.170833822641896,-0.2766148907509995,-0.3528837979881534,3840169,-0.07137236935357552,87.745,0.08696559462789692,1057,6.9650803456014065,0.1581525672704648,2,기/A값/순,서울대학교 920동 LnL 교육지원시설 인터넷 및 전화공사,서울대학교,서울
2024-09448,121523520,18.61561839048641,-0.03499229363722464,-0.29089220050669023,8579016,-0.07137236931778167,87.745,0.08696559462789692,895,6.799055862058796,-0.1465008034809374,2,기/A값/순,24-D-00아파트 보수공사_통신(2015),국군재정관리단,서울
20240527397-00,31157000,17.25454952914882,-0.7743726968755835,-0.4192848151495125,625547,-0.07137236940269837,87.745,0.08696559462789692,926,6.833031732786201,-0.08415539923421275,2,기/A값/순,서울대학교 온실가스에너지센터(32-1동) 이전 통신공사 (긴급공고),서울대학교,서울
2024-08094,235957840,19.27916370720138,0.32546882466173493,-0.12830409210466906,13858100,-0.07137236933772444,87.745,0.08696559462789692,860,6.759255270663693,-0.21953451554368525,2,기/A값/순,24-D-위병소 신축 등 2건 통신공사(2010),국군재정관리단,서울
20240521823-00,52593000,17.778093608018057,-0.48996516751151425,-0.3888285788411592,0,-0.07137236943644644,87.745,0.08696559462789692,1027,6.9363427358340495,0.10541932277453024,2,기/수의,경부선 용산역 사각지대 감시용 영상감시설비 신설공사,한국철도공사,서울
2024-08235,19570000,16.78950839047088,-1.026999374632514,-0.43574760718650124,0,-0.07137236943644644,87.745,0.08696559462789692,614,6.423246963533519,-0.8361066089085006,2,기/수의,[일반-24-56] 00부대 케이블공사,수도방위사령부,서울
20240520380-00,127650000,18.664802709485688,-0.00827364431117143,-0.28218770700891077,0,-0.07137236943644644,87.745,0.08696559462789692,1132,7.033506484287697,0.2837138902360086,2,기/수의,경원선 광운대역 방송설비 개량공사,한국철도공사,서울
E012404089,183084000,19.025455627345313,0.18764568601138146,-0.20342716383307294,10977381,-0.0713723693356621,87.745,0.08696559462789692,1266,7.145196134997171,0.4886633521504918,2,기/A값/순/협정,345kV 신성남-신양재T/L 과학화장비 보강공사(강남전력지사),한국전력공사,서울/경기
20240505128-00,854563000,20.566100786298303,1.024578240441005,0.7506091815717039,59567201,-0.07137236931927878,87.745,0.08696559462789692,2817,7.9441374911141125,1.9547132502141915,2,기/A값/순,경부선 성환역 등 18개소 열차행선안내장치 개량공사,한국철도공사,서울/경기/충남
18091,35138700,17.374813673619915,-0.7090409901853237,-0.4136276218247798,0,-0.07137236943644644,88.0,0.12675188930209103,123,4.8283137373023015,-3.762794125873681,2,기/수의,24-B-방송장비 유지보수 용역(도서지역),제9196부대,서울/인천/경기
E012403771,186157400,19.04210311575213,0.19668918633732563,-0.19906048177158325,11387868,-0.07137236933361953,87.745,0.08696559462789692,831,6.725033642166843,-0.28233088299325915,2,기/A값/순,백련시장 배전계통 자가 광통신망 지중화공사,한국전력공사,서울
E012403527,307454400,19.543837344783988,0.4692488393555344,-0.0267218880276788,21567772,-0.07137236931853139,87.745,0.08696559462789692,818,6.709304340258298,-0.31119400452662466,2,기/A값/순,’24년 변압기공동이용 자고객 원격검침망 구축 공사,한국전력공사,서울
202404188,96677000,18.3868860934591,-0.15924770996016221,-0.3261940984615432,3961144,-0.07137236936757453,87.745,0.08696559462789692,852,6.74993119378857,-0.236644109192397,2,기/A값/순,[긴급]세종포천선(용인~구리) 고덕수문 배수펌프장 구내통신공사,한국도로공사,서울
E012403194,156045450,18.865657875342997,0.10083793537638246,-0.24184349468935337,10364533,-0.07137236932480041,87.745,0.08696559462789692,815,6.705639094860003,-0.31791969546928095,2,기/A값/순,24년 서울본부 송변전광단말장치 보강공사,한국전력공사,서울
20240412469-00,63560000,17.967494915365954,-0.3870757260007178,-0.3732466818644046,0,-0.07137236943644644,87.745,0.08696559462789692,1091,6.996681488176539,0.21614036762184388,2,기/수의,동대문서 리모델링 통신공사,경찰청,서울
20240407416-00,207754902,19.151869591902692,0.25631819094073455,-0.16837478366642677,15193378,-0.07137236931351931,87.745,0.08696559462789692,1017,6.926577033222725,0.08749935004031485,2,기/A값/순,본관 수술장 확충 및 리모델링 공사(2차) (통신),서울대학교병원,서울
E012403046,180540800,19.01146735451437,0.18004676497208397,-0.20704053853821403,9941163,-0.07137236934389003,87.745,0.08696559462789692,828,6.721425700790643,-0.28895142159261955,2,기/A값/순,지하전력구 PS-LTE 비상통신망 2차 구축공사,한국전력공사,서울
202403443,932032000,20.652877707897314,1.0717185116691677,0.8606770193479599,57968212,-0.07137236933190132,87.745,0.08696559462789692,2296,7.739794458408701,1.5797457010015477,2,기/A값/순,[긴급]세종포천선(용인~구리) 광케이블 설치공사,한국도로공사,서울/경기
20240333825-00,452204000,19.92964396562393,0.6788325444799975,0.17893812424791475,25977558,-0.07137236933988392,87.745,0.08696559462789692,1014,6.923628628138427,0.08208905435316516,2,기/A값/순/협정,00검색센터 통신설비공사,서울지방조달청/대통령경호처,서울
20240312799-00,183224000,19.026220011448594,0.18806092629978055,-0.20322825204527814,11350815,-0.0713723693323132,87.745,0.08696559462789692,1080,6.9865664594064265,0.19757938466133218,2,기/A값/순,개방형 양자연구소 증축공사(통신),한국과학기술연구원,서울
20240345994-00,84370000,18.250722457994364,-0.2332165785134975,-0.34367986540719087,4133869,-0.07137236935408701,87.745,0.08696559462789692,3247,8.0861025356691,2.2152177759906557,2,기/A값/순,13층 음압격리병실 설치공사(통신),국민건강보험공단,서울/인천/경기
E012402689,235722300,19.27816497946788,0.32492628068376583,-0.128638746979649,14607927,-0.07137236933227885,87.745,0.08696559462789692,835,6.729824070489475,-0.2735404919335071,2,기/A값/순,방학사거리 배전자가망 지중화공사,한국전력공사,서울
E012402541,295023300,19.502564897625508,0.4468281966610264,-0.04438397606522178,19558442,-0.07137236932501119,87.745,0.08696559462789692,2663,7.887959336599945,1.8516268633744954,2,기/A값/순,시흥장현C/T 외 3개소 지하전력구 재난안전통신망 시설공사,한국전력공사,서울/인천/경기
E012402445,77592273,18.166978418341166,-0.2787092817605174,-0.3533096496554418,904077,-0.07137236941686108,87.745,0.08696559462789692,822,6.714170529909472,-0.30226459213929346,2,기/A값/순,탄천-선릉 전력구 통신케이블 지장 이설공사(전자제어부),한국전력공사,서울
20240322225-01,66701660,18.015740413124515,-0.360867077341969,-0.3687830160983801,0,-0.07137236943644644,87.745,0.08696559462789692,1099,7.00397413672268,0.22952230933236825,2,기/정/수의,서울관악경찰서 청사 리모델링 통신공사 (정정공고),경찰청,서울
20240231778-00,1962797000,21.397636334259555,1.4762975518022285,2.325186368964485,114698265,-0.07137236933822051,86.745,-0.06905909036894549,2801,7.938445551164788,1.94426859377151,2,기/A값/순/의무,2024년 서울청 국도ITS 연간 유지보수공사 (긴급공고),서울지방조달청/국토교통부,전국/서울/인천/경기
E012401732,211493700,19.16970577350119,0.26600743115270237,-0.16306270513511503,13971380,-0.07137236932540464,87.745,0.08696559462789692,821,6.71295620067707,-0.3044928748959049,2,기/A값/순,사당로 배전자동화 자가 광케이블 이설공사(ICT운영부),한국전력공사,서울
20240237654-00,67698400,18.03057311869663,-0.35280943078303717,-0.3673668494171901,0,-0.07137236943644644,87.745,0.08696559462789692,1114,7.017506142941256,0.2543534138752122,2,기/수의/협정,국립고궁박물관 2층 상설전시실 개편공사(통신),문화재청,서울
20240230712-00,147304000,18.808009043317874,0.06952106531951648,-0.25426333359948844,0,-0.07137236943644644,87.745,0.08696559462789692,1185,7.079184394609668,0.36753242742722486,2,수의,범죄피해자 원스톱 솔루션 센터 리모델링 통신공사,법무부,서울
20240120690-00,787674000,20.484594857908192,0.9803013578296632,0.6555733917587981,55045984,-0.0713723693189773,87.745,0.08696559462789692,1029,6.93828448401696,0.10898241248546635,2,기/A값/순/협정,도서관 및 학생회관 개축 통신공사,서울지방조달청/서울과학기술대학교,서울
20240210785-00,176630000,18.98956771279318,0.16815011052164192,-0.2125969972504135,6955403,-0.0713723693702549,87.745,0.08696559462789692,1003,6.912742820493176,0.062113699383149625,2,기/A값/순,의원회관 주차안내설비 교체공사(2차),국회,서울
20240208694-00,13090000,16.387359214280274,-1.2454609297382353,-0.44495438136443227,0,-0.07137236943644644,87.745,0.08696559462789692,712,6.570882962339584,-0.5651959352488898,2,기/수의,수도전기공고 실습장 재구조화 따른 환경개선 통신공사,서울특별시교육청,서울
20240211074-00,41247000,17.53508896507167,-0.6219738233512495,-0.404948958443444,2251600,-0.07137236934468852,87.745,0.08696559462789692,927,6.834108738813838,-0.08217910327088196,2,기/A값/순,캠퍼스안전반(관악 101동) 사무실 조성 통신공사 (긴급공고),서울대학교,서울
20240134686-00,82706000,18.230802720843784,-0.24403767927126815,-0.34604407408498056,0,-0.07137236943644644,87.745,0.08696559462789692,1138,7.038783541388542,0.2933972405414308,2,수의,2023 동일여고 수덕관4층 고교학점제 학교공간조성 통신공사,서울특별시교육청,서울
20240121986-00,4950000,15.414898336565054,-1.7737358292109868,-0.456519681026216,0,-0.07137236943644644,87.745,0.08696559462789692,302,5.717027701406222,-2.1320123338097923,2,기/수의,수도전기공고 마이스터고 재도약에 따른 실습장 환경개선 통신공사,서울특별시교육청,서울
E012400482,734596694,20.41483219229262,0.9424038279551409,0.5801612358459981,24562530,-0.07137236938024223,87.745,0.08696559462789692,491,6.20050917404269,-1.2448283643638134,2,기/A값/순/협정,성동P/O 전력구 운영시스템 강화액 원격격발기능 보강공사,한국전력공사,서울
20240119037-00,1021251000,20.744294184309364,1.1213791520027845,0.9874392393141372,68212430,-0.07137236932417335,87.745,0.08696559462789692,982,6.891625897052253,0.02336434284908547,2,기/A값/순,서울대학교 치의학대학원 본관동 증축 통신공사 (긴급공고),서울대학교,서울
20240108595-00,74959000,18.132451868697842,-0.297465316023635,-0.3570509999424546,0,-0.07137236943644644,87.745,0.08696559462789692,854,6.752270376141742,-0.23235173150514418,2,기/수의,웹 스튜디오 조명 및 기반 시스템 공사 (긴급공고),한국방송통신대학교,서울
20240103196-00,737688000,20.4190315303027,0.9446850558337764,0.5845533587251468,50479389,-0.07137236932142307,87.745,0.08696559462789692,1007,6.9167150203536085,0.06940264888600027,2,기/A값/순/협정,국립한국문학관 건립 통신공사,서울지방조달청/문화체육관광부,서울
20240101641-00,154406700,18.855100594872255,0.09510284987608927,-0.2441718282054158,0,-0.07137236943644644,87.745,0.08696559462789692,1144,7.044032897274685,0.3030297593775876,2,기/수의/협정,경찰청 강당 보수 통신공사,경찰청,서울
20231245452-00,707872000,20.37777384576557,0.9222724327136173,0.5421908311187901,49710894,-0.0713723693184031,87.745,0.08696559462789692,1003,6.912742820493176,0.062113699383149625,2,기/A값/순,"서울대학교 음악대학(54,55동) 리모델링 및 보건대학원(221동) 증축 통신공사 (긴급공고)",서울대학교,서울
20231244916-00,175470588,18.982982002780837,0.1645725215672148,-0.21424428806263318,13466536,-0.0713723693074445,87.745,0.08696559462789692,1054,6.962243464266207,0.15294691661732768,2,기/A값/순,현대그룹빌딩 서관 교수실 조성 공사(통신),서울대학교병원,서울
20231243445-00,38772000,17.473208920386444,-0.6555892367160117,-0.4084654346919593,0,-0.07137236943644644,87.745,0.08696559462789692,950,6.858565034791365,-0.037302029440170456,2,수의,수도전기공고 관리실 및 기타 환경개선 통신공사,서울특별시교육청,서울
20231241878-00,62655000,17.95315406054194,-0.39486618196055895,-0.3745325044926496,2883709,-0.07137236935908217,87.745,0.08696559462789692,1004,6.913737350659685,0.0639386529145544,2,기/A값/순,[긴급] 등촌중학교 내진보강 및 기타 통신공사 (긴급공고),서울특별시강서교육청,서울
20241211533-00,43006890,17.5768709166322,-0.5992763999728684,-0.4024485093989997,2730083,-0.071372369329742,87.745,0.08696559462789692,971,6.880384082186005,0.0027357179662574212,3,기/A값/수의,고객안전실 근무환경 개선에 따른 전자공사(을지로입구역 등 9역),서울교통공사,서울
20241208445-00,450726000,19.926370176256455,0.6770541071272663,0.1768381840881953,30198513,-0.0713723693238259,87.745,0.08696559462789692,1073,6.980075940561763,0.18566934343271568,3,기/A값/순,천연동 복합센터 건립사업 신축공사(통신) (긴급공고),서울특별시,서울
20241210319-00,713620000,20.385861167144462,0.9266657496956591,0.5503575808062511,48854539,-0.07137236932137102,87.745,0.08696559462789692,973,6.882437470997847,0.006503667184605313,3,기/A값/순,2024년 관악구 주거·상업지역 지능형 CCTV 설치 공사 (긴급공고),서울특별시,서울
20241206508-00,512446000,20.05470589952323,0.7467705788755241,0.2645298665360199,33929965,-0.07137236932515034,87.745,0.08696559462789692,1066,6.97354301952014,0.17368149457021795,3,A값/순,노원구민의전당 사무동 리모델링 통신공사 (긴급공고),서울특별시,서울
20241207575-00,81980000,18.221985885238563,-0.24882729399999495,-0.34707557378454507,2999567,-0.07137236937494357,87.745,0.08696559462789692,1146,7.045776576879511,0.3062293951047144,3,기/A값/수의,신계초 급식실 증축 및 기타 통신공사,서울특별시교육청,서울
20241207521-00,47636700,17.679114051522937,-0.5437343385450759,-0.3958704823686406,3202312,-0.07137236932344951,87.745,0.08696559462789692,1012,6.921658184151129,0.07847330811021266,3,기/A값/수의,3호선 녹번역 등 2역 승강편의시설 설치 정보통신공사(62공구),서울교통공사,서울
20241135632-00,4349644900,22.193360046760912,1.9085626165083478,5.716416247416478,320428749,-0.07137236931261745,86.745,-0.06905909036894549,363,5.8998973535824915,-1.7964482365461591,3,기/A값/실적/순/의무,2~4호선 종합정보플랫폼 표출장치 설치 정보통신공사,서울교통공사,전국/서울/경기
20241203726-00,288233000,19.479279742260843,0.4341788825432425,-0.05403162401281516,20080667,-0.07137236931934045,87.745,0.08696559462789692,1067,6.974478911025045,0.175398846707342,3,기/A값/순,[긴급]문백초 그린스마트 미래학교 리모델링 통신공사 (긴급공고),서울특별시교육청,서울
20241134279-00,97230000,18.39258987407073,-0.15614921602763263,-0.32540839689975365,5457348,-0.07137236934209988,87.745,0.08696559462789692,1010,6.919683849847411,0.07485042317310422,3,기/A값/순/협정,빈집활용사업(초행지붕-수유2) 정보통신공사,서울주택도시공사,서울
20241139999-00,216260000,19.191991950105727,0.2781140649260378,-0.15629075331964085,13960394,-0.07137236932793734,87.745,0.08696559462789692,1120,7.022868086082641,0.26419252926918424,3,기/A값/순,청년창업공간 조성공사(통신),서울특별시,서울
20241140821-00,232430000,19.26409966669298,0.3172855088414368,-0.13331644182934071,14237281,-0.07137236933348383,87.745,0.08696559462789692,1096,7.001245622069476,0.22451551052471036,3,기/A값/순,홍은중 방송장비 및 선로개선 통신공사 (긴급공고),서울특별시교육청,서울
20241134655-00,533335000,20.09466030439415,0.7684752147126681,0.29420892607348925,33337868,-0.07137236933137554,87.745,0.08696559462789692,1064,6.97166860472579,0.17024196099601047,3,기/A값/순,신청사 자가 정보통신망 및 구내통신망 공사,서울특별시,서울
20241130459-00,274865000,19.43179062964277,0.40838112885539724,-0.07302485815025066,20446951,-0.07137236931140505,87.745,0.08696559462789692,1115,7.018401799069201,0.25599693447283833,3,기/A값/순,명동주민센터 신축 통신공사,서울특별시,서울
20241123763-02,100000000,18.420680753952364,-0.14088926358570258,-0.321472785098385,0,-0.07137236943644644,88.0,0.12675188930209103,111,4.727387818712341,-3.947992240263368,3,낙찰정정/기/정/수의,2025년 중랑물재생센터 슬러지 계면측정기 유지관리용역 (정정공고),서울특별시,서울
20241129821-00,377773000,19.7498040467406,0.5811371849581912,0.07318667226680597,23829035,-0.07137236933041852,87.745,0.08696559462789692,1079,6.985641817639208,0.19588267568739146,3,기/A값/순,어린이박물관 조성 통신공사(장기계속공사) (긴급공고),서울특별시/서울특별시,서울
20241125152-00,193000000,19.078200752050506,0.2162986900445922,-0.18933852606326365,10535316,-0.07137236934469035,87.745,0.08696559462789692,260,5.568344503761097,-2.40484460752115,3,기/A값/순,2025년 교통신호제어용 차량검지기 설치공사(연간단가),서울특별시,서울
20241123613-00,261212500,19.38084481409879,0.380705572746358,-0.0924223094564549,13171831,-0.07137236935168528,87.745,0.08696559462789692,1082,6.988413181999592,0.20096810330599033,3,기/A값/순,2025년 본관 청사 통신공사(연간단가),서울특별시,서울
20241124651-00,627167000,20.256723412414818,0.8565135862911817,0.42752528944750545,38444447,-0.071372369333409,87.745,0.08696559462789692,1058,6.966024187106113,0.15988450758269018,3,기/A값/순,길음2동 주민센터 공용청사 신축 정보통신공사,서울특별시,서울
20241124100-00,76744000,18.155985778510257,-0.2846808697541217,-0.35451487464807085,4636013,-0.07137236933490464,87.745,0.08696559462789692,1140,7.040536390215956,0.2966137017060419,3,기/A값/수의,서울답십리초 외 1교(청량고) 석면해체제거 통신공사,서울특별시교육청,서울
20241125257-00,62568000,17.951764539246195,-0.3956210187253551,-0.3746561139607792,151177,-0.07137236943238502,87.745,0.08696559462789692,1063,6.970730078143525,0.16851977351663602,3,기/A값/수의,천호역 공영주차장 전력감시시스템 구축공사,서울시설공단,서울
20241124232-00,54096900,17.806287459366374,-0.47464927735275037,-0.3866918400006977,643643,-0.07137236941644702,87.745,0.08696559462789692,1091,6.996681488176539,0.21614036762184388,3,기/A값/수의,2024년도 통신케이블 증설 및 개량 정보통신공사,서울교통공사,서울
20241119568-00,73728000,18.115893217161013,-0.3064605570420451,-0.35880000287656466,2163084,-0.0713723693871307,87.745,0.08696559462789692,1048,6.956545443151569,0.14249110129330927,3,기/A값/순,[긴급] 서울영풍초 석면해체제거 통신공사 (긴급공고),서울특별시교육청,서울
20241119555-00,94104000,18.359911122248956,-0.17390146162346817,-0.32984981296151483,2777668,-0.07137236938683099,87.745,0.08696559462789692,1060,6.967909201801884,0.16334349187662595,3,기/A값/순,[긴급] 서울마천초 석면해체제거 통신공사 (긴급공고),서울특별시교육청,서울
20241114507-00,124547500,18.64019773523994,-0.02163993039431012,-0.2865957343062921,7807981,-0.07137236933106882,87.745,0.08696559462789692,1116,7.0192966537150445,0.25763898435832305,3,기/A값/순,풍납동 토성 안내센터 대수선 정보통신공사,서울특별시,서울
20241112762-00,163452300,18.912031768735005,0.12602986281657041,-0.23131985343629652,0,-0.07137236943644644,87.745,0.08696559462789692,275,5.6240175061873385,-2.302685170026785,3,기,2025년 한강공원 CCTV 유지관리 용역(하류),서울특별시/서울특별시,서울
20241112707-00,163452300,18.912031768735005,0.12602986281657041,-0.23131985343629652,0,-0.07137236943644644,87.745,0.08696559462789692,270,5.605802066295998,-2.336110331449993,3,기,2025년 한강공원 CCTV 유지관리 용역(상류),서울특별시/서울특별시,서울
20241117148-00,92840000,18.34638815014173,-0.18124761496929886,-0.3316457022456051,5032530,-0.07137236934533017,87.745,0.08696559462789692,1177,7.072421900537371,0.355123314205783,3,기/A값/수의,노량진1동 임시청사 공간개선 공사(통신) (긴급공고),서울특별시,서울
20241117147-00,74180000,18.122005143506442,-0.30314034401373025,-0.3581578019616843,2889873,-0.07137236937096222,87.745,0.08696559462789692,1162,7.059617628291383,0.3316275946798262,3,기/A값/수의,장미문화센터 증축 및 리모델링공사(통신),서울특별시,서울
20241109444-00,60214000,17.913415457988567,-0.41645358640030755,-0.37800067359270045,3042521,-0.07137236935151259,87.745,0.08696559462789692,1122,7.024649030453636,0.267460545492858,3,기/A값/수의,제기동 고대앞마을 주민사랑방 신축 통신공사,서울특별시,서울
20241107876-00,415635000,19.845318031641284,0.633023735798365,0.12698094447742708,27059528,-0.07137236932701231,87.745,0.08696559462789692,1090,6.9957661563048505,0.21446074221891662,3,A값/순,아동청소년 이색 레포츠 복합 체험시설 신축 통신공사 (긴급공고),서울특별시,서울
20241108701-00,288184000,19.479109726456493,0.43408652398773634,-0.05410124313854334,15499761,-0.07137236934603991,87.745,0.08696559462789692,1093,6.9985096422506015,0.21949501320803613,3,기/A값/순,위례터널외 3개소 노후 방재설비 개량 통신공사 (긴급공고),서울특별시/서울특별시,서울
20241104564-00,214956000,19.185943918637353,0.27482856183878746,-0.15814347454310104,10247141,-0.07137236935631594,87.745,0.08696559462789692,1071,6.9782137426306985,0.18225222768810043,3,기/A값/순,교통관리시스템 노후 무인통신중계소 통합교체 공사,서울시설공단,서울
20241101992-00,80500000,18.203767754811153,-0.2587240222290354,-0.349178355541233,5137164,-0.07137236932917794,87.745,0.08696559462789692,1014,6.923628628138427,0.08208905435316516,3,기/A값/순,2025년 행정정보통신망 설치공사(연간단가),서울특별시,서울
20241101609-00,702678582,20.370410137542272,0.9182722078094038,0.5348120306963206,52797917,-0.07137236931014604,87.745,0.08696559462789692,1056,6.964135612418245,0.15641899073663346,3,기/A값/순,시립반다비체육센터 건립 통신공사,서울특별시/서울특별시,서울
20241105994-00,27900000,17.14413728263389,-0.8343525066189612,-0.42391235581271025,1470709,-0.07137236934783961,87.745,0.08696559462789692,921,6.827629234502852,-0.09406893293346678,3,기/A값/수의,서울전동초 체육관 전면보수 통신공사,서울특별시교육청,서울
20241104225-00,215970000,19.190650071743867,0.27738510947604417,-0.15670278488007294,12148651,-0.07137236934189256,87.745,0.08696559462789692,1101,7.005789019253503,0.23285260176114234,3,기/A값/순,중화2동 공원지하 공영주차장 확충공사(통신) (긴급공고),서울특별시,서울
20241100743-00,380800200,19.75778538871748,0.5854729302072957,0.07748771343832338,9015848,-0.0713723693966491,87.745,0.08696559462789692,1039,6.947937068614969,0.12669481472577693,3,기/A값/순,2024년 IoT사업 기타망 구축 공사 (재공고),서울특별시교육청,서울
20241033630-00,120089000,18.603743700841335,-0.041443042065543036,-0.29293036434831454,7406854,-0.07137236933277116,87.745,0.08696559462789692,1219,7.107425474110705,0.41935454353964086,3,기/A값/수의,모래내공원 지하공영주차장 건설공사(통신),서울특별시,서울
20241031649-00,48399120,17.69499221036492,-0.5351087650559213,-0.39478723718827974,2918798,-0.07137236933507601,87.745,0.08696559462789692,998,6.907755278982137,0.05296160747068947,3,기/A값/수의,5호선 까치산역 승강편의시설(E/L) 설치공사(64공구-2단계 정보통신),서울교통공사,서울
20241027993-00,22319700,16.92098029933031,-0.955579216734351,-0.4318408375943628,1392650,-0.07137236933156509,87.745,0.08696559462789692,852,6.74993119378857,-0.236644109192397,3,기/A값/수의,서울(1)역 고객안전실 환경개선에 따른 정보통신공사,서울교통공사,서울
20241024279-00,131230000,18.692462074492678,0.0067518940969933895,-0.2771012484353007,2565235,-0.07137236940358861,87.745,0.08696559462789692,1191,7.084226422097916,0.3767845005970332,3,기/A값/수의,2024년 홈 오토시스템 교체 공사(성수아이파크),서울특별시,서울
20241025235-00,18119600,16.712504838469115,-1.0688304082760993,-0.4378083333080554,873161,-0.07137236935544544,87.745,0.08696559462789692,781,6.663132695990803,-0.39591853887891504,3,기/A값/수의,4호선 사당역 보안관실 신규조성 정보통신공사,서울교통공사,서울
20241020109-00,495000000,20.020068322553165,0.7279542306694834,0.23974261617981854,0,-0.07137236943644644,87.745,0.08696559462789692,248,5.521460917862246,-2.490875548092225,3,기,이문빌딩 신축공사(통신) (긴급공고) (재공고),학교법인동원육영회,서울/인천/경기
20241021002-00,1966989200,21.399769886251836,1.4774565721701118,2.3311426403701523,116573147,-0.07137236933682765,86.745,-0.06905909036894549,1100,7.004881989712859,0.2311882110578446,3,기/A값/순/의무,은평병원 현대화사업(리모델링) 통신공사(장기계속),서울특별시/서울특별시,전국/서울
20241025118-00,156800000,18.870481672258133,0.10345839126187566,-0.24077143119306357,8242623,-0.07137236934808473,87.745,0.08696559462789692,1243,7.126890808898808,0.4550732503801184,3,기/A값/수의,가락시장 채소2동 질서관리용 CCTV설치 공사,서울특별시농수산식품공사,서울
20241024327-00,46045900,17.645149304760253,-0.5621851817541424,-0.39813068859738326,3017346,-0.07137236932629788,87.745,0.08696559462789692,1014,6.923628628138427,0.08208905435316516,3,기/A값/수의,5호선 행당역 외 2역 외부출입구 캐노피 설치 정보통신공사,서울교통공사,서울
20241015675-00,545739000,20.117651399274607,0.7809647848486695,0.3118325104721091,29569107,-0.07137236934537171,87.745,0.08696559462789692,1061,6.968850378341948,0.16507054200371704,3,기/A값/순,남산 및 낙산공원 CCTV 개선사업,서울특별시/서울특별시,서울
20241005515-00,1133913000,20.848940320614055,1.1782266081867867,1.1475092381465548,73207076,-0.07137236932792439,86.745,-0.06905909036894549,1177,7.072421900537371,0.355123314205783,3,기/A값/순/의무,2024년 임대아파트 CCTV 교체공사,서울주택도시공사,전국/서울
20241013949-00,404470000,19.818088128548197,0.618231496183595,0.11111772940079129,14118635,-0.07137236937777171,87.745,0.08696559462789692,1070,6.977281341630747,0.18054128059484112,3,기/A값/순,개봉지하차도 등 2개소 자동사고감지설비 구축 공사,서울특별시/서울특별시,서울
20241017702-00,26524960,17.093596772152214,-0.8618078867847296,-0.42586601056049145,290542,-0.07137236941803453,87.745,0.08696559462789692,902,6.806829360392176,-0.13223650691899774,3,기/A값/수의/협정,CCTV망 노후설비 정비 공사,서울특별시,서울
20241014787-00,493240000,20.016506430994013,0.7260192860887158,0.23724201084754099,32911772,-0.07137236932428653,87.745,0.08696559462789692,1075,6.981934677156389,0.18908010765741726,3,기/A값/순,상도로2단계 지중화와 신청사 이전에 따른 자가정보통신망 공사,서울특별시,서울
20241010548-00,36789190,17.420714637168075,-0.6841059748445752,-0.4112826081345123,2259347,-0.07137236933321608,87.745,0.08696559462789692,984,6.893656354602635,0.027090213417643817,3,기/A값/수의,6호선 구산역 승강편의시설 설치(51공구)관련 전자공사,서울교통공사,서울
20241008388-00,43300800,17.58368169164688,-0.5955765478053799,-0.40203092251649414,2897865,-0.07137236932395308,87.745,0.08696559462789692,1026,6.93537044601511,0.10363518007240184,3,기/A값/수의,2호선 신설동역 승강편의시설 설치 정보통신공사(59공구),서울교통공사,서울
20241006617-00,380800200,19.75778538871748,0.5854729302072957,0.07748771343832338,9015848,-0.0713723693966491,87.745,0.08696559462789692,1073,6.980075940561763,0.18566934343271568,3,기/A값/순,2024년 IoT사업 기타망 구축 공사,서울특별시교육청,서울
20241006615-00,59139000,17.89540118012554,-0.42623957475751945,-0.37952803196326773,3564360,-0.07137236933513647,87.745,0.08696559462789692,1148,7.047517221357296,0.3094234614021762,3,기/A값/수의,보훈회관 이전 예정지 (구 방화2동 주민센터) 리모델링 공사(통신),서울특별시,서울
20241003548-03,37153000,17.430555106484576,-0.678760286336105,-0.4107657074379578,1937105,-0.07137236934880611,87.745,0.08696559462789692,982,6.891625897052253,0.02336434284908547,3,기/정/A값/수의,청소년커뮤니티카페 및 아동보호전문기관 리모델링 공사(통신) (정정공고),서울특별시,서울
20241004720-00,14927000,16.518682278608072,-1.1741216294167498,-0.44234437454886755,590742,-0.07137236936992372,87.745,0.08696559462789692,712,6.570882962339584,-0.5651959352488898,3,기/A값/수의,서울국제금융오피스 16층 신규 공간 조성 공사(통신),(재)서울경제진흥원,서울
20241002387-00,18080800,16.710361215044298,-1.0699948997998239,-0.4378634602892443,890093,-0.0713723693536975,87.745,0.08696559462789692,769,6.647688373563329,-0.42425872573631745,3,기/A값/수의,2024년 하반기 기술분야 근무환경 개선 정보통신공사,서울교통공사,서울
20241003259-00,81594460,18.21727193772843,-0.25138807583101963,-0.3476233484321623,5069775,-0.07137236933200504,87.745,0.08696559462789692,1143,7.0431599159883405,0.30142784690171115,3,기/A값/수의,5호선 상일동역 승강편의시설 설치(58공구)관련 전자공사,서울교통공사,서울
20241003269-00,182710000,19.023410759861,0.1865348421826324,-0.20395854246618192,11373469,-0.07137236933181183,87.745,0.08696559462789692,1085,6.99117688712121,0.20603947629326236,3,기/A값/순,중랑구 제2교육지원센터 신축공사(통신) (긴급공고),서울특별시,서울
20240921641-00,209890000,19.1620941466862,0.2618725281631247,-0.16534123966430453,13735079,-0.07137236932644861,87.745,0.08696559462789692,1114,7.017506142941256,0.2543534138752122,3,기/A값/순,보라매공원 CCTV 교체 및 신규설치공사 (긴급공고),서울특별시/서울특별시,서울
20240925700-00,293634000,19.497844655220206,0.44426399522188315,-0.04635789139938838,15039108,-0.0713723693503549,87.745,0.08696559462789692,1109,7.01301578963963,0.24611365766567764,3,기/A값/순,등촌지하차도 등 5개소 진입차단시설 통신공사,서울특별시/서울특별시,서울
20240926989-00,152281800,18.841243316306453,0.08757508952184871,-0.24719088290459568,7024068,-0.07137236935891365,87.745,0.08696559462789692,1117,7.020190708311925,0.2592795661614613,3,기/A값/순,봉제산 디지털 둘레길 자가통신망 구축 공사,서울특별시,서울
20240926387-00,41443250,17.5398356036106,-0.6193952826053436,-0.4046701267409102,2519800,-0.07137236933424501,87.745,0.08696559462789692,980,6.889591308354466,0.019630891663769284,3,기/A값/수의,2호선 신설동역 승강편의시설 설치(59공구)관련 전자공사,서울교통공사,서울
20240918011-00,90179000,18.31730715305154,-0.1970454338496658,-0.33542644701219065,4580339,-0.07137236935107023,87.745,0.08696559462789692,1157,7.055312843339752,0.3237283546527507,3,기/A값/수의,송파지하차도 외1개소 진입차단시설 설치 통신공사,서울특별시,서울
20240919810-00,75962640,18.14575221160306,-0.29024010267858485,-0.35562502975172333,790836,-0.07137236941894672,87.745,0.08696559462789692,1127,7.029087564149662,0.27560521321194664,3,기/A값/수의,군자차량사업소 장력감지시스템 구현을 위한 통신설비 공사,서울교통공사,서울
20240901570-00,144425000,18.788270906555613,0.058798616270089414,-0.2583538124356402,0,-0.07137236943644644,87.745,0.08696559462789692,143,4.976733742420574,-3.490444807981557,3,,교육용 무선 네트워크 구축,서울특별시교육청,서울/경기
20240918921-00,98450000,18.40505937320685,-0.1493753461953713,-0.32367502274897036,6440825,-0.07137236932647739,87.745,0.08696559462789692,1065,6.9726062513017535,0.17196253367207354,3,기/A값/순,송파구민회관 리모델링 공사(통신) (긴급공고),서울특별시,서울
20240915080-00,487975000,20.005774735046234,0.7201894519762062,0.229761506827972,37097459,-0.07137236930865809,87.745,0.08696559462789692,1065,6.9726062513017535,0.17196253367207354,3,기/A값/순,성북구 구립노인종합복지관 신축 정보통신공사 (긴급공고),서울특별시,서울
20240913196-00,687028000,20.347885607725747,0.9060360922008738,0.5125757075131119,41629074,-0.07137236933459505,87.745,0.08696559462789692,1066,6.97354301952014,0.17368149457021795,3,기/A값/순,2024년 영등포구 다목적 CCTV 정보통신공사,서울특별시,서울
20240913455-00,37842610,17.44894630082457,-0.6687695437121232,-0.4097859105952351,2265771,-0.07137236933580436,87.745,0.08696559462789692,964,6.873163834212518,-0.010513369372233452,3,기/A값/수의,6호선 대흥역 승강편의시설 설치(60공구)관련 전자공사,서울교통공사,서울
20240913293-00,26086210,17.07691741850957,-0.8708686974258119,-0.42648938589545554,187262,-0.07137236942437988,87.745,0.08696559462789692,865,6.7650389767805414,-0.20892146904394285,3,기/A값/수의,1호선 비상제동 긴급조치용 전자파 차폐판 철거 정보통신공사,서울교통공사,서울
20240911088-00,144600000,18.78948187460457,0.059456456640829596,-0.2581051727008967,9804028,-0.07137236932247897,87.745,0.08696559462789692,1219,7.107425474110705,0.41935454353964086,3,기/A값/수의,스마트빌리지 자가통신망 공사,서울특별시,서울
20240910362-00,66167000,18.007692422307368,-0.36523902858166807,-0.36954266021596843,3246648,-0.07137236935396837,87.745,0.08696559462789692,1037,6.946013991099227,0.12316598551405016,3,기/A값/순,우면종합사회복지관 증축공사(통신) (긴급공고),서울특별시,서울
20240827423-00,2668100000,21.70463244593155,1.6430686206940535,3.3272798023004873,161571763,-0.07137236933465577,86.745,-0.06905909036894549,1131,7.0326242610280065,0.2820950188256902,3,기/A값/순/의무,서울시 노동자복지관 복합화사업 정보통신공사,서울주택도시공사,전국/서울
20240829642-00,170407790,18.953704893145265,0.14866816746515304,-0.2214375037870901,6246674,-0.07137236937482894,87.745,0.08696559462789692,1088,6.993932975223189,0.2110968721209112,3,기/A값/순,교통정보용 노후 CCTV 카메라 교체 및 통신 복구공사,서울특별시,서울
20240831584-00,42228650,17.558609482284343,-0.609196652412234,-0.4035542316113813,2685079,-0.0713723693295669,87.745,0.08696559462789692,1068,6.975413927455952,0.17711459309188363,3,기/A값/수의,본사 5층 사무실 개보수 정보통신공사,서울교통공사,서울
20240821045-00,2339756400,21.573312658760265,1.5717311006390722,2.860769713107753,136460282,-0.07137236933841164,86.745,-0.06905909036894549,1190,7.083387847625295,0.3752457243017626,3,기/A값/순/의무,2024년 본선 통신케이블 개량 정보통신공사,서울교통공사,전국/서울
20240831127-00,37667040,17.44429602601222,-0.6712957362976655,-0.41003536018511466,2313123,-0.07137236933322215,87.745,0.08696559462789692,1006,6.915723448631314,0.06758312407199163,3,기/A값/수의,7호선 청담역 승강편의시설 설치(49공구)관련 전자공사,서울교통공사,서울
20240828856-00,73111000,18.10748940587321,-0.31102580245704065,-0.35967663554134605,3842514,-0.07137236934810237,87.745,0.08696559462789692,1164,7.061334366910438,0.33477779395064605,3,기/A값/수의,노원자원회수시설 근로환경개선 통신공사,서울특별시,서울
20240825683-00,702571000,20.37025702310419,0.9181890306695941,0.5346591783537882,48348858,-0.07137236932077112,87.745,0.08696559462789692,1050,6.9584483932976555,0.14598299697042094,3,기/A값/순,서울시립 김병주도서관 건립 통신공사(장기),서울특별시,서울
20240826158-00,788380000,20.485490766355905,0.9807880467608051,0.6565764754886777,43048634,-0.07137236934466214,87.745,0.08696559462789692,1016,6.925595197110468,0.08569768997944913,3,기/A값/순/협정,독산동 산업문화 어울림센터 정보통신공사 (긴급공고),서울주택도시공사,서울
20240822942-00,123290000,18.630049869955695,-0.027152607187533213,-0.2883823884002347,4773599,-0.07137236937136415,87.745,0.08696559462789692,1047,6.955592608396297,0.14074265845061157,3,기/A값/순,상암공동구 자동제어설비 개량 공사,서울시설공단,서울
20240819075-00,394240000,19.792470421405902,0.6043150580260883,0.09658296090692794,27943011,-0.07137236931730656,87.745,0.08696559462789692,1093,6.9985096422506015,0.21949501320803613,3,기/A값/순,동작구 보건소 신청사 리모델링 통신공사,서울특별시,서울
20240820782-00,59010000,17.89321749597963,-0.4274258286717852,-0.3797113149677358,769970,-0.07137236941451369,87.745,0.08696559462789692,1079,6.985641817639208,0.19588267568739146,3,기/A값/수의,WiFi용 무선AP 설치 및 네트워크 공사,서울특별시,서울
20240813627-00,187669000,19.05019033607963,0.20108244842470305,-0.19691280278279302,11136105,-0.07137236933670274,87.745,0.08696559462789692,1102,7.00669522683704,0.23451548418085688,3,기/A값/순,2024년 강동 유무선통신망 구축 통신공사,서울특별시,서울
20240815322-00,224070000,19.22746906546425,0.297386479867438,-0.14519431715765915,14371964,-0.07137236932863197,87.745,0.08696559462789692,1098,7.003065458786462,0.22785489383864532,3,기/A값/순,효창종합사회복지관 안전환경 조성사업(통신) (긴급공고),서울특별시,서울
20240813430-00,155857000,18.864449484567466,0.1001814950710744,-0.24211124416371002,10171778,-0.07137236932674426,87.745,0.08696559462789692,1095,7.00033446027523,0.2228435371747938,3,기/A값/순,강남종합사회복지관 리모델링공사(통신),서울특별시,서울
20240813087-00,114985200,18.560313991090126,-0.06503558555876233,-0.3001818356522226,6863466,-0.07137236933611289,87.745,0.08696559462789692,1207,7.097548850614793,0.4012310320221372,3,기/A값/수의,영등포 청년쿡 비즈니스센터 조성공사(정보통신),서울특별시,서울
20240812891-00,20575640,16.83961845835561,-0.9997778260016073,-0.43431879539880147,292366,-0.07137236941256182,87.745,0.08696559462789692,2183,7.68937110752969,1.487219324878663,3,기/A값/수의,8호선 모란역 승강장모니터 추가 설치공사,서울교통공사,서울/경기
20240810031-00,47724000,17.680944994931647,-0.5427397057867394,-0.3957464466609657,3243300,-0.07137236932221255,87.745,0.08696559462789692,1017,6.926577033222725,0.08749935004031485,3,기/A값/수의,4호선 노원역 등 2역 승강편의시설 설치 정보통신공사(63공구),서울교통공사,서울
20240807944-00,1075910000,20.796432652994493,1.1497025991814644,1.0650986636646824,70700076,-0.07137236932599061,87.745,0.08696559462789692,1177,7.072421900537371,0.355123314205783,3,기/A값/순/의무,(가칭)서울산빛초 신축 통신공사(장기계속) (긴급공고),서울특별시교육청,전국/서울
20240809717-00,159940000,18.89030930912036,0.1142294599086528,-0.23631012395252293,11179985,-0.0713723693189489,87.745,0.08696559462789692,1180,7.074963197966044,0.3597865711616663,3,기/A값/수의,청년취업사관학교 강남캠퍼스 조성공사(통신),(재)서울경제진흥원,서울
20240801927-00,242632000,19.30705645426641,0.34062114439969327,-0.11882145569303632,12729727,-0.07137236934825718,87.745,0.08696559462789692,998,6.907755278982137,0.05296160747068947,3,기/A값/순,2024년 정화조 악취저감시설 모니터링 시스템 확대설치,서울특별시,서울
20240807122-00,25171500,17.04122299981893,-0.8902591591684359,-0.4277890044769826,1803154,-0.07137236931603483,87.745,0.08696559462789692,871,6.771935555839602,-0.19626631112889312,3,기/A값/수의,2024년 외부 엘리베이터 캐노피 개선 정보통신공사(2차),서울교통공사,서울
20240802610-00,51000000,17.747336210296442,-0.5066736660863925,-0.3910919108265672,2756226,-0.0713723693456039,87.745,0.08696559462789692,1028,6.937314081223682,0.10720173245773434,3,기/A값/수의,수상교통 활성화를 위한 선착장 조성 및 접근성 개선 통신공사,서울특별시,서울
20240801414-00,267850000,19.405937684024675,0.3943369008967761,-0.08299175951725471,10001266,-0.07137236937368281,87.745,0.08696559462789692,226,5.429345628954441,-2.6599062396185116,3,기/A값/순/협정,서원동 지능형 CCTV 설치 공사,서울특별시,서울
20240738271-00,24154940,16.999999513409186,-0.9126532046648366,-0.4292333313841304,1151677,-0.07137236935630274,87.745,0.08696559462789692,885,6.787844982309579,-0.16707266271404228,3,기/A값/수의,8호선 송파역 연결통로 행선안내게시기 설치공사,서울교통공사,서울
20240738151-00,34196380,17.34763037772019,-0.7238079111359171,-0.41496646865245695,2165301,-0.07137236933001184,87.745,0.08696559462789692,955,6.863803391452954,-0.027689694077948405,3,기/A값/수의,신용산역 개집표기 증설공사,서울교통공사,서울
20240737235-00,349751000,19.672732033550087,0.5392689607926695,0.03337305714119124,21682033,-0.07137236933224211,87.745,0.08696559462789692,566,6.342121418721152,-0.9849712230531281,3,기/A값/순,2024년 방범 및 주정차단속 CCTV 설치(2차) 공사 (긴급공고),서울특별시,서울
20240736715-00,227480000,19.242572884798864,0.3055914049430825,-0.14034939432637136,14587581,-0.07137236932865489,87.745,0.08696559462789692,1033,6.942156705699469,0.1160879029691654,3,기/A값/순,(긴급)(장기계속)역촌유 전면개축 통신공사 (긴급공고),서울특별시교육청,서울
20240729406-00,304391000,19.533823620439907,0.46380903263174544,-0.03107436210432601,8136735,-0.07137236939151369,87.745,0.08696559462789692,1043,6.951772164398911,0.13373217953367647,3,기/A값/순,서울 미래형 ITS 고도화 구축 정보통신공사 (긴급공고),서울특별시,서울
20240725410-00,44279530,17.60603307405937,-0.583434491947281,-0.4006403444160055,2874137,-0.07137236932734031,87.745,0.08696559462789692,1032,6.9411900550683745,0.11431410812386224,3,기/A값/수의,8호선 복정역 승강편의시설 설치 정보통신공사(54공구),서울교통공사,서울
20240722255-00,92136000,18.3387763151844,-0.18538263102910646,-0.33264594437851613,5356901,-0.0713723693387162,87.745,0.08696559462789692,1172,7.068172000388042,0.34732478727636373,3,기/A값/수의,갈월종합사회복지관 리모델링 공사(통신) (긴급공고),서울특별시,서울
20240719170-00,298328000,19.513704113668265,0.4528794100003418,-0.03968866331432537,25291593,-0.07137236929394251,87.745,0.08696559462789692,1076,6.982862751468942,0.19078311531986628,3,기/A값/순,2024년 방범용 CCTV 확대 구축 정보통신공사,서울특별시,서울
20240716303-00,149241000,18.82107301361181,0.07661787276122875,-0.25151124693549887,9525437,-0.07137236932916083,87.745,0.08696559462789692,1082,6.988413181999592,0.20096810330599033,3,기/A값/순,노원구 새활용센터 신축 통신공사 (긴급공고),서울특별시,서울
20240716103-00,109444000,18.510923570015287,-0.091866196770115,-0.30805476421314104,3895622,-0.071372369376615,87.745,0.08696559462789692,1019,6.928537818164665,0.09109737202559264,3,기/A값/순,2024년 소규모주택 CCTV 설치공사 (긴급공고),서울주택도시공사,서울
20240713583-00,64004130,17.974458186115886,-0.383293032794525,-0.37261566263359525,3326252,-0.07137236934909062,87.745,0.08696559462789692,1125,7.027314514039777,0.2723516828833971,3,기/A값/수의,본사 1층(로비) 노후시설 정비사업 정보통신공사,서울교통공사,서울
20240712044-00,55372900,17.82960088041928,-0.46198460832048355,-0.38487890113479645,2147429,-0.07137236937125865,87.745,0.08696559462789692,1075,6.981934677156389,0.18908010765741726,3,기/A값/수의,우이천 수변활력거점 조성 통신공사,서울특별시,서울
20240710909-00,28107690,17.151553797922286,-0.8303235950625173,-0.42361727017551665,2012859,-0.0713723693160724,87.745,0.08696559462789692,2330,7.754481547470383,1.6066963717321032,3,기/A값/수의,외부 엘리베이터 캐노피 개선 정보통신공사(2차),서울교통공사,서울/경기
20240708433-00,111811000,18.532320512771072,-0.08024262605136877,-0.3046917342009246,9376318,-0.07137236929548754,87.745,0.08696559462789692,1202,7.093404625868766,0.393626418467027,3,기/A값/수의,와이파이용 자가통신망 고도화(2차) 통신공사,서울특별시,서울
20240705237-00,142012000,18.771422126078928,0.04964576702285622,-0.2617821991781321,2997349,-0.07137236940096861,87.745,0.08696559462789692,1077,6.983789965258135,0.19248454393001563,3,기/A값/순,(긴급)상암중 방송선로 및 장비개선 통신공사 (긴급공고),서울특별시교육청,서울
20240637857-00,95883000,18.37863926658173,-0.16372767593046267,-0.32732221245803655,5710403,-0.0713723693363382,87.745,0.08696559462789692,1155,7.053585727193677,0.32055911271714294,3,기/A값/수의,서울문화예술교육센터 서초 인테리어공사 (통신),재단법인서울문화재단,서울
20240639434-00,710451000,20.381410539013515,0.9242480121986089,0.5458550704096672,43319222,-0.07137236933395415,87.745,0.08696559462789692,930,6.837332814685591,-0.07626295427328152,3,기/A값/순,2024년 공원·등산로 방범 CCTV 정보통신공사 (긴급공고),서울특별시,서울
20240635836-00,248714000,19.331814203932094,0.3540704234560807,-0.11018015931183624,15053813,-0.07137236933470661,87.745,0.08696559462789692,1081,6.9874902470009905,0.19927452623646033,3,기/A값/순,행주대교 CCTV등 신규 구축 정보통신공사,서울특별시/서울특별시,서울
20240634365-00,276826000,19.4388997115448,0.4122430317999784,-0.07023867232263913,14395373,-0.07137236934903651,87.745,0.08696559462789692,1028,6.937314081223682,0.10720173245773434,3,기/A값/순,고척 지하차도 등 13개소 침수감지장치 설치공사,서울특별시/서울특별시,서울
20240633612-00,99281000,18.41346478140448,-0.14480923328287845,-0.32249433920855974,4191733,-0.07137236936547688,87.745,0.08696559462789692,1046,6.954638864880987,0.13899254804176436,3,기/A값/순,목동공동구 동로 네트워크 케이블 구축 공사,서울시설공단,서울
20240632371-00,105953100,18.478507110773155,-0.10947595582554784,-0.31301462964180454,7246969,-0.07137236932147568,87.745,0.08696559462789692,1055,6.963189985870238,0.15468377488668678,3,기/A값/순,"9호선 2,3단계 개화 승무사업소 사무공간 확장 정보통신공사",서울교통공사,서울
20240633170-00,166254000,18.929027303376067,0.1352624340795779,-0.22733920232297716,10832640,-0.07137236932692305,87.745,0.08696559462789692,1084,6.990256500493881,0.20435057546112484,3,기/A값/순,구립가재울데이케어센터 신축 공사(통신) (긴급공고),서울특별시,서울
20240632737-00,99704000,18.41771636451804,-0.14249962402929756,-0.3218933414497226,0,-0.07137236943644644,88.0,0.12675188930209103,211,5.3612921657094255,-2.7847837066433048,3,기/수의,24/25년 재방송설비 유지관리 용역,서울특별시,서울
20240629476-00,136558540,18.73226395244494,0.0283736719555108,-0.26953046688004256,6175633,-0.07137236936043004,87.745,0.08696559462789692,1064,6.97166860472579,0.17024196099601047,3,기/A값/순,5호선 김포공항역 외 2개역 정보통신 접지설비 개량공사,서울교통공사,서울
20240628458-00,105712000,18.47622898271147,-0.11071351499152772,-0.3133571841563569,0,-0.07137236943644644,88.0,0.12675188930209103,232,5.455321115357702,-2.612241465599627,3,기/수의,24/25년 상반기 터널 및 지하차도 재난방송설비 유지관리 용역,서울특별시,서울
20240626192-00,35495460,17.384915387116035,-0.7035533846641606,-0.41312073775753927,0,-0.07137236943644644,88.0,0.12675188930209103,167,5.1298987149230735,-3.2093885194254397,3,기/수의,24/25년 재방송설비 유지관리용역(연간단가)-장기계속계약,서울특별시,서울
20240625598-00,102408000,18.444475402282944,-0.12796317499655602,-0.3180515023483143,0,-0.07137236943644644,88.0,0.12675188930209103,199,5.303304908059076,-2.891189780776793,3,기/수의,2024.2025년 도로터널 재난방송설비 유지보수용역(장기계속),서울특별시,서울
20240623338-00,563055000,20.148887874049926,0.7979335349032576,0.33643505702535814,31271881,-0.07137236934308923,87.745,0.08696559462789692,1034,6.943122422819428,0.11785998483028615,3,기/A값/순,서울 청년 스마트창업센터 신축 정보통신 공사 (긴급공고),서울특별시,서울
20240618147-00,91894890,18.336155992744658,-0.18680608219836434,-0.3329885131010533,5652989,-0.07137236933304383,87.745,0.08696559462789692,996,6.905753276311464,0.04928795133962137,3,기/A값/순,5호선 영등포구청역 등 3역 승강편의시설 설치 정보통신공사(61공구),서울교통공사,서울
20240616745-00,265158000,19.395836436464577,0.3888495484884229,-0.08681654903685199,15997929,-0.07137236933503108,87.745,0.08696559462789692,1035,6.9440872082295275,0.11963035701254991,3,기/A값/순,"한강교량 CCTV등 신규 구축 및 교체 정보통신공사 (성수, 잠실, 영동대교)",서울특별시/서울특별시,서울
20240619938-00,177000000,18.99166029618782,0.16928687530856085,-0.21207130181124154,10723111,-0.07137236933461258,87.745,0.08696559462789692,999,6.90875477931522,0.054795681211162316,3,기/A값/순,서남센터 상용전력수전설비 구축사업 감시제어공사,서울물재생시설공단,서울
20240614793-00,333883000,19.62630119316567,0.5140460977463513,0.010827826793134189,19128440,-0.07137236934014564,87.745,0.08696559462789692,1080,6.9865664594064265,0.19757938466133218,3,기/A값/순,구산동 공공복합시설 신축 통신공사,서울특별시,서울
20240616757-00,1612250004,21.200896558956018,1.3694215967869932,1.8271297283897792,46172280,-0.07137236938830781,86.745,-0.06905909036894549,1141,7.04141166379481,0.2982198205171822,3,기/A값/순/의무,고덕강일지구 등 홈네트워크 예비전원장치 설치 정보통신공사(2권역) (긴급공고),서울주택도시공사,전국/서울
20240616697-00,1966120006,21.399327898008856,1.4772164686348657,2.329907690852434,54897220,-0.07137236938951272,86.745,-0.06905909036894549,1138,7.038783541388542,0.2933972405414308,3,기/A값/순/의무,고덕강일지구 등 홈네트워크 예비전원장치 설치 정보통신공사(1권역) (긴급공고),서울주택도시공사,전국/서울
20240609578-00,141372000,18.766905279089794,0.04719205711657744,-0.26269151020805126,10141338,-0.0713723693158661,87.745,0.08696559462789692,1108,7.01211529430638,0.244461257171685,3,기/A값/순,전문건설회관 교수연구실 및 행정동 환경조성공사(통신),서울시,서울
20240602899-00,950788000,20.67280167347165,1.0825419094552151,0.887325515718527,24988189,-0.07137236939226949,87.745,0.08696559462789692,971,6.880384082186005,0.0027357179662574212,3,기/A값/순,2024년 임대아파트 인터폰 교체공사(2권역),서울주택도시공사,서울
20240602828-01,631863000,20.264183158043377,0.860565982086556,0.43419735912953694,16314413,-0.07137236939304609,87.745,0.08696559462789692,1009,6.918695219020472,0.0730362948744995,3,기/정/A값/순,2024년 임대아파트 인터폰 교체공사(1권역) (정정공고),서울주택도시공사,서울
20240605159-00,24353790,17.00819808325978,-0.9081994536061622,-0.42895080560553756,1505841,-0.07137236933251254,87.745,0.08696559462789692,853,6.75110146893676,-0.23449666526729016,3,기/A값/수의,2024년 전산네트워크(업무망) 신설공사,서울교통공사,서울
20240601893-00,270501000,19.415786356798492,0.39968704581134795,-0.07922522273551162,12809864,-0.07137236935684511,87.745,0.08696559462789692,1065,6.9726062513017535,0.17196253367207354,3,기/A값/순,홍제유원아파트 품질개선 정보통신공사,서울주택도시공사,서울
20240542402-00,605698000,20.22189207163204,0.8375919787775157,0.3970221667891719,35064821,-0.07137236933913584,87.745,0.08696559462789692,1027,6.9363427358340495,0.10541932277453024,3,기/A값/순,의회청사 공간재배치 및 내진보강 정보통신공사 (장기계속) (긴급공고),서울특별시/서울특별시,서울
20240603554-00,246691000,19.323647103331226,0.3496337675989892,-0.11305443464547119,14592868,-0.07137236933701309,87.745,0.08696559462789692,1045,6.953684210870537,0.1372407668828704,3,기/A값/순,도봉고 리모델링 통신공사 (긴급공고),서울특별시교육청,서울
20240538362-00,239400000,19.293646355265256,0.3333363076889376,-0.12341347639412785,20578312,-0.07137236929195893,87.745,0.08696559462789692,1052,6.960347729101308,0.14946826036305177,3,기/A값/순,CCTV 자가정보통신망 고도화(8차) 공사,서울특별시,서울
20240538176-00,198794000,19.107779675675104,0.2323670001045396,-0.18110641964552718,5720855,-0.07137236938807351,87.745,0.08696559462789692,1064,6.97166860472579,0.17024196099601047,3,기/A값/순,정동별관 통신공사,재단법인,서울
20240535398-00,761659000,20.45100950824122,0.9620566164465839,0.6186113191910704,46136309,-0.07137236933462789,87.745,0.08696559462789692,1019,6.928537818164665,0.09109737202559264,3,기/A값/순,"월드컵, 올림픽, 구리암사대교 CCTV 등 구축 정보통신공사",서울특별시/서울특별시,서울
20240538804-00,95302500,18.37256661172184,-0.16702655530870314,-0.3281469859781429,6100064,-0.07137236932885573,87.745,0.08696559462789692,1125,7.027314514039777,0.2723516828833971,3,기/A값/수의,5호선 발산역 외 5역 외부출입구 캐노피 설치 정보통신공사,서울교통공사,서울
20240526992-00,290917000,19.488548564521555,0.43921403229601447,-0.05021820088109187,6501407,-0.07137236939888147,87.745,0.08696559462789692,129,4.875197323201151,-3.6767631853026073,3,기/A값/순,2024~2025년 적산열량계 원격검침용 통신모뎀 설치공사,서울에너지공사,서울
20240523669-00,458954000,19.944460547316616,0.6868814319813876,0.1885285140165929,29168487,-0.07137236932961738,87.745,0.08696559462789692,1071,6.9782137426306985,0.18225222768810043,3,기/A값/순,수서동복합문화센터신축 공사 (통신),서울특별시,서울
20240515683-02,35904000,17.396359295716554,-0.6973366516273329,-0.4125402847447843,0,-0.07137236943644644,84.245,-0.4591208028610515,118,4.787491742782046,-3.837702103095,3,물품/기/정,잔류염소 수질연속자동측정장치 구매설치 (정정공고),서울특별시,서울/경기
20240516948-00,82765000,18.231515836758806,-0.24365028966315755,-0.3459602469744099,2602054,-0.07137236938360018,87.745,0.08696559462789692,970,6.879355804460439,0.0008488379803796883,3,기/A값/순,훈련원공원 주차장 전력감시시스템 구축공사,서울시설공단,서울
20240517413-00,471500000,19.971429662158677,0.7015320022598877,0.20635385179997606,31412561,-0.07137236932445978,87.745,0.08696559462789692,1064,6.97166860472579,0.17024196099601047,3,기/A값/순,일원1동복합문화센터신축 공사 (통신),서울특별시,서울
20240517320-00,478203000,19.985545888585705,0.7092004321860287,0.21587746403989452,31156052,-0.07137236932693114,87.745,0.08696559462789692,1069,6.976348070447749,0.1788287367238482,3,기/A값/순,개포3동 복합문화센터 신축공사(통신),서울특별시,서울
20240515446-00,31146700,17.254218890687117,-0.7745523112992808,-0.4192994493739003,1939456,-0.07137236933177878,87.745,0.08696559462789692,936,6.843749949006225,-0.06448757295824922,3,기/A값/수의,1호선 시청역 등 3역 역사출입구 및 캐노피 개선 정보통신공사,서울교통공사,서울
20240514567-00,18648000,16.74124951332278,-1.0532152914455135,-0.43705758338897843,16345534,-0.0713723679630776,87.745,0.08696559462789692,671,6.511745329644728,-0.673712936803798,3,기/A값/수의,일원스포츠문화센터 ACP프로그램 설치공사,서울특별시,서울
20240514442-00,96379200,18.383800979040416,-0.16092365245485854,-0.3266172122501524,6051130,-0.07137236933091112,87.745,0.08696559462789692,1119,7.02197642307216,0.26255633600466627,3,기/A값/수의,5호선 마장역 외 7역 외부캐노피 설치 정보통신공사,서울교통공사,서울
20240442491-00,569650000,20.160532696863864,0.804259411596482,0.34580522302897776,35444010,-0.07137236933185903,87.745,0.08696559462789692,1022,6.931471805599453,0.09648121146106332,3,기/A값/순,2024년 임대아파트 정보통신 배선기구 교체공사,서울주택도시공사,서울
20240504507-00,919575520,20.63942273131675,1.0644092958812725,0.8429788714448867,62961672,-0.07137236932135751,87.745,0.08696559462789692,970,6.879355804460439,0.0008488379803796883,3,기/A값/순,6호선 비상통화장치 개량 정보통신공사,서울교통공사,서울
20240505016-01,79926000,18.19661177707323,-0.2626114006385531,-0.34999389387119173,3341136,-0.07137236936617955,87.745,0.08696559462789692,1081,6.9874902470009905,0.19927452623646033,3,기/정/A값/수의,서남센터 디지털 무선중계기 설치공사 (정정공고),서울물재생시설공단,서울
20240500801-00,252153000,19.34554660806203,0.3615303476314422,-0.10529403332450524,15896077,-0.07137236933047947,87.745,0.08696559462789692,1058,6.966024187106113,0.15988450758269018,3,기/A값/순,삼청공원 입구 지하주차장 건설 통신공사 (긴급공고),서울특별시,서울
20240441699-00,610857000,20.23037344882749,0.842199360717489,0.4043520661694105,40141652,-0.07137236932598763,87.745,0.08696559462789692,1014,6.923628628138427,0.08208905435316516,3,기/A값/순,이문2동 복합청사 및 공영주차장 건립 통신공사(장기),서울특별시,서울
20240435380-00,127041870,18.660027282999486,-0.010867823681003471,-0.28305173719113685,7437247,-0.07137236933804306,87.745,0.08696559462789692,3068,8.029432840581244,2.1112294168066392,3,기/A값/수의,5호선 하남구간 CCTV 설치공사,서울교통공사,서울/경기
20240427675-00,93227200,18.350550093297255,-0.17898670128888317,-0.33109556907250404,0,-0.07137236943644644,84.245,-0.4591208028610515,146,4.997212273764115,-3.4528668949609953,3,물품/기,청계천 수질모니터링 시스템 구매·설치,서울시설공단,서울/경기
20240433263-00,89181000,18.306178581590405,-0.20309086467843004,-0.3368444038994708,2169991,-0.07137236939554578,87.745,0.08696559462789692,308,5.736572297479192,-2.0961481832546913,3,기/A값/수의,2024년 양평군 긴급차량 우선신호시스템 설치공사,경기도,서울/경기
20240432681-00,39732170,17.49767177014382,-0.6423001576460566,-0.4071012266113383,535901,-0.07137236941377458,87.745,0.08696559462789692,1011,6.920671504248683,0.07666275973976361,3,기/A값/수의,왕십리역(2) 취약개소 CCTV 증설 정보통신공사,서울교통공사,서울
20240431496-00,218647700,19.202972321247003,0.2840789881365834,-0.15289831277880042,13660907,-0.07137236933142468,87.745,0.08696559462789692,1063,6.970730078143525,0.16851977351663602,3,기/A값/순,2024년 1~4호선 화장실통화장치 설치 정보통신공사 (긴급공고),서울교통공사,서울
20240430529-01,105286000,18.47219102429676,-0.11290707580666066,-0.3139624443106468,6345798,-0.07137236933513458,87.745,0.08696559462789692,1170,7.066466970136958,0.3441960727509985,3,기/정/A값/수의,중곡3동 청사 리모델링 통신 공사 (정정공고),서울특별시,서울
20240420405-00,48257500,17.692061834806335,-0.5367006479677209,-0.394988450669619,3027825,-0.07137236933098089,87.745,0.08696559462789692,1031,6.940222469119639,0.11253859697945663,3,기/A값/수의,7호선 고속터미널역 승강편의시설 설치 정보통신공사(57공구),서울교통공사,서울
20240420371-00,64815400,17.98705380283661,-0.3764506514613336,-0.3714630114472789,4139923,-0.07137236932908242,87.745,0.08696559462789692,1107,7.011213987350367,0.24280736735753358,3,기/A값/수의,6호선 디지털미디어시티역 외 3역 화장실 시설개량 정보통신공사,서울교통공사,서울
20240414009-00,627114700,20.256640018070556,0.8564682835547516,0.42745098168677925,38063052,-0.07137236933442268,87.745,0.08696559462789692,2599,7.8636512654486515,1.8070217807102524,3,기/A값/순,"6,8호선 전력 RTU 개량 정보통신공사",서울교통공사,서울/경기
20240415243-00,73514360,18.112991332852467,-0.3080369625062736,-0.3591035422647395,4144753,-0.07137236934167637,87.745,0.08696559462789692,1094,6.999422467507961,0.22117003899717105,3,기/A값/수의,2호선 사당역 개집표기 이설공사,서울교통공사,서울
20240414748-00,42434000,17.56346050922121,-0.6065614042226788,-0.40326247064264087,819448,-0.07137236940398617,87.745,0.08696559462789692,1020,6.92951677076365,0.09289374086663729,3,기/A값/수의,공동구 디지털 무선통신설비 설치공사,서울시설공단,서울
20240344921-00,190605000,19.065713787035335,0.20951533213346715,-0.1927413384330391,14121076,-0.07137236931191523,87.745,0.08696559462789692,1018,6.927557906278317,0.08929924290122838,3,기/A값/순,2024년 노후 AFC분전함 개선 및 개집표기 이설공사,서울교통공사,서울
20240346473-00,293821000,19.49848129974848,0.44460984288720434,-0.04609220208283389,19268843,-0.07137236932621195,87.745,0.08696559462789692,1071,6.9782137426306985,0.18225222768810043,3,기/A값/순,대림3동 공공복합청사 건립 통신공사,서울특별시,서울
20240346217-00,126400000,18.654962047588423,-0.01361943743627562,-0.28396370511422153,8981933,-0.0713723693170016,87.745,0.08696559462789692,1187,7.080867896690782,0.3706216379625287,3,기/A값/수의,서울애니메이션센터 대체공간 원상복구 공사(통신) (긴급공고),(재)서울경제진흥원,서울
20240346128-00,46123500,17.646833161151886,-0.5612704518288559,-0.3980204346350056,2368374,-0.07137236935013413,87.745,0.08696559462789692,1030,6.939253946041508,0.11076136621139804,3,기/A값/수의,도림천 등 2개역 화장실 확충 정보통신공사,서울교통공사,서울
20240337116-00,62300000,17.947471999809046,-0.39795287689220527,-0.37503688795455786,3129451,-0.071372369352011,87.745,0.08696559462789692,986,6.895682697747868,0.030808534091327982,3,기/A값/수의,악취저감사업 계측제어공사,서울특별시,서울
20240336099-00,37354700,17.435969325076776,-0.6758190926613136,-0.4104791323836849,432510,-0.07137236941698408,87.745,0.08696559462789692,987,6.8966943316227125,0.03266487276717459,3,기/A값/수의,당고개역 하선 승강장 승무대기실 조성 정보통신공사,서울교통공사,서울
20240331648-00,32330100,17.291509273730142,-0.754294865673665,-0.4176180764476405,1613256,-0.07137236935256983,87.745,0.08696559462789692,922,6.828712071641684,-0.09208193693576268,3,기/A값/수의,경복궁역 메트로미술관 유리벽 철거 및 복구 정보통신공사,서울교통공사,서울
20240312219-00,191584000,19.070836917926858,0.2122983967468875,-0.1913503767169597,12432270,-0.07137236932736876,87.745,0.08696559462789692,1072,6.97914527506881,0.18396158097852763,3,기/A값/순,서대문 뇌병변장애인비전센터 건립 대수선 및 리모델링 통신 공사 (긴급공고),서울특별시,서울
20240311347-00,1366635000,21.035617351720134,1.2796361271724082,1.4781603029978614,85950103,-0.07137236933073098,86.745,-0.06905909036894549,1102,7.00669522683704,0.23451548418085688,3,기/A값/순/의무,양곡도매시장 건립 통신공사(장기) (긴급공고),서울특별시/서울특별시,전국/서울
20240310030-00,321764000,19.58932891864527,0.4939614598415,-0.006390830037474796,20427526,-0.07137236932973204,87.745,0.08696559462789692,1028,6.937314081223682,0.10720173245773434,3,기/A값/순,대림3유수지 종합체육시설 건립 통신공사,서울특별시,서울
20240229809-00,1135873000,20.85066735610149,1.1791647945132677,1.150294003175682,72351289,-0.07137236932937807,86.745,-0.06905909036894549,1136,7.037027614686276,0.29017513150532454,3,기/A값/순/의무,가락시장 구)관리금융동 통신시설 이설 공사,서울지방조달청/서울특별시농수산식품공사,전국/서울
20240239564-00,80073000,18.198449289051727,-0.2616131996024342,-0.34978503649400716,4432279,-0.07137236934340302,87.745,0.08696559462789692,1021,6.930494765951626,0.09468835286745793,3,기/A값/순,온수공원(연의지구) 조성사업(통신) (긴급공고),서울특별시,서울
20240238164-00,72977000,18.105654894677958,-0.31202237336231997,-0.3598670225382354,4109521,-0.07137236934179007,87.745,0.08696559462789692,1019,6.928537818164665,0.09109737202559264,3,기/A값/순,금빛공원 열린광장 조성 공사(통신),서울특별시,서울
20240234134-00,278790000,19.44596937178856,0.4160835195153858,-0.06744822409957485,11272989,-0.07137236936847811,87.745,0.08696559462789692,965,6.874198495453294,-0.008614775695792314,3,기/A값/순,2024년 지하차도 침수감지장치 설치 공사,서울시설공단,서울
20240231351-00,72502650,18.099133684673642,-0.31556492364728816,-0.3605409782992387,4468419,-0.07137236933285003,87.745,0.08696559462789692,1096,7.001245622069476,0.22451551052471036,3,기/A값/수의,2024년 이태원 등 9역 전자설비 이설공사,서울교통공사,서울
20240228906-00,67851500,18.032832066329124,-0.3515822910997689,-0.36714932516925164,4007903,-0.07137236933715714,87.745,0.08696559462789692,1070,6.977281341630747,0.18054128059484112,3,기/A값/수의,청량리역등 4개역 전기실 노후설비 개량에 따른 정보통신공사,서울교통공사,서울
20240221882-00,237600000,19.286099149661517,0.3292364005636424,-0.12597091366577537,20160621,-0.07137236929381931,87.745,0.08696559462789692,994,6.903747257584598,0.04560692578309063,3,기/A값/순,2024년 동작구 방범 CCTV 신규 및 성능개선 정보통신공사 (긴급공고),서울특별시,서울
20240214948-00,79253000,18.188155837512596,-0.2672049639619812,-0.35095009125109106,3650150,-0.07137236935902884,87.745,0.08696559462789692,1104,7.00850518208228,0.23783673508678135,3,기/A값/수의,가락몰 판매동 3층 기반시설 공사(정보통신),서울특별시농수산식품공사,서울
20240210843-00,155926000,18.86489210010894,0.10042193937689192,-0.24201320906829688,10320067,-0.07137236932519424,87.745,0.08696559462789692,1036,6.945051063725834,0.1213990228117217,3,기/A값/순,자양4동 전통시장 공영주차장 건설(통신공사),서울특별시,서울
20240120121-00,9348954000,22.958530302438117,2.324229970497049,12.819427038986795,595652878,-0.07137236932935002,85.495,-0.2640899466149985,481,6.180016653652572,-1.2824319471536907,3,기/A값/순/의무,강서구 통합신청사 건립공사(통신공사) (긴급공고),서울지방조달청/서울특별시,전국/서울
20240204211-00,395008000,19.794416578356454,0.6053722788264013,0.09767413414283088,16177034,-0.07137236936760694,87.745,0.08696559462789692,842,6.738152494595957,-0.2582579117805877,3,기/A값/순,탄천센터 감시제어시스템 유지보수(연간단가) (긴급공고),서울물재생시설공단,서울
20240201801-00,95102760,18.370468559691446,-0.1681662908506092,-0.3284307762673867,4392458,-0.07137236935881115,87.745,0.08696559462789692,988,6.897704943128636,0.03451933540563617,3,기/A값/수의,2024년 빗물펌프장 정보통신설비 유지보수공사(연간단가),서울특별시,서울
20240135819-00,181110410,19.01461740877722,0.18175798507067606,-0.20623123751360117,13673882,-0.07137236930953723,87.745,0.08696559462789692,1002,6.911747300251674,0.06028692907341406,3,기/A값/순,6호선 대흥역 승강편의시설 설치 정보통신공사(60공구),서울교통공사,서울
20240131264-00,290080000,19.48566730841814,0.43764883279723094,-0.05140740921240796,18191951,-0.07137236933103053,87.745,0.08696559462789692,994,6.903747257584598,0.04560692578309063,3,기/A값/순/협정,CCTV망 노후설비 정비 시행,서울특별시,서울
20240131993-00,82390000,18.22697464042917,-0.2461172269862931,-0.34649304640600315,3932007,-0.07137236935622611,87.745,0.08696559462789692,972,6.881411303642535,0.00462065970835744,3,기/A값/수의,2024년 수방통신설비 유지보수공사 (연간단가),서울특별시,서울
20240126597-00,194374000,19.085294701334725,0.22015237241975386,-0.18738634894590606,12857542,-0.07137236932525677,87.745,0.08696559462789692,1071,6.9782137426306985,0.18225222768810043,3,기/A값/순,서울상도유치원 개축 통신공사 (긴급공고),서울특별시교육청,서울
20240126723-00,86240000,18.272644676720507,-0.22130765944111064,-0.34102297224164596,4293704,-0.07137236935275751,87.745,0.08696559462789692,1017,6.926577033222725,0.08749935004031485,3,A값/순,강남구 1인가구커뮤니티센터 확장 이전 리모델링 공사(통신) (긴급공고),서울특별시,서울
20240120807-00,41707090,17.546181720274145,-0.6159478491719776,-0.40429526326882603,2310638,-0.07137236934332135,87.745,0.08696559462789692,911,6.816735880594968,-0.11405813522466368,3,기/A값/수의,전자UPS실 노후 ATS 개량 전자공사,서울교통공사,서울
20240119088-00,24951310,17.032436923871536,-0.8950320641708202,-0.42810185009522933,1472938,-0.07137236933721808,87.745,0.08696559462789692,824,6.716594773520978,-0.29781612784048306,3,기/A값/수의,CCTV 분리전환 전자공사,서울교통공사,서울
20240115743-00,109062000,18.507427094992387,-0.09376560479110489,-0.30859750923412405,7403805,-0.07137236932233579,87.745,0.08696559462789692,1054,6.962243464266207,0.15294691661732768,3,기/A값/순,좌원 임시이주상가(가설건축물)조성 신축공사(통신공사) (긴급공고),서울특별시,서울
20240112370-00,196420180,19.095766703188232,0.22584113158036684,-0.18447913950340622,12042561,-0.07137236933338946,87.745,0.08696559462789692,1076,6.982862751468942,0.19078311531986628,3,기/A값/순,종로구 보건소 실내 리모델링(통신),서울특별시,서울
20240114589-00,62890000,17.956897742420466,-0.39283248249422936,-0.37419861684885114,3407196,-0.07137236934537962,87.745,0.08696559462789692,1120,7.022868086082641,0.26419252926918424,3,기/A값/수의,마들지하차도 통신케이블 이설공사,서울시설공단,서울
20240110350-00,225694000,19.23469066190417,0.3013095046602669,-0.14288694041923938,14003968,-0.0713723693321485,87.745,0.08696559462789692,1073,6.980075940561763,0.18566934343271568,3,기/A값/순,응암정보도서관 신축 통신공사,서울특별시,서울
20231239637-00,0,0.0,-10.147649943127986,-0.46355263352324666,5541668950,9.243678447817357,1.0,-13.4473957054232,707,6.5638555265321274,-0.5780912140704095,3,기/A값/순/의무,마곡 공공형 지식산업센터 및 건설형 도전숙 복합개발사업 정보통신공사 (긴급공고),서울주택도시공사,전국/서울
20240110904-00,99847000,18.419149582322458,-0.14172104978646466,-0.32169016726647504,0,-0.07137236943644644,88.0,0.12675188930209103,200,5.308267697401205,-2.8820831088622207,3,기/수의,2024년 터널 및 지하차도 CCTV시스템 유지관리 용역,서울특별시,서울
20240106125-00,77596000,18.167026450320396,-0.27868318910262196,-0.353304354339491,2652568,-0.07137236937898561,87.745,0.08696559462789692,1091,6.996681488176539,0.21614036762184388,3,기/A값/수의,서울형 키즈카페 화곡3동점 공간조성 통신 공사,서울특별시,서울
20231244587-00,143270000,18.780241526849384,0.054436775239422086,-0.2599948346849474,7830386,-0.07137236934457668,87.745,0.08696559462789692,1017,6.926577033222725,0.08749935004031485,3,기/A값/순/협정,안암 어울림센터 정보통신공사,서울주택도시공사,서울
20231203801-00,0,0.0,-10.147649943127986,-0.46355263352324666,9956426400,16.664491629485276,1.0,-13.4473957054232,397,5.988961416889864,-1.6330165153901446,3,기/A값/순/의무,마곡 도시개발사업지구 10-2단지 아파트 정보통신공사 (긴급공고),서울주택도시공사,전국/서울
20231228124-00,710580000,20.381592097333034,0.924346641053702,0.5460383534141353,44051975,-0.0713723693322394,87.745,0.08696559462789692,978,6.887552571664617,0.01588982895191043,3,기/A값/순/협정,중랑 패션봉제 스마트앵커 정보통신공사,서울주택도시공사,서울
20231246367-00,82148000,18.22403306861527,-0.24771519209716777,-0.3468368796391913,4400205,-0.07137236934640952,87.745,0.08696559462789692,996,6.905753276311464,0.04928795133962137,3,기/A값/순,은천동 공영주차장 및 생활SOC복합시설 건립공사(통신) (긴급공고),서울특별시,서울
20231244131-00,254397000,19.354406600838743,0.3663434068513096,-0.10210576152585135,17212851,-0.07137236932271371,87.745,0.08696559462789692,1051,6.959398512133975,0.14772645612730467,3,기/A값/순,창동 업무시설 11~16층 공간구획 통신공사 (긴급공고),서울주택도시공사,서울
20231243750-00,92091830,18.338296800223315,-0.18564312039548422,-0.3327087010475654,5238583,-0.07137236934082894,87.745,0.08696559462789692,1101,7.005789019253503,0.23285260176114234,3,기/A값/수의,DDP 쇼룸 조성공사(DDP 디자인랩 1층)_통신,(재)서울경제진흥원,서울
