순위,사업자 등록번호,업체명,대표,경쟁사 분석,투찰금액,예가대비 투찰률(%)  A,기초대비 투찰률(%),기초대비 사정률(%)  A,추첨번호,투찰일시,비고
1,7038600379,주식회사 언주전기건설,강태호,분석,734354190,86.748,87.365,-0.25520 (99.7448),,2020/04/14 10:05:03,
2,1138154757,충무전기주식회사,박노원,분석,734427100,86.757,87.374,-0.24521 (99.75479),,2020/04/14 13:49:43,
3,2058126341,종합전기 주식회사,김유훈,분석,734439835,86.759,87.375,-0.24346 (99.75654),,2020/04/17 09:00:16,
4,2298119166,(주)삼영기업,금동흠,분석,734469400,86.762,87.379,-0.23940 (99.7606),,2020/04/13 09:08:18,
5,1108175433,승림이앤씨(주),서영식,분석,734478650,86.764,87.38,-0.23814 (99.76186),,2020/04/14 16:09:49,
6,2098111933,건양전기(주),홍순문,분석,734491269,86.765,87.382,-0.23640 (99.7636),,2020/04/17 09:55:34,
7,6988700230,주식회사 스마트이엔씨,이종환,분석,734494100,86.766,87.382,-0.23602 (99.76398),,2020/04/16 12:33:32,
8,1088171147,경원산전주식회사,배종근,분석,734500020,86.766,87.383,-0.23520 (99.7648),,2020/04/16 15:22:37,
9,1138165967,(주)다솔이앤씨,김광순,분석,734500750,86.766,87.383,-0.23510 (99.7649),,2020/04/15 23:59:34,
10,1058687494,(주)이웰파워테크,김영준,분석,734558348,86.774,87.39,-0.22720 (99.7728),,2020/04/16 14:47:14,
11,2028158261,주식회사 남두,김승균,분석,734564182,86.775,87.39,-0.22640 (99.7736),,2020/04/16 09:29:51,
12,6218602134,(주)플러스전력,이하일,분석,734570743,86.775,87.391,-0.22551 (99.77449),,2020/04/17 09:46:59,
13,2068606585,(주)상지일렉스,정원상,분석,734574910,86.776,87.392,-0.22493 (99.77507),,2020/04/15 22:05:43,
14,1068684748,주식회사고도기술,고동현,분석,734579640,86.776,87.392,-0.22428 (99.77572),,2020/04/16 11:23:12,
15,1101116047,에코,이덕순,분석,734619596,86.782,87.397,-0.21880 (99.7812),,2020/04/16 16:08:29,
16,7258800112,동서전기건설공사 주식회사,박진규,분석,734621780,86.782,87.397,-0.21851 (99.78149),,2020/04/17 10:24:52,
17,2128174900,대승일렉트릭(주),한윤근,분석,734645840,86.785,87.4,-0.21521 (99.78479),,2020/04/14 15:16:49,
18,1138111990,한경기전(주),박태용,분석,734671370,86.788,87.403,-0.21170 (99.7883),,2020/04/14 13:55:47,
19,1398115682,백상건설 주식회사,정홍훈,분석,734683700,86.79,87.404,-0.21001 (99.78999),,2020/04/17 08:36:02,
20,1068182600,창림엔지니어링(주),김사승,분석,734688135,86.79,87.405,-0.20940 (99.7906),,2020/04/16 08:57:32,
21,2048620126,(주)상부사종합건설,이상만,분석,734689592,86.791,87.405,-0.20921 (99.79079),,2020/04/17 08:48:55,
22,8358600526,주식회사두성인프라,김상현,분석,734716570,86.794,87.408,-0.20551 (99.79449),,2020/04/17 06:53:46,
23,2308108408,주식회사 엠큐이엔씨,염진용,분석,734723008,86.795,87.409,-0.20462 (99.79538),,2020/04/16 15:43:48,
24,1148137386,(주)유일엔지니어링,신영호,분석,734727600,86.795,87.41,-0.20399 (99.79601),,2020/04/14 15:38:24,
25,3778100141,주식회사 신성전력,이형기,분석,734749381,86.798,87.412,-0.20101 (99.79899),,2020/04/17 07:03:52,
26,2068656936,(주)한양이엔아이,안원준,분석,734784000,86.803,87.416,-0.19626 (99.80374),,2020/04/14 10:59:39,
27,1058133654,백상기업(주),김풍원,분석,734835000,86.809,87.422,-0.18926 (99.81074),,2020/04/16 17:38:52,
28,2208869047,양지전기 주식회사,박승연,분석,734863120,86.813,87.426,-0.18541 (99.81459),,2020/04/09 10:59:51,
29,1058173369,(주)신한개발,이종순,분석,734888640,86.816,87.429,-0.18191 (99.81809),,2020/04/16 15:57:14,
30,2158674281,주식회사 태경씨앤씨,남기봉,분석,734906880,86.818,87.431,-0.17940 (99.8206),,2020/04/16 13:46:09,
31,2170389905,금화전력공사,이계성,분석,734949890,86.824,87.436,-0.17351 (99.82649),,2020/04/16 13:17:48,
32,2178114305,주식회사 케이엠씨앤아이,서정만,분석,734957300,86.825,87.437,-0.17249 (99.82751),,2020/04/15 09:55:57,
33,1408169475,주식회사 제이앤제이파워스,박재옥,분석,734959900,86.825,87.437,-0.17213 (99.82787),,2020/04/16 09:20:54,
34,1068136902,대일전기산업(주),임태원,분석,734966100,86.826,87.438,-0.17128 (99.82872),,2020/04/17 08:47:23,
35,1108172440,주식회사 다보파워코리아,강희철,분석,734979789,86.827,87.44,-0.16940 (99.8306),,2020/04/16 14:01:47,
36,1198625634,주식회사 영은전력,정춘근,분석,734982710,86.828,87.44,-0.16900 (99.831),,2020/04/16 08:26:45,
37,1288690240,주식회사 도은이앤지,김미례,분석,734994077,86.829,87.441,-0.16745 (99.83255),,2020/04/16 18:42:19,
38,1298119624,우일계전공업 주식회사,백노현,분석,735012300,86.832,87.444,-0.16495 (99.83505),,2020/04/16 14:20:53,
39,1058661835,숭일전기주식회사,이환룡,분석,735022810,86.833,87.445,-0.16350 (99.8365),,2020/04/14 13:24:56,
40,2048644152,신해공영주식회사,이종범,분석,735033400,86.834,87.446,-0.16205 (99.83795),,2020/04/16 16:58:33,
41,1108179098,(주)대승이앤씨,남현,분석,735073800,86.839,87.451,-0.15651 (99.84349),,2020/04/14 15:48:21,
42,2028136758,주식회사 남양계전,민강기,분석,735090600,86.842,87.453,-0.15421 (99.84579),,2020/04/16 18:59:55,
43,1198148947,주식회사 광성기전,김성원,분석,735105200,86.843,87.455,-0.15221 (99.84779),,2020/04/17 09:45:57,
44,1054184031,영우전설,신도현,분석,735141400,86.848,87.459,-0.14724 (99.85276),,2020/04/16 15:10:57,
45,1078140073,(주)대도아이앤티,이상봉,분석,735143120,86.848,87.459,-0.14700 (99.853),,2020/04/16 08:35:33,
46,2058140829,원앤원산업개발(주),배애순,분석,735168640,86.852,87.462,-0.14350 (99.8565),,2020/04/14 10:46:06,
47,1088195004,(주)한양케이앤이,김홍인,분석,735182489,86.853,87.464,-0.14160 (99.8584),,2020/04/16 09:30:28,
48,1098160416,(주)용진정보통신,도용석,분석,735201664,86.856,87.466,-0.13898 (99.86102),,2020/04/09 10:26:04,
49,2148777322,주식회사 보림프러스,김병관,분석,735231086,86.859,87.47,-0.13494 (99.86506),,2020/04/17 09:30:18,
50,1238128751,세종텔레콤 주식회사,유기윤,분석,735233450,86.86,87.47,-0.13462 (99.86538),,2020/04/17 09:28:39,
51,2158119769,주식회사 남일기업,이범석,분석,735261966,86.863,87.473,-0.13070 (99.8693),,2020/04/16 14:52:03,
52,2048124559,(주)대용와트스,남상태,분석,735283839,86.866,87.476,-0.12770 (99.8723),,2020/04/10 08:56:02,
53,3138111440,선영기전주식회사,이두경,분석,735314460,86.87,87.479,-0.12351 (99.87649),,2020/04/16 09:39:35,
54,2098154887,주식회사 대동전력,김종진,분석,735347280,86.874,87.483,-0.11900 (99.881),,2020/04/16 18:40:10,
55,2158627643,(주)동산전력,조성일,분석,735387380,86.879,87.488,-0.11350 (99.8865),,2020/04/13 17:49:39,
56,2018147460,태성전기통신(주),이덕우,분석,735390000,86.88,87.488,-0.11315 (99.88685),,2020/04/14 20:13:47,
57,2208165402,서전엔지니어링(주),유경하,분석,735401231,86.881,87.49,-0.11160 (99.8884),,2020/04/16 16:39:35,
58,1078734710,(주)일조이에스,박상권,분석,735408958,86.882,87.491,-0.11055 (99.88945),,2020/04/16 18:13:52,
59,1018116968,(주)넥슨정보통신,신양인,분석,735411257,86.882,87.491,-0.11023 (99.88977),,2020/04/13 11:03:34,
60,1090293396,진성전력공사,김항진,분석,735416207,86.883,87.492,-0.10955 (99.89045),,2020/04/10 21:10:03,
61,2068125141,주식회사 스테이지넷,임영규,분석,735441332,86.886,87.495,-0.10611 (99.89389),,2020/04/14 11:22:32,
62,1198165586,제이케이앤티텔레콤(주),전찬화,분석,735450994,86.887,87.496,-0.10478 (99.89522),,2020/04/16 14:28:51,
63,1048152717,(주)천광밝은세상,강민주,분석,735512790,86.895,87.503,-0.09630 (99.9037),,2020/04/17 09:35:50,
64,2068621970,동서전력공사(주),정준섭,분석,735528000,86.897,87.505,-0.09422 (99.90578),,2020/04/16 14:43:44,
65,1018662695,주식회사 메가시스템,김대석,분석,735540160,86.899,87.506,-0.09255 (99.90745),,2020/04/13 17:25:19,
66,2108161146,동현전력(주),김종황,분석,735561830,86.902,87.509,-0.08958 (99.91042),,2020/04/13 23:55:39,
67,1190440828,삼우이노베이션,노범섭,분석,735572560,86.903,87.51,-0.08811 (99.91189),,2020/04/16 15:24:42,
68,2158138830,주식회사와이드이엔씨,최주섭,분석,735577100,86.904,87.511,-0.08748 (99.91252),,2020/04/17 08:30:03,
69,2208108546,경림전기(주),김인형,분석,735606630,86.907,87.514,-0.08343 (99.91657),,2020/04/16 14:19:43,
70,1088192327,우림전력(주),전재홍,분석,735611220,86.908,87.515,-0.08281 (99.91719),,2020/04/16 09:58:17,
71,2118615126,동승엔지니어링(주),송창훈,분석,735614320,86.908,87.515,-0.08238 (99.91762),,2020/04/15 14:34:22,
72,2108146034,세현전력주식회사,김홍만,분석,735628890,86.91,87.517,-0.08038 (99.91962),,2020/04/14 10:36:13,
73,7797200063,장현전기,박병만,분석,735652052,86.913,87.52,-0.07721 (99.92279),,2020/04/17 07:54:21,
74,2068119300,주식회사 불꽃,김재윤,분석,735670650,86.915,87.522,-0.07465 (99.92535),,2020/04/14 09:59:02,
75,2060166188,경일전력,조상순,분석,735671393,86.916,87.522,-0.07455 (99.92545),,2020/04/17 12:53:32,
76,2108122823,우영정보통신(주),황인희,분석,735716220,86.921,87.527,-0.06840 (99.9316),,2020/04/17 09:11:55,
77,1118126196,(주)광성통신,김성철,분석,735724674,86.922,87.528,-0.06725 (99.93275),,2020/04/14 12:05:50,
78,1108175767,(주)에스에이치전기,김성태,분석,735732260,86.923,87.529,-0.06620 (99.9338),,2020/04/16 15:38:30,
79,2108152647,(주)나노비스타,김애란,분석,735739475,86.924,87.53,-0.06522 (99.93478),,2020/04/16 11:34:03,
80,1268122794,(주)동천전력,이영두,분석,735740470,86.924,87.53,-0.06508 (99.93492),,2020/04/14 08:39:38,
81,1208764366,한국발전기술주식회사,백남호,분석,735790000,86.931,87.536,-0.05829 (99.94171),,2020/04/17 09:48:54,
82,2118730901,주식회사 우리이엔이,주남석,분석,735797150,86.932,87.537,-0.05731 (99.94269),,2020/04/14 15:20:34,
83,2028104237,대선이엔씨(주),최승재,분석,735804246,86.933,87.538,-0.05633 (99.94367),,2020/04/16 14:58:42,
84,1198133411,주식회사 나경이엔씨,윤원섭,분석,735818289,86.934,87.539,-0.05441 (99.94559),,2020/04/16 18:39:37,
85,2128196904,엘렉트론산전 주식회사,조희정,분석,735820670,86.935,87.54,-0.05408 (99.94592),,2020/04/16 10:42:50,
86,1088193419,(주)유성전기,유명호,분석,735855310,86.939,87.544,-0.04933 (99.95067),,2020/04/13 14:12:21,
87,1088177030,신정전력주식회사,서규석,분석,735881730,86.942,87.547,-0.04571 (99.95429),,2020/04/15 23:44:11,
88,2128607691,주식회사 대방전기,여민구,분석,735949910,86.951,87.555,-0.03635 (99.96365),,2020/04/14 09:56:56,
89,1051234695,아이넷전력,최전호,분석,735972800,86.954,87.558,-0.03321 (99.96679),,2020/04/14 08:22:56,
90,2158633067,서종이앤티(주),한영도,분석,735993500,86.957,87.56,-0.03038 (99.96962),,2020/04/16 08:31:54,
91,1098143173,에이스건설 주식회사,권보식,분석,735994018,86.957,87.56,-0.03030 (99.9697),,2020/04/17 08:50:21,
92,1278630481,서화이엔지(주),노동해,분석,736008060,86.958,87.562,-0.02838 (99.97162),,2020/04/13 19:09:24,
93,1098614988,이창전력(주),이석용,분석,736041400,86.963,87.566,-0.02381 (99.97619),,2020/04/16 11:51:59,
94,1208137120,(주)지티일렉콘,고광열,분석,736056542,86.965,87.568,-0.02173 (99.97827),,2020/04/17 01:37:41,
95,2178119862,(주)우진전력,이강종,분석,736058183,86.965,87.568,-0.02150 (99.9785),,2020/04/17 07:31:11,
96,2148123348,성제전기(주),김팔성,분석,736061828,86.965,87.568,-0.02100 (99.979),,2020/04/17 09:30:36,
97,2208660663,주식회사 데이타렉스,김정국,분석,736066200,86.966,87.569,-0.02041 (99.97959),,2020/04/17 12:30:56,
98,2128165721,(주)대원이엔씨,신종균,분석,736083710,86.968,87.571,-0.01800 (99.982),,2020/04/16 15:15:19,
99,1088114068,(주)대인정보통신,유재호,분석,736148780,86.976,87.579,-0.00908 (99.99092),,2020/04/14 15:47:45,
100,2148632162,신영전자통신(주),김성식,분석,736153200,86.977,87.579,-0.00847 (99.99153),,2020/04/14 10:59:04,
101,1178152009,동아신호 주식회사,최종수,분석,736154430,86.977,87.579,-0.00830 (99.9917),,2020/04/16 15:29:00,
102,2048644550,주식회사 대일종합공사,김재호,분석,736196562,86.982,87.584,-0.00253 (99.99747),,2020/04/17 08:31:00,
103,2188117964,(주)투윈스컴,박성하,분석,736200370,86.983,87.585,-0.00200 (99.998),,2020/04/16 07:58:48,
104,1058620488,(주)화인이앤텍,이왕주,분석,736205470,86.984,87.585,-0.00130 (99.9987),,2020/04/16 09:36:15,
105,1118105380,성산전설 주식회사,조희성,분석,736284943,86.994,87.595,0.00960 (100.0096),,2020/04/17 10:58:04,
106,3628601497,호재전력공사 주식회사,박재일,분석,736286410,86.994,87.595,0.00980 (100.0098),,2020/04/17 11:52:29,
107,2078153558,(주)동광지에스,이덕하,분석,736297000,86.995,87.596,0.01125 (100.01125),,2020/04/16 10:19:59,
108,2048162437,다남전기(주),이병근,분석,736344190,87.001,87.602,0.01772 (100.01772),,2020/04/14 08:51:34,
109,1208105711,주식회사 삼진일렉스,김성관,분석,736378000,87.006,87.606,0.02236 (100.02236),,2020/04/16 08:46:05,
110,6428800156,주식회사 신안전설,김미자,분석,736428000,87.012,87.612,0.02922 (100.02922),,2020/04/17 09:21:13,
111,1078617674,대명전력공사(주),오창훈,분석,736438062,87.013,87.613,0.03060 (100.0306),,2020/04/16 08:16:01,
112,2048154242,(주)신명하이테크,이동재,분석,736477250,87.018,87.618,0.03597 (100.03597),,2020/04/17 10:31:23,
113,1068677193,주식회사 해성이엔지,박권서,분석,736482722,87.019,87.618,0.03672 (100.03672),,2020/04/16 10:35:16,
114,1048142446,(주)대성텔레콤,양종만,분석,736495590,87.021,87.62,0.03848 (100.03848),,2020/04/17 09:51:13,
115,1080434888,은광전력공사,권오진,분석,736497165,87.021,87.62,0.03870 (100.0387),,2020/04/16 07:50:48,
116,1018183448,(주)에이치애비뉴앤컴퍼니,이동호,분석,736511704,87.023,87.622,0.04069 (100.04069),,2020/04/16 16:48:15,
117,1058169109,대조전설 주식회사,장철호,분석,736516800,87.023,87.623,0.04139 (100.04139),,2020/04/14 10:32:45,
118,1198624557,(주)이수전력,김정훈,분석,736555300,87.028,87.627,0.04667 (100.04667),,2020/04/17 07:43:36,
119,2048137258,대신엔에스(주),정동진,분석,736621800,87.037,87.635,0.05579 (100.05579),,2020/04/14 16:53:58,
120,1198116692,주식회사 서우건설산업,이종근,분석,736672800,87.043,87.641,0.06279 (100.06279),,2020/04/10 12:10:47,
121,2068617141,(주)텔코아,황민석,분석,736685240,87.045,87.643,0.06450 (100.0645),,2020/04/16 16:45:18,
122,2158152619,한국전기안전써비스(주),이병재,분석,736695270,87.046,87.644,0.06587 (100.06587),,2020/04/13 16:50:07,
123,1018151121,주식회사 경원전력,최경택,분석,736742840,87.052,87.649,0.07239 (100.07239),,2020/04/17 07:59:41,
124,2128166939,주식회사 연일전력,최재규,분석,736804088,87.06,87.657,0.08079 (100.08079),,2020/04/14 09:41:41,
125,2068625393,주식회사 성림전설,박상동,분석,736842000,87.065,87.661,0.08599 (100.08599),,2020/04/09 10:22:03,
126,2108118504,보성전기산업(주),강명구,분석,736861500,87.067,87.664,0.08867 (100.08867),,2020/04/09 09:11:51,
127,2068195889,광건건설 주식회사,장경래,분석,736943355,87.078,87.673,0.09990 (100.0999),,2020/04/17 08:42:05,
128,2068614770,태양전설주식회사,변형숙,분석,736950626,87.079,87.674,0.10089 (100.10089),,2020/04/16 18:15:13,
129,2148122183,(주)하나전기,김선식,분석,736952832,87.079,87.674,0.10120 (100.1012),,2020/04/16 19:26:56,
130,1198118405,우광기전(주),이기진,분석,736982190,87.083,87.678,0.10522 (100.10522),,2020/04/14 08:59:26,
131,2118145912,영남전기통신 주식회사,장한목,분석,737001442,87.085,87.68,0.10786 (100.10786),,2020/04/14 11:30:00,
132,2128153400,일렉파워주식회사,김성호,분석,737045922,87.091,87.685,0.11396 (100.11396),,2020/04/16 16:31:06,
133,1078712472,(주)내일에너지,백중철,분석,737057100,87.092,87.687,0.11550 (100.1155),,2020/04/17 09:42:29,
134,1188111020,한영정보통신(주),박대서,분석,737084420,87.096,87.69,0.11924 (100.11924),,2020/04/17 09:36:32,
135,2138800230,주식회사 성민전기통신,홍종애,분석,737100848,87.098,87.692,0.12150 (100.1215),,2020/04/13 16:42:25,
136,1138127129,(주)한성콘트롤,한종현,분석,737107774,87.099,87.693,0.12245 (100.12245),,2020/04/13 14:11:58,
137,2038149028,대륭중공건설(주),박임우,분석,737151158,87.104,87.698,0.12840 (100.1284),,2020/04/16 17:07:39,
138,2078109289,栗林建設 株式會社,윤석율,분석,737166000,87.106,87.7,0.13043 (100.13043),,2020/04/17 09:38:10,
139,2208106252,(주)중선아이티씨,김방희,분석,737181052,87.108,87.702,0.13250 (100.1325),,2020/04/16 09:43:14,
140,1108127950,서경전기(주),이종환,분석,737201613,87.111,87.704,0.13531 (100.13531),,2020/04/16 09:54:07,
141,1078155407,(주)윤익계전,안용준,분석,737247040,87.116,87.709,0.14155 (100.14155),,2020/04/08 16:25:33,
142,1388113508,(주)이엔티파워,장정수,분석,737306100,87.124,87.716,0.14965 (100.14965),,2020/04/14 16:20:18,
143,1054166085,동명전설,최오렬,분석,737331950,87.127,87.72,0.15319 (100.15319),,2020/04/13 17:02:15,
144,6058166688,(주)세계아이티씨,김황기,분석,737350940,87.13,87.722,0.15579 (100.15579),,2020/04/16 09:36:12,
145,1118129252,광원전설(주),김영선,분석,737364000,87.131,87.723,0.15759 (100.15759),,2020/04/17 12:09:53,
146,1148135087,장한전산(주),이상철,분석,737366982,87.132,87.724,0.15800 (100.158),,2020/04/16 17:20:02,
147,2148123881,주식회사 말타니,이세용,분석,737392320,87.135,87.727,0.16147 (100.16147),,2020/04/16 10:01:58,
148,1078636517,주식회사 국일이앤씨,서남석,분석,737400959,87.136,87.728,0.16265 (100.16265),,2020/04/16 16:51:11,
149,1088185597,경동이엔씨주식회사,박성기,분석,737403000,87.136,87.728,0.16293 (100.16293),,2020/04/17 09:29:18,
150,1208128198,주식회사 포스코오앤엠,박영관,분석,737405620,87.137,87.728,0.16329 (100.16329),,2020/04/14 08:28:32,
151,2298139274,(주)영풍전력설비,심문수,분석,737414920,87.138,87.729,0.16457 (100.16457),,2020/04/17 08:32:17,
152,2158652711,주식회사 강원이엔씨,이명수,분석,737416563,87.138,87.73,0.16480 (100.1648),,2020/04/16 09:40:49,
153,1018174274,엠버전기주식회사,지성일,분석,737479998,87.146,87.737,0.17350 (100.1735),,2020/04/16 17:43:22,
154,2128134820,(주)명지건업,윤명칠,분석,737486560,87.147,87.738,0.17440 (100.1744),,2020/04/16 15:37:43,
155,1053461665,대우전기,황광연,분석,737496768,87.148,87.739,0.17580 (100.1758),,2020/04/17 10:20:13,
156,2048190516,주식회사동훈전설,정준모,분석,737525205,87.152,87.743,0.17970 (100.1797),,2020/04/16 15:23:14,
157,1048153657,(주)재윤전기,정인환,분석,737533225,87.153,87.743,0.18080 (100.1808),,2020/04/16 14:28:03,
158,3488800496,이삭전설 주식회사,김현승,분석,737533950,87.153,87.744,0.18089 (100.18089),,2020/04/15 23:04:34,
159,4878800409,주식회사 백산전기,이강호,분석,737546860,87.154,87.745,0.18267 (100.18267),,2020/04/16 12:51:45,
160,1148137654,(주)미동이엔씨,이병복,분석,737568953,87.157,87.748,0.18570 (100.1857),,2020/04/17 09:23:09,
161,1258180919,(주)경일전공,정요진,분석,737681240,87.172,87.761,0.20110 (100.2011),,2020/04/14 21:32:15,
162,1132179749,대한기전기술공사,최호용,분석,737708400,87.175,87.764,0.20482 (100.20482),,2020/04/17 09:08:25,
163,1198190687,고성산업 주식회사,남기용,분석,737715500,87.176,87.765,0.20579 (100.20579),,2020/04/16 13:19:32,
164,1208609541,청강전기(주),김관호,분석,737756342,87.181,87.77,0.21140 (100.2114),,2020/04/17 09:33:06,
165,2158171237,(주)모빌텍,오승환,분석,737777500,87.184,87.773,0.21430 (100.2143),,2020/04/16 17:23:49,
166,1178173829,(주)신흥이엔지,채종근,분석,737778940,87.184,87.773,0.21449 (100.21449),,2020/04/17 08:05:09,
167,2148105563,(주)인성이엔씨,김규만,분석,737808110,87.188,87.776,0.21850 (100.2185),,2020/04/13 12:32:30,
168,1138622681,(주)대건일렉트릭,최미령,분석,737851850,87.193,87.781,0.22449 (100.22449),,2020/04/16 09:35:45,
169,2158773334,주식회사 지에스아이앤티,신경선,분석,737875920,87.196,87.784,0.22780 (100.2278),,2020/04/16 13:02:10,
170,2118640396,주식회사 선진콘트롤 엔 엑세스,이철희,분석,737876648,87.197,87.784,0.22790 (100.2279),,2020/04/16 14:32:54,
171,1071450434,성용이앤씨,박용경,분석,737903100,87.2,87.787,0.23152 (100.23152),,2020/04/17 09:50:42,
172,1078612529,우전전설주식회사,배재호,분석,737913000,87.201,87.789,0.23288 (100.23288),,2020/04/17 08:06:56,
173,1138132506,광명전판(주),박보규,분석,737917480,87.202,87.789,0.23350 (100.2335),,2020/04/17 09:14:02,
174,1428168147,주식회사 다옴건설,이창석,분석,737949560,87.206,87.793,0.23789 (100.23789),,2020/04/14 13:38:12,
175,2068603588,주식회사 선호전기,엄진호,분석,737951000,87.206,87.793,0.23809 (100.23809),,2020/04/15 09:06:38,
176,1118101759,신원전설(주),심한섭,분석,737997685,87.212,87.799,0.24450 (100.2445),,2020/04/16 10:38:03,
177,1078724454,정일씨엔아이(주),유지봉,분석,738000000,87.212,87.799,0.24481 (100.24481),,2020/04/14 10:59:57,
178,2208798467,주식회사 태산이에이지,최홍석,분석,738099034,87.225,87.811,0.25839 (100.25839),,2020/04/16 10:05:42,
179,1098154781,(주)공항엔지니어링,박필립,분석,738153720,87.232,87.817,0.26590 (100.2659),,2020/04/16 20:24:56,
180,2208100563,경창계전 주식회사,이성욱,분석,738157640,87.232,87.818,0.26643 (100.26643),,2020/04/11 13:38:10,
181,1178161755,(주) 유강이엔씨,조천식,분석,738168303,87.234,87.819,0.26790 (100.2679),,2020/04/17 11:26:44,
182,2098121862,거우전설주식회사,김영훈,분석,738173772,87.234,87.82,0.26865 (100.26865),,2020/04/16 10:10:53,
183,3058175875,형성전기(주),오성구,분석,738198936,87.238,87.823,0.27210 (100.2721),,2020/04/17 08:32:45,
184,2178127061,주식회사 칸씨앤에스,이민지,분석,738206220,87.238,87.824,0.27310 (100.2731),,2020/04/16 14:07:56,
185,2158769714,주식회사 누리엔에스,박봉기,분석,738211320,87.239,87.824,0.27379 (100.27379),,2020/04/16 16:45:47,
186,1178169121,(주)도원파워스,이대원,분석,738214967,87.24,87.825,0.27429 (100.27429),,2020/04/16 14:42:57,
187,1058723013,주식회사 제일씨엔디,김종식,분석,738259440,87.245,87.83,0.28039 (100.28039),,2020/04/16 16:31:55,
188,2148619102,유석산업(주),최현호,분석,738306839,87.251,87.835,0.28690 (100.2869),,2020/04/17 09:22:27,
189,1138175669,(주)용상전기통신,권혁기,분석,738364440,87.259,87.842,0.29479 (100.29479),,2020/04/16 10:02:42,
190,1138183325,주식회사금강전력,오영선,분석,738377880,87.26,87.844,0.29664 (100.29664),,2020/04/13 17:19:42,
191,1132250448,대영ELS,황준영,분석,738383556,87.261,87.845,0.29742 (100.29742),,2020/04/16 10:38:04,
192,2060871389,경일건설,이상학,분석,738393883,87.262,87.846,0.29883 (100.29883),,2020/04/17 12:53:48,
193,2158148186,시스텍전기통신(주),전진우,분석,738411288,87.265,87.848,0.30122 (100.30122),,2020/04/16 10:33:49,
194,2048150440,명진전기건설주식회사,강명호,분석,738426564,87.267,87.85,0.30332 (100.30332),,2020/04/16 17:15:54,
195,1198192235,(주)성림파워넷,임성수,분석,738437300,87.268,87.851,0.30479 (100.30479),,2020/04/14 17:26:57,
196,1888700107,주식회사 전원이앤엘,윤병태,분석,738437355,87.268,87.851,0.30480 (100.3048),,2020/04/16 09:39:12,
197,2148188924,우민전기(주),이학표,분석,738444646,87.269,87.852,0.30580 (100.3058),,2020/04/16 14:34:09,
198,2208761714,(주)희상리인포스,노광근,분석,738468000,87.272,87.855,0.30900 (100.309),,2020/04/16 17:47:01,
199,1118128082,(주)디투엔지니어링,김낙경,분석,738483290,87.274,87.856,0.31110 (100.3111),,2020/04/17 09:52:04,
200,1058672201,유니테크전설(주),최미숙,분석,738506622,87.277,87.859,0.31430 (100.3143),,2020/04/16 15:12:30,
201,2158676085,(주)제이엠파워텍,이재만,분석,738517559,87.278,87.861,0.31580 (100.3158),,2020/04/16 11:34:09,
201,1098627732,(주)세종이엔지,방석진,분석,738517559,87.278,87.861,0.31580 (100.3158),,2020/04/17 08:26:16,
203,2068601178,주식회사 해인이티에프,오재근,분석,738530028,87.28,87.862,0.31751 (100.31751),,2020/04/16 13:34:39,
204,2128118209,상명전기(주),정찬조,분석,738573700,87.285,87.867,0.32349 (100.32349),,2020/04/16 17:15:17,
205,1058730625,주식회사 신한네오텍,강미순,분석,738583912,87.287,87.868,0.32490 (100.3249),,2020/04/16 15:57:44,
206,2128179545,(주) 한주전력,이병건,분석,738589014,87.287,87.869,0.32559 (100.32559),,2020/04/16 18:41:03,
207,2108108684,주식회사 대금이앤아이,김종우,분석,738605790,87.289,87.871,0.32790 (100.3279),,2020/04/13 14:13:59,
208,2100667463,세진전설공사,신윤환,분석,738613422,87.29,87.872,0.32894 (100.32894),,2020/04/17 09:08:49,
209,1058737201,주식회사 그린중전기,김종철,분석,738627659,87.292,87.874,0.33090 (100.3309),,2020/04/17 12:20:57,
210,2118743406,보성통신기술(주),장승익,분석,738655220,87.296,87.877,0.33468 (100.33468),,2020/04/17 09:38:02,
211,1138142173,(주)오무전기,강인순,분석,738694000,87.301,87.882,0.33999 (100.33999),,2020/04/14 17:11:00,
212,3048701391,(주)성안전기,김흥로,분석,738731920,87.305,87.886,0.34519 (100.34519),,2020/04/17 09:47:49,
213,2198106704,유복전기(주),유정식,분석,738763570,87.309,87.89,0.34954 (100.34954),,2020/04/09 15:45:03,
214,2118193336,(주)국제비엠에스,윤도선,분석,738805000,87.315,87.895,0.35522 (100.35522),,2020/04/16 16:14:38,
215,1138612373,(주)영진상공,김창숙,분석,738832120,87.318,87.898,0.35894 (100.35894),,2020/04/17 07:00:37,
216,1078158651,동남아전설(주),박형규,분석,738863180,87.322,87.902,0.36320 (100.3632),,2020/04/16 20:15:13,
217,6218182225,주식회사 이스트 전력기술,박경희,분석,738877750,87.324,87.903,0.36519 (100.36519),,2020/04/16 14:48:03,
218,2158138510,신신이앤씨주식회사,하대청,분석,738882792,87.325,87.904,0.36589 (100.36589),,2020/04/13 10:49:49,
219,1138634061,엔케이전기 주식회사,양남규,분석,738916030,87.329,87.908,0.37044 (100.37044),,2020/04/14 18:45:32,
220,2018180227,주식회사다와전기,정주섭,분석,738939730,87.332,87.911,0.37370 (100.3737),,2020/04/17 08:54:17,
221,2148677233,주식회사 우주전력,정윤주,분석,738947000,87.333,87.912,0.37469 (100.37469),,2020/04/16 20:33:48,
222,2068183592,(주)신광티앤이,이일환,분석,738952853,87.334,87.912,0.37549 (100.37549),,2020/04/16 08:57:15,
223,1108155460,주식회사 자유전설,김상중,분석,738975460,87.336,87.915,0.37860 (100.3786),,2020/04/17 08:46:27,
224,1168111572,남성기전(주),최전남,분석,739014100,87.341,87.92,0.38389 (100.38389),,2020/04/14 17:48:20,
225,1018144159,주식회사 넥선,박민호,분석,739023580,87.343,87.921,0.38520 (100.3852),,2020/04/14 11:50:41,
226,5188601557,주식회사 한국전기공사,최은하,분석,739027955,87.343,87.921,0.38580 (100.3858),,2020/04/16 17:56:03,
227,1058746506,(주)파워일렉,이정림,분석,739031240,87.344,87.922,0.38625 (100.38625),,2020/04/16 13:13:39,
228,1138132447,태진정보통신(주),정태수,분석,739051287,87.346,87.924,0.38900 (100.389),,2020/04/16 09:10:31,
229,1058639503,(주)원진건설산업,이철선,분석,739095000,87.352,87.929,0.39499 (100.39499),,2020/04/17 08:42:07,
230,2108116603,동경전력(주),정종만,분석,739129300,87.356,87.933,0.39969 (100.39969),,2020/04/15 16:15:44,
231,1198153514,다린전력(주),오승한,분석,739165000,87.361,87.938,0.40459 (100.40459),,2020/04/16 16:05:29,
232,2118691240,거성일렉콤(주),박성래,분석,739269299,87.374,87.95,0.41890 (100.4189),,2020/04/17 09:29:43,
233,2298125713,기현종합전기 주식회사,강신훈,분석,739291356,87.377,87.953,0.42192 (100.42192),,2020/04/13 13:33:09,
234,7638800545,주식회사 세양엔지니어링,조경희,분석,739299922,87.378,87.954,0.42309 (100.42309),,2020/04/16 20:26:02,
235,1098135727,삼호전설(주),이돈수,분석,739346586,87.384,87.959,0.42949 (100.42949),,2020/04/17 09:40:08,
236,1358178502,주식회사 디알네트웍스,이기영,분석,739419500,87.393,87.968,0.43949 (100.43949),,2020/04/14 15:23:47,
237,1298163120,옵티멀에너지서비스 주식회사,이형주,분석,739451000,87.397,87.972,0.44382 (100.44382),,2020/04/17 07:41:52,
238,2168100638,원흥전설(주),이제호,분석,739468500,87.399,87.974,0.44622 (100.44622),,2020/04/16 11:21:56,
239,1328127945,부민통신 주식회사,박창욱,분석,739527780,87.407,87.981,0.45435 (100.45435),,2020/04/14 10:56:14,
240,1078127876,동하시티개발주식회사,윤종사,분석,739528143,87.407,87.981,0.45440 (100.4544),,2020/04/17 08:01:32,
241,1068127039,진명이엔씨(주),박창호,분석,739534121,87.408,87.982,0.45522 (100.45522),,2020/04/13 16:59:42,
242,2158199690,주식회사 동도이엔씨,이종화,분석,739543330,87.409,87.983,0.45648 (100.45648),,2020/04/14 09:12:15,
243,2068656519,(주)한국에너지시스템,최석관,분석,739596682,87.416,87.989,0.46380 (100.4638),,2020/04/16 18:33:23,
244,3488100411,진경파워콤 주식회사,표명숙,분석,739608598,87.417,87.99,0.46543 (100.46543),,2020/04/16 18:25:32,
245,2148619081,주식회사 유신테크,김용근,분석,739629900,87.42,87.993,0.46835 (100.46835),,2020/04/16 09:49:19,
246,3748701181,주식회사 동현이엔지,이명선,분석,739664490,87.424,87.997,0.47309 (100.47309),,2020/04/17 09:19:39,
247,1088172753,이평전력 (주),김성진,분석,739732300,87.433,88.005,0.48239 (100.48239),,2020/04/16 11:17:44,
248,1328105709,(주)왕선전설,조정현,분석,739832922,87.446,88.017,0.49620 (100.4962),,2020/04/17 09:12:20,
249,2108115074,수림전력(주),민병삼,분석,739835474,87.446,88.017,0.49655 (100.49655),,2020/04/16 13:47:57,
250,2148673033,대일전기통신(주),김종엽,분석,739856250,87.449,88.02,0.49939 (100.49939),,2020/04/16 09:18:01,
251,1138672838,주식회사 현대전기건설공사,이덕하,분석,739878130,87.451,88.022,0.50240 (100.5024),,2020/04/16 12:11:06,
252,1168105686,대덕전설(주),남궁성규,분석,739894890,87.454,88.024,0.50469 (100.50469),,2020/04/16 16:40:34,
253,2048140753,(주)청효이씨이,이범석,분석,739948854,87.46,88.031,0.51210 (100.5121),,2020/04/16 11:12:45,
254,1288147108,주식회사 씨앤씨전력,정행엽,분석,739964167,87.462,88.033,0.51420 (100.5142),,2020/04/15 17:05:38,
255,1408141889,(주)내일이엔시,마명자,분석,739972970,87.464,88.034,0.51540 (100.5154),,2020/04/15 20:31:26,
256,1098603593,주식회사 완일이씨에스,김경창,분석,740012289,87.469,88.038,0.52080 (100.5208),,2020/04/16 16:33:25,
257,1168117751,(주)코스탈파워,김의선,분석,740018122,87.469,88.039,0.52160 (100.5216),,2020/04/16 18:09:45,
258,1408196138,봉황전력주식회사,김일환,분석,740023950,87.47,88.04,0.52239 (100.52239),,2020/04/16 17:50:09,
259,2078129117,경우전기(주),김한정,분석,740026310,87.47,88.04,0.52272 (100.52272),,2020/04/16 09:57:22,
260,1068180878,주식회사 신보,정재문,분석,740120750,87.482,88.051,0.53567 (100.53567),,2020/04/16 16:22:22,
261,2158745177,주식회사 티에이치이앤씨,권태국,분석,740150825,87.486,88.055,0.53980 (100.5398),,2020/04/16 13:15:55,
262,1198632979,성민전기 주식회사,김미영,분석,740167590,87.488,88.057,0.54209 (100.54209),,2020/04/15 15:37:33,
263,2148104884,두원이에프씨주식회사,황운천,분석,740170550,87.489,88.057,0.54250 (100.5425),,2020/04/10 13:57:21,
264,4028614887,주식회사 한우리이앤씨,김춘걸,분석,740182910,87.49,88.059,0.54420 (100.5442),,2020/04/14 18:02:44,
265,2098134940,주식회사윤송이엔씨,정윤계,분석,740214980,87.494,88.063,0.54859 (100.54859),,2020/04/14 14:26:17,
266,2088114223,이성전기 주식회사,이재호,분석,740236590,87.497,88.065,0.55156 (100.55156),,2020/04/16 17:01:24,
267,2068120414,(주)일광기업,오도진,분석,740244009,87.498,88.066,0.55258 (100.55258),,2020/04/16 10:04:53,
268,1108146831,경광테크(주),김경숙,분석,740266080,87.501,88.069,0.55560 (100.5556),,2020/04/17 12:46:48,
269,1088172812,주식회사 극광이엔지,김두진,분석,740332380,87.509,88.076,0.56470 (100.5647),,2020/04/16 17:41:34,
270,6088171744,주식회사 성민이엔에프,박성도,분석,740341200,87.51,88.078,0.56590 (100.5659),,2020/04/16 13:37:57,
271,1138163917,백두전기통신(주),장철,분석,740352067,87.512,88.079,0.56740 (100.5674),,2020/04/17 01:13:32,
272,2158712642,주식회사 케이피이신성,이준자,분석,740439563,87.523,88.089,0.57940 (100.5794),,2020/04/14 20:19:50,
273,1198644515,주식회사 타임엔지니어링,손용식,분석,740486957,87.529,88.095,0.58590 (100.5859),,2020/04/16 20:21:31,
274,1198191309,용진하이테크에너지 주식회사,김진석,분석,740526360,87.534,88.1,0.59130 (100.5913),,2020/04/16 16:17:43,
275,2198125754,알티엘산업 주식회사,이근태,분석,740586930,87.542,88.107,0.59961 (100.59961),,2020/04/15 12:55:17,
276,1098611773,주식회사상현엔지니어링,이재권,분석,740632000,87.548,88.112,0.60579 (100.60579),,2020/04/15 09:45:28,
277,2338701328,주식회사 서연이엔씨,장외득,분석,740686760,87.554,88.119,0.61330 (100.6133),,2020/04/16 17:34:32,
278,2098113590,(주)통광,박응성,분석,740687470,87.555,88.119,0.61340 (100.6134),,2020/04/16 09:11:38,
279,1068185252,(주)우리전설,이동원,분석,740764000,87.564,88.128,0.62389 (100.62389),,2020/04/17 08:55:28,
280,2108156304,(주)한진트래픽,정호택,분석,740817986,87.571,88.134,0.63130 (100.6313),,2020/04/17 09:30:43,
281,2038101742,株式會社 革新電工社,김희웅,분석,740822400,87.572,88.135,0.63190 (100.6319),,2020/04/16 09:18:55,
282,4468800048,해광이엔지(주),문준호,분석,740905481,87.582,88.145,0.64330 (100.6433),,2020/04/16 11:12:58,
283,2118606665,주식회사 아라랏,오선환,분석,741070813,87.603,88.164,0.66597 (100.66597),,2020/04/15 16:43:39,
284,1072030410,두리파워이엔씨,곽재민,분석,741090680,87.606,88.167,0.66869 (100.66869),,2020/04/15 22:24:48,
285,1058660665,(주)일신전업,김한경,분석,741151930,87.614,88.174,0.67710 (100.6771),,2020/04/17 06:39:28,
286,1058153698,진우산전(주),정진태,분석,741235049,87.624,88.184,0.68849 (100.68849),,2020/04/13 17:06:14,
287,1068146088,(주)인포스이앤씨,한영수,분석,741264216,87.628,88.187,0.69250 (100.6925),,2020/04/17 09:49:21,
288,1058622531,건웅신호산전(주),박정현,분석,741273510,87.629,88.188,0.69377 (100.69377),,2020/04/14 10:19:53,
289,1108609224,주식회사 두루스코,김옥연,분석,741306359,87.633,88.192,0.69827 (100.69827),,2020/04/17 09:59:57,
290,2118620935,주식회사 한양티이씨,조형국,분석,741309420,87.634,88.193,0.69869 (100.69869),,2020/04/14 14:14:28,
291,1178158978,주식회사 화일이엔에프,박광섭,분석,741374780,87.642,88.2,0.70766 (100.70766),,2020/04/14 15:03:45,
292,2058125376,주식회사 명성라이픽스,황석고,분석,741406397,87.646,88.204,0.71199 (100.71199),,2020/04/16 10:55:57,
293,1108177732,(주)와이비산전,김영배,분석,741411110,87.647,88.205,0.71264 (100.71264),,2020/04/16 14:41:58,
294,2068613903,주식회사 제이오전력,황건준,분석,741455698,87.652,88.21,0.71876 (100.71876),,2020/04/16 18:26:16,
295,2198128106,우선이엔씨(주),김광수,분석,741468650,87.654,88.212,0.72053 (100.72053),,2020/04/17 07:51:51,
296,2018609743,(주)바스파워텍,박형철,분석,741482228,87.656,88.213,0.72240 (100.7224),,2020/04/16 12:44:21,
297,2108130492,명신정보통신(주),서철,분석,741511030,87.66,88.217,0.72635 (100.72635),,2020/04/17 09:01:40,
298,2128148834,보길전력주식회사,두정호,분석,741598880,87.671,88.227,0.73839 (100.73839),,2020/04/16 17:06:33,
299,2148693043,(주)창대전기통신,송병택,분석,741625867,87.674,88.23,0.74209 (100.74209),,2020/04/16 17:18:08,
300,1058612732,대영산전(주),조병준,분석,741640670,87.676,88.232,0.74413 (100.74413),,2020/04/16 18:51:48,
301,1058111500,이화공영주식회사,최종찬,분석,741766000,87.692,88.247,0.76131 (100.76131),,2020/04/17 10:00:54,
302,1148101670,금광전설(주),박종갑,분석,741768779,87.692,88.247,0.76170 (100.7617),,2020/04/16 16:15:20,
303,1178155855,주식회사 태성전설,이미숙,분석,741776800,87.693,88.248,0.76280 (100.7628),,2020/04/16 12:07:27,
304,1188115986,주식회사 삼구아이앤씨,구자관,분석,741791381,87.695,88.25,0.76479 (100.76479),,2020/04/16 09:30:23,
305,2128140491,(주)벧엘정보통신,채수진,분석,742071370,87.731,88.283,0.80320 (100.8032),,2020/04/16 17:25:55,
306,1178143816,남영전설 주식회사,장효익,분석,742086600,87.733,88.285,0.80528 (100.80528),,2020/04/17 12:42:37,
307,1068199381,(주)효승이엔지,여종구,분석,742099807,87.735,88.287,0.80710 (100.8071),,2020/04/16 17:12:28,
308,1098150581,주식회사 우진파워텍,한용일,분석,742159500,87.742,88.294,0.81528 (100.81528),,2020/04/16 14:29:31,
309,1058164176,(주)신보파워텍,공민우,분석,742202752,87.748,88.299,0.82121 (100.82121),,2020/04/17 11:18:33,
310,5908600486,주식회사 다원전력,임선주,분석,742232500,87.751,88.303,0.82529 (100.82529),,2020/04/16 14:49:42,
311,1058714080,(주) 한일이앤에스,박완교,분석,742292298,87.759,88.31,0.83349 (100.83349),,2020/04/13 11:04:37,
312,1138171590,재원전기(주),최영일,분석,742305400,87.761,88.311,0.83529 (100.83529),,2020/04/16 10:51:31,
313,2055365680,유유전기,임선심,분석,742359380,87.768,88.318,0.84270 (100.8427),,2020/04/16 12:09:05,
314,1138670029,주식회사 아코이엔씨,백현기,분석,742360108,87.768,88.318,0.84280 (100.8428),,2020/04/17 09:24:09,
315,1130599973,세일전기공사,박성태,분석,742378300,87.77,88.32,0.84529 (100.84529),,2020/04/16 18:28:09,
316,2178122071,(주)전력안전이엔씨,이상인,분석,742451200,87.779,88.329,0.85529 (100.85529),,2020/04/16 10:12:56,
317,3148103604,합자회사 동성전기공사,박동훈,분석,742465834,87.781,88.33,0.85730 (100.8573),,2020/04/17 09:50:03,
318,2048618902,(유)새빛전력,김일주,분석,742524100,87.789,88.337,0.86529 (100.86529),,2020/04/16 14:40:47,
319,1308188892,(주) 거승이엔씨,김주완,분석,742553900,87.792,88.341,0.86937 (100.86937),,2020/04/14 08:46:11,
320,2128107793,호곡종합건설(주),박성환,분석,742623340,87.801,88.349,0.87890 (100.8789),,2020/04/17 11:50:14,
321,2098146276,성운전기주식회사,장성수,분석,742669900,87.807,88.355,0.88528 (100.88528),,2020/04/16 09:34:59,
322,1178130252,에이포유전기(주),신대식,분석,742742900,87.816,88.363,0.89529 (100.89529),,2020/04/16 17:23:50,
323,2208110116,풍림산업 주식회사,지우종,분석,742770000,87.82,88.366,0.89901 (100.89901),,2020/04/16 13:29:26,
324,2118698428,테크노빌리지 주식회사,유인목,분석,742857413,87.831,88.377,0.91100 (100.911),,2020/04/14 14:16:43,
325,1208645800,이루자주식회사,김철성,분석,742939000,87.841,88.387,0.92219 (100.92219),,2020/04/10 20:55:50,
326,2218120693,주식회사 일동에너텍,김종삼,분석,743011811,87.851,88.395,0.93218 (100.93218),,2020/04/16 15:37:47,
327,1130294924,오로라전기,김전국,분석,743173670,87.871,88.415,0.95437 (100.95437),,2020/04/15 23:04:47,
328,1358145603,한라인포넷(주),장경민,분석,744157430,87.997,88.532,1.08930 (101.0893),,2020/04/17 00:45:24,
329,2128179623,주식회사 대덕인더스,임관순,분석,745501550,88.168,88.691,1.27364 (101.27364),,2020/04/17 10:33:34,
330,1058130768,세원전설 주식회사,최영래,분석,746001415,88.232,88.751,1.34219 (101.34219),,2020/04/16 17:59:08,
331,1058162163,주식회사대한종합산전,이섭,분석,747000000,88.359,88.87,1.47915 (101.47915),,2020/04/14 16:12:01,
332,1328158680,(주)아성큐브스,조균상,분석,747095608,88.371,88.881,1.49226 (101.49226),,2020/04/17 09:28:11,
333,1058645500,태지종합건설(주),정지혜,분석,747292500,88.396,88.905,1.51927 (101.51927),,2020/04/16 23:50:30,
334,2208110402,정안전기(주),이학용,분석,749981043,88.739,89.224,1.88800 (101.888),,2020/04/12 22:00:28,
-1,2148668087,주식회사 네오티스,이운학,분석,734298776,86.741,87.359,-0.26280 (99.7372),,2020/04/14 17:35:57,
-2,2048168770,(주)대성파워텍,차의환,분석,734281280,86.738,87.357,-0.26520 (99.7348),,2020/04/16 18:23:11,
-3,1298129118,한국플랜트서비스 주식회사,허태진,분석,734218000,86.73,87.349,-0.27388 (99.72612),,2020/04/17 09:19:31,
-4,1088155278,금하개발(주),김채모,분석,734209090,86.729,87.348,-0.27511 (99.72489),,2020/04/16 12:08:29,
-5,1078682044,명승파워넷 주식회사,공건식,분석,734208360,86.729,87.348,-0.27521 (99.72479),,2020/04/13 09:57:57,
-6,6748100998,주식회사 대웅전기,김두식,분석,734190134,86.727,87.346,-0.27770 (99.7223),,2020/04/16 16:04:15,
-7,1268159398,(주)파이런텍,이병길,분석,734153680,86.722,87.341,-0.28270 (99.7173),,2020/04/16 10:00:59,
-8,2148186794,주식회사 리트코,정종경,분석,734145720,86.721,87.34,-0.28380 (99.7162),,2020/04/16 09:56:04,
-9,2058132431,(주)삼화동력개발,정권봉,분석,734135450,86.72,87.339,-0.28520 (99.7148),,2020/04/13 14:51:16,
-10,1110206384,진명전기,오진택,분석,734111388,86.717,87.336,-0.28850 (99.7115),,2020/04/16 15:22:25,
-11,2128197392,금수티아이주식회사,이형주,분석,734075660,86.712,87.332,-0.29340 (99.7066),,2020/04/16 09:05:10,
-12,1208128825,(주)이일엔지니어링,정찬면,분석,734068900,86.711,87.331,-0.29433 (99.70567),,2020/04/14 18:09:27,
-13,2018168000,(주)중부전기건설,조중건,분석,734062500,86.711,87.331,-0.29521 (99.70479),,2020/04/14 14:46:55,
-14,8108700714,신안일렉 주식회사,박성춘,분석,734002000,86.703,87.323,-0.30351 (99.69649),,2020/04/16 23:09:44,
-15,1138630202,(주)유성이엔씨,최용석,분석,733991047,86.702,87.322,-0.30501 (99.69499),,2020/04/14 15:54:18,
-16,1171483330,영지전력,유정인,분석,733981600,86.7,87.321,-0.30631 (99.69369),,2020/04/14 15:35:09,
-17,2068673274,주식회사 신일전기,조주희,분석,733975000,86.699,87.32,-0.30721 (99.69279),,2020/04/15 23:54:03,
-18,1778800569,주식회사 유원이씨에스,유명종,분석,733963373,86.698,87.319,-0.30880 (99.6912),,2020/04/17 08:54:19,
-19,1138124248,원전종합건설 주식회사,김창기,분석,733933000,86.694,87.315,-0.31297 (99.68703),,2020/04/17 09:44:16,
-20,5538801044,주식회사문장전력,이주선,분석,733929100,86.694,87.315,-0.31351 (99.68649),,2020/04/14 17:02:10,
-21,1198132561,신한동력(주),오재근,분석,733908690,86.691,87.312,-0.31630 (99.6837),,2020/04/13 10:21:24,
-22,1188117437,탑인더스트리(주),이정임,분석,733908687,86.691,87.312,-0.31631 (99.68369),,2020/04/13 16:15:14,
-23,1018642326,한우이앤에스(주),변준석,분석,733872230,86.686,87.308,-0.32131 (99.67869),,2020/04/16 10:10:25,
-24,6825300206,문희건설,유금희,분석,733856100,86.684,87.306,-0.32352 (99.67648),,2020/04/16 10:00:31,
-25,1208117027,세안이엔씨 주식회사,이은상,분석,733848169,86.683,87.305,-0.32460 (99.6754),,2020/04/17 08:51:21,
-26,1068194348,(주)퓨젼아이앤씨,임영출,분석,733788309,86.676,87.298,-0.33281 (99.66719),,2020/04/16 17:14:18,
-27,7958800498,주식회사 가람이앤티,조현근,분석,733783200,86.675,87.297,-0.33352 (99.66648),,2020/04/16 10:04:38,
-28,1098641258,신안전기 주식회사,오문용,분석,733762860,86.672,87.295,-0.33630 (99.6637),,2020/04/16 14:16:36,
-29,1058151176,(주)에스디엠엔씨,조성정,분석,733759070,86.672,87.294,-0.33682 (99.66318),,2020/04/13 11:39:31,
-30,1268678084,대양전기 주식회사,김금중,분석,733688307,86.663,87.286,-0.34653 (99.65347),,2020/04/16 09:40:08,
-31,1098186148,태신전력주식회사,김영길,분석,733661875,86.66,87.283,-0.35015 (99.64985),,2020/04/16 12:46:34,
-32,2098139213,(주)뉴타운전력,박형우,분석,733652761,86.658,87.282,-0.35140 (99.6486),,2020/04/17 07:28:20,
-33,2068631916,주식회사 세화에스엠,김유상,분석,733639568,86.657,87.28,-0.35321 (99.64679),,2020/04/16 18:31:09,
-34,2098124215,주식회사 진명전설,이은일,분석,733637400,86.656,87.28,-0.35351 (99.64649),,2020/04/17 10:38:42,
-35,2068190773,진일전력 주식회사,안승종,분석,733629430,86.655,87.279,-0.35460 (99.6454),,2020/04/16 09:02:20,
-36,1288138083,(주)유앤후레쉬,우재명,분석,733617760,86.654,87.278,-0.35621 (99.64379),,2020/04/15 19:03:28,
-37,8808800118,주식회사 골드만인터네셔날,이상구,분석,733617030,86.654,87.278,-0.35631 (99.64369),,2020/04/17 00:53:07,
-38,2118643772,주식회사 세양전기,김형재,분석,733612658,86.653,87.277,-0.35690 (99.6431),,2020/04/16 09:23:58,
-39,6098625011,주식회사 한신이티씨,한진용,분석,733564500,86.647,87.271,-0.36351 (99.63649),,2020/04/16 09:32:07,
-40,1348650447,미래하이텍 주식회사,최용석,분석,733528079,86.643,87.267,-0.36850 (99.6315),,2020/04/17 09:10:19,
-41,2308102874,(주)흥해전설,최운경,분석,733512037,86.64,87.265,-0.37070 (99.6293),,2020/04/16 23:22:07,
-42,2048129194,위성이앤씨(주),김두태,분석,733493080,86.638,87.263,-0.37330 (99.6267),,2020/04/14 10:04:18,
-43,1108616458,주식회사 백광이엔씨,이돈식,분석,733491600,86.638,87.263,-0.37351 (99.62649),,2020/04/16 11:02:09,
-44,2068687706,주식회사 우민기전,김홍구,분석,733480600,86.636,87.261,-0.37502 (99.62498),,2020/04/17 09:13:40,
-45,1198707012,창희이엔지 주식회사,한희목,분석,733471210,86.635,87.26,-0.37630 (99.6237),,2020/04/16 15:26:45,
-46,2078149656,코리아데이타코퍼레이션(주),이기철,분석,733468700,86.635,87.26,-0.37665 (99.62335),,2020/04/14 13:21:59,
-47,1101189443,태양전기,서옥심,분석,733418700,86.629,87.254,-0.38351 (99.61649),,2020/04/15 18:42:09,
-48,2108145170,주식회사 시울에너지,민애숙,분석,733409777,86.627,87.253,-0.38473 (99.61527),,2020/04/16 13:46:54,
-49,1148642486,주식회사 큐브정보통신,유봉수,분석,733345700,86.619,87.245,-0.39352 (99.60648),,2020/04/16 13:35:26,
-50,2158197106,주식회사통해,전용일,분석,733283820,86.611,87.238,-0.40200 (99.598),,2020/04/13 14:56:05,
-51,1098160605,프로전력(주),최성훈,분석,733240070,86.606,87.233,-0.40800 (99.592),,2020/04/16 09:52:13,
-52,2158728498,주식회사 케이비이앤씨,고병길,분석,733234240,86.605,87.232,-0.40880 (99.5912),,2020/04/16 11:38:18,
-53,1288179143,(주)이스타이앤씨,이장영,분석,733178823,86.598,87.225,-0.41640 (99.5836),,2020/04/17 10:53:42,
-54,1170448902,대영이엔티(ENT）,이현정,분석,733144560,86.594,87.221,-0.42110 (99.5789),,2020/04/17 11:51:26,
-55,7478801353,청신이엔지(주),박승연,분석,733128520,86.592,87.219,-0.42330 (99.5767),,2020/04/16 17:15:20,
-56,2158603049,유니넷텍(주),김한호,분석,733079660,86.585,87.214,-0.43000 (99.57),,2020/04/15 08:51:48,
-57,3502700237,가야건설전기공사,원양실,분석,733065800,86.584,87.212,-0.43191 (99.56809),,2020/04/14 11:05:34,
-58,5898600943,보양전설 주식회사,김병기,분석,732969560,86.571,87.201,-0.44510 (99.5549),,2020/04/17 12:18:55,
-59,1088156205,주식회사 다우전설,동용찬,분석,732925160,86.566,87.195,-0.45119 (99.54881),,2020/04/16 13:17:51,
-60,1198605337,(주)신한이엔아이,유순자,분석,732879880,86.56,87.19,-0.45740 (99.5426),,2020/04/16 09:46:45,
-61,2120484902,삼구전력,구흥모,분석,732871855,86.559,87.189,-0.45851 (99.54149),,2020/04/16 10:07:26,
-62,6488600015,주식회사 장우전력,김금순,분석,732842446,86.555,87.185,-0.46254 (99.53746),,2020/04/16 20:12:16,
-63,2068111458,수암전기(주),서갑영,분석,732809760,86.551,87.182,-0.46702 (99.53298),,2020/04/17 09:24:00,
-64,1078143707,(주)신창전기,홍성수,분석,732719470,86.54,87.171,-0.47940 (99.5206),,2020/04/14 10:28:43,
-65,1138630522,주식회사진성산전,이근영,분석,732692454,86.536,87.168,-0.48311 (99.51689),,2020/04/16 16:52:34,
-66,2078136393,삼언전공 주식회사,공석복,분석,732613013,86.526,87.158,-0.49400 (99.506),,2020/04/16 17:38:03,
-67,1058792785,주식회사 신석,김민경,분석,732588220,86.523,87.155,-0.49741 (99.50259),,2020/04/14 11:54:49,
-68,2088100603,(주)전우사,김한재,분석,732567660,86.52,87.153,-0.50022 (99.49978),,2020/04/16 14:06:36,
-69,2011497895,정우이앤씨,유동환,분석,732534871,86.516,87.149,-0.50472 (99.49528),,2020/04/16 11:19:50,
-70,1788800164,주식회사 세화전기,고욱,분석,732458430,86.506,87.14,-0.51521 (99.48479),,2020/04/16 17:52:27,
-71,2148854189,(주)태원전기,김응식,분석,732446039,86.505,87.138,-0.51691 (99.48309),,2020/04/16 10:00:17,
-72,1198617129,주식회사 조인에프에스,박용민,분석,732396460,86.498,87.132,-0.52370 (99.4763),,2020/04/08 13:46:22,
-73,5528100820,주식회사 다보파워솔루션,강세인,분석,732395730,86.498,87.132,-0.52380 (99.4762),,2020/04/16 14:20:16,
-74,1078746443,(주)라인테크놀로지,유현식,분석,732273236,86.483,87.118,-0.54060 (99.4594),,2020/04/14 09:49:09,
-75,2048191738,(주)동양전설,김상필,분석,732217800,86.476,87.111,-0.54821 (99.45179),,2020/04/16 10:08:01,
-76,1108154781,(주)태경전업,정태홍,분석,732156573,86.468,87.104,-0.55660 (99.4434),,2020/04/14 14:33:15,
-77,1078606385,대선아이넷(주),신일자,분석,732040700,86.453,87.09,-0.57250 (99.4275),,2020/04/16 15:54:51,
-78,2018195114,(주)신일이엘티,최보순,분석,731979390,86.445,87.083,-0.58091 (99.41909),,2020/04/16 14:12:36,
-79,2068184285,주식회사 진명파워택,이명규,분석,731959686,86.443,87.08,-0.58361 (99.41639),,2020/04/17 09:52:14,
-80,1198687606,주식회사 수호건설,박미숙,분석,731958240,86.443,87.08,-0.58381 (99.41619),,2020/04/14 15:53:48,
-81,6458800418,청명이엔지 주식회사,김형준,분석,731949464,86.441,87.079,-0.58501 (99.41499),,2020/04/16 10:27:17,
-82,2158168163,블루엔이(주),정홍채,분석,731853200,86.429,87.068,-0.59821 (99.40179),,2020/04/16 10:16:43,
-83,1088156544,메가파워넷(주),신현만,분석,731784740,86.42,87.06,-0.60760 (99.3924),,2020/04/16 02:09:23,
-84,1058740405,(주)화성이엔지,김택환,분석,731759923,86.417,87.057,-0.61100 (99.389),,2020/04/16 10:14:08,
-85,1078122793,대한전기 주식회사,이동기,분석,731746252,86.416,87.055,-0.61288 (99.38712),,2020/04/17 08:36:57,
-86,2128198047,동성제넥스(주),이선구,분석,731686280,86.408,87.048,-0.62110 (99.3789),,2020/04/16 08:50:25,
-87,2048161869,(주)근영이엔씨,이성영,분석,731656385,86.404,87.044,-0.62520 (99.3748),,2020/04/16 10:14:00,
-88,1228800176,주식회사 케이피이씨이,장희택,분석,731627948,86.4,87.041,-0.62911 (99.37089),,2020/04/16 13:22:08,
-89,7408600077,주식회사 선연이엔지,장석선,분석,731608992,86.398,87.039,-0.63170 (99.3683),,2020/04/14 16:56:12,
-90,2118836479,(주)에스피엔이,이정임,분석,731536000,86.389,87.03,-0.64172 (99.35828),,2020/04/17 12:58:03,
-91,4108607408,주식회사 천운정보통신,김복중,분석,731517900,86.386,87.028,-0.64420 (99.3558),,2020/04/16 09:06:34,
-92,2118100384,(주)빛과사람,김상호,분석,731455150,86.378,87.02,-0.65280 (99.3472),,2020/04/14 11:45:53,
-93,2068154836,(주)경인토건,이명호,분석,731438500,86.376,87.018,-0.65509 (99.34491),,2020/04/16 11:02:57,
-94,2200276258,세일통전,채완식,분석,731435456,86.376,87.018,-0.65551 (99.34449),,2020/04/16 18:17:19,
-95,2118891040,주식회사 동일전기,정오성,분석,731409940,86.373,87.015,-0.65900 (99.341),,2020/04/14 11:43:27,
-96,1198154906,제이원스 주식회사,한은영,분석,731390250,86.37,87.013,-0.66170 (99.3383),,2020/04/16 17:06:59,
-97,1198705635,주식회사 대진종합이엔지,국원근,분석,731358900,86.366,87.009,-0.66600 (99.334),,2020/04/16 13:53:36,
-98,1058192352,한아름정보통신(주),손경선,분석,731237850,86.351,86.995,-0.68261 (99.31739),,2020/04/14 17:03:45,
-99,1048636288,(주)엠케이이엔씨,문광일,분석,731232940,86.35,86.994,-0.68328 (99.31672),,2020/04/14 17:04:17,
-100,1068160552,(주)금산트리피아,김백순,분석,731228600,86.35,86.993,-0.68388 (99.31612),,2020/04/14 12:09:47,
-101,1088613481,주식회사 대산전설,김철진,분석,731224737,86.349,86.993,-0.68440 (99.3156),,2020/04/14 17:07:12,
-102,1108161337,주식회사 태영이엔티,이태구,분석,731159118,86.341,86.985,-0.69340 (99.3066),,2020/04/14 15:53:56,
-103,2178124496,에스디전력(주),이현희,분석,731157474,86.341,86.985,-0.69363 (99.30637),,2020/04/16 16:56:55,
-104,6818700095,주식회사 진영이엔씨,조근호,분석,731117553,86.335,86.98,-0.69910 (99.3009),,2020/04/16 10:14:33,
-105,1208775747,주식회사 나노전력,최명기,분석,731089117,86.332,86.977,-0.70300 (99.297),,2020/04/17 11:03:27,
-106,1138198944,(주)일백에스앤씨,조용하,분석,731086930,86.332,86.977,-0.70330 (99.2967),,2020/04/14 14:07:42,
-107,1128141680,주식회사엠케이씨티,장재철,분석,731078190,86.33,86.976,-0.70450 (99.2955),,2020/04/17 09:04:34,
-108,2048131967,(주)용백전설,곽의영,분석,731068701,86.329,86.974,-0.70580 (99.2942),,2020/04/16 08:12:33,
-109,4348801082,유진파워텍 주식회사,전삼영,분석,730941832,86.313,86.959,-0.72320 (99.2768),,2020/04/16 16:07:24,
-110,2048618746,(주)이화이엔지,김효중,분석,730941100,86.313,86.959,-0.72331 (99.27669),,2020/04/17 09:11:41,
-111,2048191117,(주)태경일렉트릭존,김경태,분석,730930166,86.312,86.958,-0.72480 (99.2752),,2020/04/16 19:05:03,
-112,2018634956,주식회사 신성전자통신,전용한,분석,730914124,86.31,86.956,-0.72700 (99.273),,2020/04/16 11:41:20,
-113,1178181576,주식회사 창조전기,김명택,분석,730886417,86.306,86.953,-0.73080 (99.2692),,2020/04/16 18:10:39,
-114,2048109261,영한산업(주),권지영,분석,730839000,86.3,86.947,-0.73731 (99.26269),,2020/04/17 08:54:36,
-115,1018197466,주식회사콤위즈,정윤권,분석,730806950,86.296,86.943,-0.74170 (99.2583),,2020/04/14 16:57:38,
-116,1178167894,(주)동우이에프씨,이동술,분석,730795270,86.294,86.942,-0.74331 (99.25669),,2020/04/16 14:32:01,
-117,2098147159,(주)동방에스앤에스,정재훈,분석,730750072,86.289,86.936,-0.74950 (99.2505),,2020/04/16 17:25:21,
-118,1358131171,(주)금성전기통신공사,김윤환,분석,730724550,86.285,86.933,-0.75300 (99.247),,2020/04/14 10:10:17,
-119,1058186995,부원동력(주),이병의,분석,730700488,86.282,86.931,-0.75630 (99.2437),,2020/04/16 09:01:54,
-120,1052261721,오성전업사,임후연,분석,730649450,86.276,86.925,-0.76330 (99.2367),,2020/04/16 14:28:44,
-121,1048190405,(주)창희이엔에스,임창우,분석,730503620,86.257,86.907,-0.78330 (99.2167),,2020/04/14 16:27:58,
-122,2688800865,주식회사 장원전력공사,장성원,분석,730394760,86.243,86.894,-0.79823 (99.20177),,2020/04/16 20:30:35,
-123,7518700884,주식회사 유경전기,류난희,분석,730295088,86.231,86.882,-0.81190 (99.1881),,2020/04/16 09:36:26,
-124,2218149045,주식회사 디에이치파워텍,김대흥,분석,730262277,86.226,86.878,-0.81640 (99.1836),,2020/04/17 09:23:43,
-125,1198611222,(주)제이에이티,이세창,분석,730104460,86.206,86.86,-0.83805 (99.16195),,2020/04/14 17:42:56,
-126,7508600152,육일전기공사주식회사,공삼례,분석,729789770,86.166,86.822,-0.88121 (99.11879),,2020/04/17 12:23:19,
-127,1081775443,제이엠이엔지,진정민,분석,729707370,86.156,86.812,-0.89251 (99.10749),,2020/04/13 11:27:45,
-128,1058761400,주식회사 해성기전,오정화,분석,729567777,86.138,86.796,-0.91165 (99.08835),,2020/04/16 16:44:02,
-129,6498800142,주식회사 다래전력,김우수,분석,729433248,86.121,86.78,-0.93010 (99.0699),,2020/04/17 09:48:27,
-130,1098120807,(주)케이비에스비즈니스,김의철,분석,729432519,86.121,86.78,-0.93020 (99.0698),,2020/04/17 10:01:07,
-131,1188108054,대한신호(주),안종석,분석,729339189,86.109,86.769,-0.94301 (99.05699),,2020/04/13 18:14:33,
-132,2068196840,주식회사 혜성이티에스,이상영,분석,729269920,86.1,86.76,-0.95251 (99.04749),,2020/04/15 18:34:56,
-133,1048800071,주식회사 대광사업단,박선희,분석,729140136,86.084,86.745,-0.97030 (99.0297),,2020/04/17 09:36:44,
-134,2068601047,왕건전기 주식회사,한미라,분석,729137219,86.083,86.745,-0.97070 (99.0293),,2020/04/17 08:50:51,
-135,1098160599,새천년전기(주),최정환,분석,729136451,86.083,86.744,-0.97081 (99.02919),,2020/04/16 16:54:33,
-136,6158157115,주식회사 지이티에스,윤재선,분석,729022015,86.068,86.731,-0.98650 (99.0135),,2020/04/16 17:04:23,
-137,1054180243,태우산전,강정자,분석,728481724,86.0,86.667,-1.06061 (98.93939),,2020/04/16 11:16:14,
-138,1068199682,(주)광도전기통신공사,정학철,분석,728385440,85.987,86.655,-1.07381 (98.92619),,2020/04/16 12:22:28,
-139,1078104441,진화전기(주),문충모,분석,728260068,85.971,86.64,-1.09100 (98.909),,2020/04/17 12:14:41,
-140,1138137229,두복산전(주),이영두,분석,727727727,85.904,86.577,-1.16401 (98.83599),,2020/04/16 15:22:02,
-141,2118850165,해음전기(주),김년봉,분석,727718320,85.902,86.576,-1.16530 (98.8347),,2020/04/15 18:10:24,
-142,1138139080,(주)성강통신기술사사무소,안치영,분석,727378542,85.859,86.535,-1.21190 (98.7881),,2020/04/17 09:29:51,
-143,2148768177,(주)프라임엔시스템,윤재중,분석,727311500,85.851,86.527,-1.22110 (98.7789),,2020/04/17 10:52:09,
-144,2068611657,(주)평해기전,정희영,분석,725552214,85.626,86.318,-1.46238 (98.53762),,2020/04/16 09:44:07,
-145,5658600952,주식회사 성남전기,최병열,분석,720946070,85.04,85.77,-2.09411 (97.90589),,2020/04/17 12:44:46,
-146,2168107645,(주)한신기전통신,한후수,분석,467353480,52.734,55.6,-36.87396 (63.12604),,2020/04/13 10:58:12,
-147,2150658649,현대전기건설공사,이건돈,분석,179308520,16.039,21.332,-76.37891 (23.62109),,2020/04/16 18:24:28,
