,순위,사업자 등록번호,업체명,대표,경쟁사 분석,투찰금액,예가대비 투찰률(%)  A,기초대비 투찰률(%),기초대비 사정률(%)  A,추첨번호,투찰일시,비고
0,1,2158735193,주식회사 시너젠,윤금란,분석,261684646.0,87.748,88.958,0.50860 (100.5086),,2024/06/07 14:01:10,
1,2,1138677788,(주)제이에스지테크,박혜경,분석,261694710.0,87.751,88.961,0.51249 (100.51249),,2024/06/10 11:00:46,
2,3,1148182595,주식회사 싸인텔레콤,박영기,분석,261698580.0,87.753,88.962,0.51399 (100.51399),,2024/06/11 09:43:46,
3,4,5298100062,주식회사 알에프코리아,신현성,분석,261701940.0,87.754,88.963,0.51530 (100.5153),,2024/06/10 09:44:27,
4,5,1138175034,(주)윈플러스정보기술,정재원,분석,261718570.0,87.76,88.969,0.52174 (100.52174),,2024/06/10 16:56:18,
5,6,2208727579,주식회사 벡트,유창수,분석,261731366.0,87.765,88.973,0.52670 (100.5267),,2024/06/11 09:11:36,
6,7,2098113590,(주)통광,박용준,분석,261732423.0,87.765,88.974,0.52711 (100.52711),,2024/06/10 17:43:43,
7,8,1118101759,신원전설(주),심한섭,분석,261735750.0,87.766,88.975,0.52839 (100.52839),,2024/06/10 11:55:15,
8,9,2308103607,주식회사 디케이앤트,양동국,분석,261736249.0,87.766,88.975,0.52859 (100.52859),,2024/06/07 14:23:25,
9,10,1098603050,(주)이루기술,박지현,분석,261737560.0,87.767,88.976,0.52910 (100.5291),,2024/06/10 09:30:24,
10,11,2048160050,(주)신화데이타,최용준,분석,261744000.0,87.769,88.978,0.53159 (100.53159),,2024/06/09 21:16:24,
11,12,1058130768,세원전설 주식회사,최영래,분석,261748143.0,87.771,88.979,0.53320 (100.5332),,2024/06/10 15:40:30,
12,13,2148105563,(주)인성이엔씨,김규만,분석,261756144.0,87.773,88.982,0.53630 (100.5363),,2024/06/04 11:22:06,
13,14,2148186794,주식회사 리트코,정종경,분석,261761500.0,87.775,88.984,0.53837 (100.53837),,2024/06/05 18:04:29,
14,15,2148722924,주식회사 다음정보기술,김은선,분석,261770500.0,87.779,88.987,0.54186 (100.54186),,2024/06/04 13:58:57,
15,16,1088182120,(주) 포스콤 에스아이,양병기,분석,261777720.0,87.781,88.989,0.54465 (100.54465),,2024/06/10 09:25:19,
16,17,1068606738,(주)퓨쳐아이티,정정민,분석,261790400.0,87.786,88.993,0.54957 (100.54957),,2024/06/10 23:02:32,
17,18,1138629762,주식회사 이너인포,이정균,분석,261793423.0,87.787,88.995,0.55074 (100.55074),,2024/06/05 10:27:49,
18,19,2138198870,주식회사 근우,김재진,분석,261797882.0,87.789,88.996,0.55247 (100.55247),,2024/06/10 09:46:46,
19,20,1018154598,씨엔에스코리아(주),유호태,분석,261798965.0,87.789,88.996,0.55289 (100.55289),,2024/06/10 07:42:11,
20,21,1108131570,(주)조은시스템,김창윤,분석,261815250.0,87.795,89.002,0.55919 (100.55919),,2024/06/05 14:42:02,
21,22,1018143596,부기테크(주),은철우,분석,261829380.0,87.8,89.007,0.56467 (100.56467),,2024/06/10 15:03:47,
22,23,2148824685,육일정보통신 주식회사,김지곤,분석,261860950.0,87.811,89.017,0.57690 (100.5769),,2024/06/10 15:56:07,
23,24,2068120414,(주)일광기업,오도진,분석,261865921.0,87.813,89.019,0.57883 (100.57883),,2024/06/10 08:52:51,
24,25,1078735096,주식회사 등대씨엔씨,서철승,분석,261871270.0,87.815,89.021,0.58090 (100.5809),,2024/06/10 11:09:27,
25,26,2098119463,(주)두레정보통신,김시영,분석,261872000.0,87.815,89.021,0.58118 (100.58118),,2024/06/11 08:23:11,
26,27,2018179526,중앙케이블네트워크(주),노상우,분석,261872812.0,87.816,89.021,0.58150 (100.5815),,2024/06/07 17:18:57,
27,28,2058140076,(주)제일첨단테크,김성수,분석,261885201.0,87.82,89.026,0.58629 (100.58629),,2024/06/10 09:38:08,
28,29,2188103742,피에스텍(주),황재용,분석,261890891.0,87.822,89.028,0.58850 (100.5885),,2024/06/04 09:51:41,
29,30,2118895916,주식회사 지오통신,김영송,분석,261896500.0,87.824,89.03,0.59067 (100.59067),,2024/06/10 08:56:34,
30,31,2158640952,(주)에스티탑,민기동,분석,261898366.0,87.825,89.03,0.59140 (100.5914),,2024/06/10 08:40:09,
31,32,2208660663,주식회사 데이타렉스,김정국,분석,261904000.0,87.827,89.032,0.59358 (100.59358),,2024/06/05 15:57:33,
32,33,1138628119,주식회사 아이티로그,김인희,분석,261920305.0,87.833,89.038,0.59990 (100.5999),,2024/06/10 10:03:17,
33,34,2098134713,키엔컴 주식회사,최성덕,분석,261922600.0,87.834,89.038,0.60078 (100.60078),,2024/06/07 13:21:09,
34,35,1068602542,주식회사 유셀네트웍스,김구동,분석,261927370.0,87.835,89.04,0.60263 (100.60263),,2024/06/10 09:05:39,
35,36,2708702044,(주)넷원시스템,김두한,분석,261931146.0,87.837,89.041,0.60410 (100.6041),,2024/06/10 07:56:57,
36,37,1088124659,(주)비젼텔레콤,김진수,분석,261937600.0,87.839,89.044,0.60660 (100.6066),,2024/06/05 08:35:17,
37,38,1078197085,(주)코어넷,소흥섭,분석,261940181.0,87.84,89.044,0.60760 (100.6076),,2024/06/10 17:38:32,
38,39,1198600157,(주)제스엔지니어링,오인수,분석,261944827.0,87.842,89.046,0.60940 (100.6094),,2024/06/07 08:21:10,
39,40,1078606385,대선아이넷(주),신일자,분석,261946300.0,87.842,89.046,0.60997 (100.60997),,2024/06/10 17:31:59,
40,41,1098150316,(주)건우통신,노형환,분석,261962630.0,87.848,89.052,0.61629 (100.61629),,2024/06/10 09:17:03,
41,42,1058649262,주식회사 노하우전기통신,임창배,분석,261973400.0,87.852,89.056,0.62047 (100.62047),,2024/06/10 09:57:37,
42,43,2148710582,모던웨이브(주),원회광,분석,261977931.0,87.853,89.057,0.62222 (100.62222),,2024/06/07 11:31:06,
43,44,2148619102,유석산업(주),최현호,분석,261981377.0,87.855,89.058,0.62356 (100.62356),,2024/06/10 13:28:48,
44,45,1188114764,(주)세빛전자통신,이상호,분석,261992580.0,87.859,89.062,0.62790 (100.6279),,2024/06/05 10:37:54,
45,46,1138148861,선진인포텍(주),김인구,분석,261999030.0,87.861,89.064,0.63039 (100.63039),,2024/06/11 14:37:54,
46,47,2148107988,(주)서울정보시스템,이문현,분석,262004080.0,87.863,89.066,0.63235 (100.63235),,2024/06/07 09:43:31,
47,48,1068601621,주식회사 동양타브,이세근,분석,262021745.0,87.869,89.072,0.63920 (100.6392),,2024/06/07 10:01:31,
48,49,2048133679,(주)뉴콤,배상열,분석,262060985.0,87.883,89.085,0.65440 (100.6544),,2024/06/05 11:08:58,
49,50,6378801279,주식회사정암정보통신,조강수,분석,262073370.0,87.888,89.09,0.65920 (100.6592),,2024/06/07 08:34:50,
0,51,2148670792,(주)토마토시스템,이상돈,분석,262076730.0,87.889,89.091,0.66050 (100.6605),,2024/06/10 10:12:49,
1,52,1198164229,(주) 이준시스템,한상훈,분석,262083500.0,87.892,89.093,0.66312 (100.66312),,2024/06/10 15:14:57,
2,53,1058188805,(주)경성텔레콤,김천수,분석,262094040.0,87.895,89.097,0.66720 (100.6672),,2024/06/07 16:05:45,
3,54,1138170266,(주)리빙콘트롤,김병진,분석,262109762.0,87.901,89.102,0.67329 (100.67329),,2024/06/10 09:28:39,
4,55,1078724454,정일씨엔아이(주),유지봉,분석,262155100.0,87.917,89.117,0.69086 (100.69086),,2024/06/07 10:15:01,
5,56,1098613335,주식회사 스마트씨앤아이,임요웅,분석,262158290.0,87.919,89.119,0.69210 (100.6921),,2024/06/10 13:35:12,
6,57,2041077930,라인월드정보,박선양,분석,262189262.0,87.93,89.129,0.70409 (100.70409),,2024/06/07 14:59:45,
7,58,1088155278,금하개발(주),김명준,분석,262190812.0,87.93,89.13,0.70470 (100.7047),,2024/06/10 17:37:07,
8,59,2038164674,주식회사 컴버스테크,이돈원,분석,262202600.0,87.935,89.134,0.70926 (100.70926),,2024/06/10 09:16:23,
9,60,1148131820,(주)대한전광,김재을,분석,262208621.0,87.937,89.136,0.71160 (100.7116),,2024/06/10 11:15:07,
10,61,8758100854,주식회사피앤에스네트웍솔루션,정용선,분석,262211202.0,87.938,89.137,0.71260 (100.7126),,2024/06/07 10:18:55,
11,62,8268102035,주식회사 더블유엔에스,박현준,분석,262221000.0,87.941,89.14,0.71639 (100.71639),,2024/06/03 22:26:56,
12,63,1068180878,주식회사 신보,정재문,분석,262235950.0,87.947,89.145,0.72218 (100.72218),,2024/06/11 08:35:35,
13,64,2158197106,주식회사통해,전용일,분석,262247340.0,87.951,89.149,0.72660 (100.7266),,2024/06/07 08:45:41,
14,65,1068619761,(주) 한걸음정보통신,정진원,분석,262257020.0,87.954,89.152,0.73035 (100.73035),,2024/06/07 07:58:52,
15,66,2048124559,(주)대용와트스,남상태,분석,262264891.0,87.957,89.155,0.73340 (100.7334),,2024/06/07 08:45:11,
16,67,2298134599,(주)시에나텔레콤,임종태,분석,262275473.0,87.961,89.158,0.73750 (100.7375),,2024/06/10 10:08:45,
17,68,2128107793,호곡종합건설(주),박성환,분석,262301285.0,87.97,89.167,0.74750 (100.7475),,2024/06/11 14:51:29,
18,69,2148669048,보라정보통신 주식회사,송석상,분석,262324157.0,87.978,89.175,0.75636 (100.75636),,2024/06/07 14:13:57,
19,70,3738701418,주식회사 에스비넷,허훈,분석,262328820.0,87.98,89.177,0.75816 (100.75816),,2024/06/05 14:54:37,
20,71,1018144159,주식회사 넥선,박민호,분석,262329680.0,87.98,89.177,0.75850 (100.7585),,2024/06/05 15:13:39,
21,72,1388113508,(주)이엔티파워,장정수,분석,262359550.0,87.991,89.187,0.77007 (100.77007),,2024/06/10 19:58:09,
22,73,2108150348,승호시스템(주),이계승,분석,262368390.0,87.994,89.19,0.77349 (100.77349),,2024/06/11 09:37:59,
23,74,2158706984,도드람정보기술 주식회사,이명석,분석,262385170.0,88.0,89.196,0.77999 (100.77999),,2024/06/07 14:38:07,
24,75,2200459632,하나정보통신,현광섭,분석,262389044.0,88.002,89.197,0.78149 (100.78149),,2024/06/10 09:59:44,
25,76,2208180951,엘지정보기술(주),엄태원,분석,262401433.0,88.006,89.201,0.78629 (100.78629),,2024/06/07 10:21:19,
26,77,1198609084,주식회사 유니씨엔에스,박경임,분석,262420793.0,88.013,89.208,0.79380 (100.7938),,2024/06/10 08:10:49,
27,78,7418801210,주식회사 한국에이브이산업,이재숙,분석,262439100.0,88.02,89.214,0.80089 (100.80089),,2024/06/10 06:21:20,
28,79,1148676763,유토피아정보기술(주),안종섭,분석,262439377.0,88.02,89.214,0.80100 (100.801),,2024/06/10 09:58:43,
29,80,2188101953,주식회사 비츠로시스,이기재,분석,262441184.0,88.021,89.215,0.80170 (100.8017),,2024/06/10 09:38:26,
30,81,1358145603,한라인포넷(주),장경민,분석,262441958.0,88.021,89.215,0.80200 (100.802),,2024/06/09 23:36:41,
31,82,1198632979,성민전기 주식회사,김미영,분석,262471130.0,88.031,89.225,0.81330 (100.8133),,2024/06/07 14:57:13,
32,83,1098145720,주식회사 영원텔레콤,김재성,분석,262496670.0,88.041,89.234,0.82319 (100.82319),,2024/06/07 17:01:43,
33,84,6338800846,원흥이엔씨 주식회사,최재혁,분석,262502616.0,88.043,89.236,0.82550 (100.8255),,2024/06/07 15:16:42,
34,85,2108145170,주식회사 시울에너지,민애숙,분석,262518960.0,88.049,89.241,0.83183 (100.83183),,2024/06/10 10:10:36,
35,86,1088159691,(주)다우텔레콤,이영순,분석,262540818.0,88.056,89.249,0.84030 (100.8403),,2024/06/10 20:17:21,
36,87,1058676906,(주)디엠씨정보,윤성인,분석,262541800.0,88.057,89.249,0.84068 (100.84068),,2024/06/10 17:06:01,
37,88,1138135425,(주)뉴넷팝,이경택,분석,262548818.0,88.059,89.251,0.84339 (100.84339),,2024/06/09 14:58:50,
38,89,2148847295,티에스퓨처 주식회사,김명성,분석,262567900.0,88.066,89.258,0.85079 (100.85079),,2024/06/07 18:53:00,
39,90,1198153402,고현건설(주),이화선,분석,262573600.0,88.068,89.26,0.85300 (100.853),,2024/06/11 14:41:12,
40,91,1188111020,주식회사 한영씨앤이,박대서,분석,262589600.0,88.074,89.265,0.85919 (100.85919),,2024/06/07 11:13:58,
41,92,1138157962,(주)하이눈정보통신,이희경,분석,262594763.0,88.076,89.267,0.86120 (100.8612),,2024/06/07 10:29:42,
42,93,1098167078,(주)에스씨네트,이계영,분석,262618250.0,88.084,89.275,0.87029 (100.87029),,2024/06/10 08:10:27,
43,94,2098122745,새결정보통신(주),고성진,분석,262619000.0,88.085,89.275,0.87059 (100.87059),,2024/06/07 09:14:49,
44,95,2148665907,미래아이티 주식회사,송정화,분석,262644800.0,88.094,89.284,0.88058 (100.88058),,2024/06/07 15:55:27,
45,96,2148104884,두원이에프씨 주식회사,장병민,분석,262663475.0,88.101,89.29,0.88782 (100.88782),,2024/06/07 11:29:36,
46,97,2208865207,주식회사 소나텍,최성욱,분석,262664262.0,88.101,89.291,0.88812 (100.88812),,2024/06/10 10:58:18,
47,98,1068178635,(주)지아이테크놀러지,홍영우,분석,262670300.0,88.103,89.293,0.89046 (100.89046),,2024/06/10 15:41:41,
48,99,3238600741,주식회사 극동이에프씨,심정보,분석,262678135.0,88.106,89.295,0.89350 (100.8935),,2024/06/10 20:58:10,
49,100,1088178984,(주)포소드,마명철,분석,262696977.0,88.113,89.302,0.90080 (100.9008),,2024/06/11 09:45:30,
0,101,1198195493,주식회사 인텍하우징,심인석,분석,262703947.0,88.115,89.304,0.90350 (100.9035),,2024/06/11 09:46:35,
1,102,1138655784,주식회사 유씨큐넷,김경,분석,262705495.0,88.116,89.305,0.90410 (100.9041),,2024/06/10 10:29:30,
2,103,2068601047,왕건전기 주식회사,한미라,분석,262706528.0,88.116,89.305,0.90450 (100.9045),,2024/06/11 08:59:41,
3,104,2068157319,주식회사 에스엘정보통신,채용석,분석,262724637.0,88.123,89.311,0.91151 (100.91151),,2024/06/05 17:38:00,
4,105,1058608183,코위버(주),황인환,분석,262783705.0,88.144,89.331,0.93440 (100.9344),,2024/06/11 09:55:55,
5,106,1198658528,진솔이앤에스 주식회사,김정현,분석,262903987.0,88.187,89.372,0.98100 (100.981),,2024/06/10 17:43:50,
6,107,3218602097,(주)태연정보,김영태,분석,262929500.0,88.197,89.381,0.99088 (100.99088),,2024/06/09 21:52:10,
7,108,1078636517,주식회사 국일이앤씨,서남석,분석,262962741.0,88.209,89.392,1.00376 (101.00376),,2024/06/09 10:03:09,
8,109,1068143494,합자회사 화인에스앤컴퍼니,장주용,분석,263035880.0,88.235,89.417,1.03209 (101.03209),,2024/06/10 08:53:35,
9,110,2098139213,(주)뉴타운전력,박형우,분석,263061180.0,88.244,89.425,1.04190 (101.0419),,2024/06/11 06:52:08,
10,111,1178153920,엠에스원디지털 주식회사,엄종만,분석,263061960.0,88.244,89.426,1.04220 (101.0422),,2024/06/07 12:33:56,
11,112,1188109785,주식회사 안세기술,이용안,분석,263110200.0,88.262,89.442,1.06089 (101.06089),,2024/06/10 09:31:53,
12,113,1178167894,(주)동우이에프씨,이동술,분석,263184043.0,88.289,89.467,1.08950 (101.0895),,2024/06/10 15:40:20,
13,114,2068172829,한사랑엔지니어링 주식회사,권갑순,분석,263238400.0,88.308,89.486,1.11055 (101.11055),,2024/06/07 10:18:14,
14,115,1168111572,남성기전(주),최전남,분석,263342000.0,88.345,89.521,1.15069 (101.15069),,2024/06/05 12:23:31,
15,116,1148137386,(주)유일엔지니어링,송수길,분석,263409000.0,88.37,89.544,1.17665 (101.17665),,2024/06/07 17:30:14,
16,117,5178101428,주식회사 율이앤씨,전형숙,분석,263618969.0,88.445,89.615,1.25800 (101.258),,2024/06/11 08:44:09,
17,118,2038143228,백영전자 주식회사(白榮電子 株式會社),임대순,분석,263634550.0,88.451,89.62,1.26403 (101.26403),,2024/06/09 10:43:04,
18,119,1148642486,주식회사 큐브정보통신,유봉수,분석,263651400.0,88.457,89.626,1.27056 (101.27056),,2024/06/07 14:08:43,
19,120,2048620636,(주)유시스,이경재,분석,263694200.0,88.473,89.641,1.28714 (101.28714),,2024/06/05 13:27:20,
20,121,7128702247,주식회사 파인네트웍스,김미정,분석,264289296.0,88.687,89.843,1.51769 (101.51769),,2024/06/10 10:48:42,
21,122,2148679551,(주)에스엠인포메이션,이철환,분석,264492176.0,88.76,89.912,1.59630 (101.5963),,2024/06/07 11:19:07,
22,123,1058694239,(주)진성전력,김용일,분석,264566420.0,88.787,89.937,1.62506 (101.62506),,2024/06/05 08:30:20,
23,124,1138670451,주식회사 코스모티어,김명동,분석,264611426.0,88.803,89.952,1.64250 (101.6425),,2024/06/07 10:41:40,
24,125,2378700035,주식회사 사운드플레이스,도상우,분석,264759842.0,88.857,90.003,1.69999 (101.69999),,2024/06/07 17:17:45,
25,126,7948100026,주식회사 아성엠,전세희,분석,264811470.0,88.875,90.02,1.72000 (101.72),,2024/06/09 12:27:27,
26,127,2068179365,주식회사 디노시스,성태동,분석,277255688.0,93.364,94.251,6.54116 (106.54116),,2024/06/05 13:23:35,
27,-1,1148608950,주식회사 알티솔루션,이재석,분석,261674760.0,87.744,88.954,0.50477 (100.50477),,2024/06/07 09:41:32,
28,-2,4188155516,아이피119정보통신 주식회사,김영수,분석,261667351.0,87.741,88.952,0.50190 (100.5019),,2024/06/07 15:47:16,
29,-3,7128701175,주식회사 미미엔지니어링,김진희,분석,261664700.0,87.74,88.951,0.50087 (100.50087),,2024/06/08 21:31:59,
30,-4,2078129117,경우전기(주),김한정,분석,261664270.0,87.74,88.951,0.50070 (100.5007),,2024/06/10 09:23:25,
31,-5,2158712055,주식회사 인더스웰,이문숙,분석,261655990.0,87.737,88.948,0.49749 (100.49749),,2024/06/10 09:20:29,
32,-6,5238701823,아이클라우드 주식회사,임재용,분석,261650574.0,87.735,88.946,0.49540 (100.4954),,2024/06/03 17:07:46,
33,-7,2018634956,주식회사 신성전자통신,전용한,분석,261640507.0,87.732,88.943,0.49150 (100.4915),,2024/06/10 10:24:25,
34,-8,2188201775,사단법인 장애인동반성장협회 우리사업장,정영석,분석,261605200.0,87.719,88.931,0.47782 (100.47782),,2024/06/10 10:05:27,
35,-9,2018633767,주식회사 명진에스앤씨,이성훈,분석,261591208.0,87.714,88.926,0.47240 (100.4724),,2024/06/10 09:16:14,
36,-10,5208801248,주식회사 해주정보통신,임나영,분석,261589900.0,87.714,88.925,0.47189 (100.47189),,2024/06/10 09:12:04,
37,-11,1178161473,광일이엔씨 주식회사,김현실,분석,261586078.0,87.712,88.924,0.47041 (100.47041),,2024/06/11 11:14:27,
38,-12,1138636870,주식회사 나우시스템,이종한,분석,261583210.0,87.711,88.923,0.46930 (100.4693),,2024/06/10 10:53:23,
39,-13,6458700672,주식회사 비앤아이테크,김혜용,분석,261580100.0,87.71,88.922,0.46809 (100.46809),,2024/06/05 16:41:20,
40,-14,2068182837,경안이엔지(주),금동중,분석,261574170.0,87.708,88.92,0.46579 (100.46579),,2024/06/07 12:43:50,
41,-15,2040371641,한서전자,김영옥,분석,261564621.0,87.704,88.917,0.46210 (100.4621),,2024/06/07 09:55:22,
42,-16,1198173261,주식회사 현대네트웍기술,조성익,분석,261557140.0,87.702,88.914,0.45920 (100.4592),,2024/06/05 16:16:40,
43,-17,2048188475,주식회사 오파스넷,장수현,분석,261547069.0,87.698,88.911,0.45530 (100.4553),,2024/06/10 10:25:47,
44,-18,5568600846,주식회사 아이콘정보통신,박종일,분석,261538000.0,87.695,88.908,0.45178 (100.45178),,2024/06/10 09:08:22,
45,-19,1078165206,앤아이에스(주),정성호,분석,261534422.0,87.694,88.906,0.45040 (100.4504),,2024/06/07 15:52:18,
46,-20,1138607924,두성건설주식회사,안성병,분석,261529520.0,87.692,88.905,0.44850 (100.4485),,2024/06/10 09:45:07,
47,-21,2068193673,지에스네트웍스(주),임동배,분석,261527969.0,87.691,88.904,0.44790 (100.4479),,2024/06/07 09:18:39,
48,-22,1208782160,에스엔에스이서비스주식회사,정경식,분석,261509600.0,87.685,88.898,0.44078 (100.44078),,2024/06/07 14:20:47,
49,-23,1198616251,주식회사 누리인프라,정성우,분석,261508600.0,87.684,88.898,0.44039 (100.44039),,2024/06/10 09:53:57,
0,-24,5598700333,주식회사 제이투디앤티,김세환,분석,261492864.0,87.679,88.892,0.43429 (100.43429),,2024/06/10 10:49:42,
1,-25,1098162433,광명정보통신 주식회사,김형준,분석,261473300.0,87.671,88.886,0.42672 (100.42672),,2024/06/07 09:43:44,
2,-26,1058727284,(주)조은네트웍스,김장열,분석,261472210.0,87.671,88.885,0.42629 (100.42629),,2024/06/05 18:20:34,
3,-27,2120549052,태성통신,최재석,분석,261471106.0,87.671,88.885,0.42587 (100.42587),,2024/06/09 07:00:00,
4,-28,1188111452,동화전자산업(주),김종화,분석,261468000.0,87.67,88.884,0.42466 (100.42466),,2024/06/10 09:10:02,
5,-29,1288154026,(주)니트로시스템,정인교,분석,261462150.0,87.667,88.882,0.42240 (100.4224),,2024/06/10 10:17:07,
6,-30,1138169250,코리아이지텔주식회사,임규학,분석,261444500.0,87.661,88.876,0.41556 (100.41556),,2024/06/05 19:20:06,
7,-31,1208105711,주식회사 삼진일렉스,김성관,분석,261434000.0,87.657,88.872,0.41149 (100.41149),,2024/06/10 10:15:37,
8,-32,1078128574,(주)대진정보텔레콤,경완수,분석,261426790.0,87.655,88.87,0.40870 (100.4087),,2024/06/10 14:58:00,
9,-33,2148122183,(주)하나전기,김선식,분석,261423948.0,87.654,88.869,0.40760 (100.4076),,2024/06/10 21:07:24,
10,-34,2208658565,주식회사 주인정보시스템,김근호,분석,261414500.0,87.65,88.866,0.40393 (100.40393),,2024/06/10 17:23:57,
11,-35,1138146387,(주)대산시스템,전재수,분석,261404070.0,87.646,88.862,0.39989 (100.39989),,2024/06/11 09:35:11,
12,-36,1078212123,사단법인 장애인인권센터,서인환,분석,261403030.0,87.646,88.862,0.39949 (100.39949),,2024/06/10 16:52:36,
13,-37,1078651497,모바일파킹 유한회사,김중근,분석,261402009.0,87.646,88.861,0.39910 (100.3991),,2024/06/05 17:02:11,
14,-38,1058153698,진우에이티에스 주식회사,정진태,분석,261393748.0,87.643,88.859,0.39590 (100.3959),,2024/06/08 22:08:31,
15,-39,2088100603,(주)전우사,김한재,분석,261388320.0,87.641,88.857,0.39379 (100.39379),,2024/06/10 14:59:22,
16,-40,1088165228,(주)콤텍피엔씨,송기영,분석,261387550.0,87.641,88.857,0.39349 (100.39349),,2024/06/10 15:49:08,
17,-41,1068619820,주식회사유엔콘트롤,남성모,분석,261386700.0,87.64,88.856,0.39316 (100.39316),,2024/06/07 08:53:50,
18,-42,2038101742,株式會社 革新電工社,오세화,분석,261384940.0,87.64,88.856,0.39248 (100.39248),,2024/06/10 09:26:58,
19,-43,1068167098,코스믹전기통신 주식회사,이규선,분석,261377740.0,87.637,88.853,0.38969 (100.38969),,2024/06/07 10:15:54,
20,-44,1068611721,우리보안 주식회사,이명재,분석,261372067.0,87.635,88.851,0.38750 (100.3875),,2024/06/10 08:20:23,
21,-45,1138183325,주식회사금강전력,오영선,분석,261369270.0,87.634,88.85,0.38641 (100.38641),,2024/06/07 12:50:58,
22,-46,1138649133,빅썬시스템즈 주식회사,권태일,분석,261368960.0,87.634,88.85,0.38629 (100.38629),,2024/06/05 16:20:17,
23,-47,1238640537,주식회사 위지온,우영진,분석,261363463.0,87.632,88.848,0.38416 (100.38416),,2024/06/03 22:56:00,
24,-48,2208197511,(주)다산지앤지,유철종,분석,261362260.0,87.631,88.848,0.38370 (100.3837),,2024/06/07 19:20:35,
25,-49,1328127945,부민통신 주식회사,박창욱,분석,261358413.0,87.63,88.847,0.38221 (100.38221),,2024/06/10 09:37:17,
26,-50,2108168358,주식회사 영호전기통신,조소연,분석,261357999.0,87.63,88.846,0.38205 (100.38205),,2024/06/10 08:19:59,
27,-51,1068616518,(주)애니씨앤에스,이일규,분석,261356060.0,87.629,88.846,0.38129 (100.38129),,2024/06/10 10:13:58,
28,-52,6818700095,주식회사 진영이엔씨,조근호,분석,261351930.0,87.628,88.844,0.37969 (100.37969),,2024/06/07 15:05:57,
29,-53,7048701285,주식회사 하랑에스아이,김호중,분석,261344450.0,87.625,88.842,0.37680 (100.3768),,2024/06/07 15:23:32,
30,-54,1178119238,주식회사 동양네트워크,김종렬,분석,261342120.0,87.624,88.841,0.37589 (100.37589),,2024/06/10 11:05:26,
31,-55,1298141752,에이플시스템즈(주),윤진경,분석,261336700.0,87.622,88.839,0.37379 (100.37379),,2024/06/05 15:04:43,
32,-56,2178127061,주식회사 칸씨앤에스,강나영,분석,261334380.0,87.621,88.838,0.37289 (100.37289),,2024/06/11 10:05:27,
33,-57,1108127950,서경전기(주),이종환,분석,261330836.0,87.62,88.837,0.37152 (100.37152),,2024/06/10 09:57:29,
34,-58,2158749469,(주)더블유에프텍,이영길,분석,261326120.0,87.618,88.836,0.36969 (100.36969),,2024/06/07 17:23:08,
35,-59,1268159398,주식회사 파이런텍,이병길,분석,261325090.0,87.618,88.835,0.36930 (100.3693),,2024/06/10 09:55:13,
36,-60,2128608050,(주)엔큐컨설팅,유관우,분석,261318640.0,87.616,88.833,0.36680 (100.3668),,2024/06/10 04:59:44,
37,-61,1058773833,시큐솔루션 주식회사,남병창,분석,261313700.0,87.614,88.831,0.36488 (100.36488),,2024/06/07 09:12:12,
38,-62,2037666794,금성텔레콤,정용상,분석,261312700.0,87.614,88.831,0.36450 (100.3645),,2024/06/10 15:31:06,
39,-63,1168137418,두레옵트로닉스 주식회사,최수현,분석,261310630.0,87.613,88.83,0.36369 (100.36369),,2024/06/10 09:52:30,
40,-64,1088114068,(주)대인정보통신,유재호,분석,261305995.0,87.611,88.829,0.36190 (100.3619),,2024/06/10 11:46:41,
41,-65,2108124739,(주)한성기술개발,서창식,분석,261303149.0,87.61,88.828,0.36080 (100.3608),,2024/06/10 00:43:56,
42,-66,2208192516,주식회사 한싹,이주도,분석,261301170.0,87.609,88.827,0.36003 (100.36003),,2024/06/05 15:43:34,
43,-67,2298117246,투빅스(주),김정란,분석,261299790.0,87.609,88.827,0.35949 (100.35949),,2024/06/10 10:09:17,
44,-68,2068682619,주식회사 엠플러스통신,신동수,분석,261299020.0,87.609,88.826,0.35920 (100.3592),,2024/06/07 14:05:06,
45,-69,1298170451,주식회사 정안디엔씨,이학용,분석,261296825.0,87.608,88.826,0.35835 (100.35835),,2024/06/10 17:07:23,
46,-70,2048161869,(주)근영이엔씨,이성영,분석,261294417.0,87.607,88.825,0.35741 (100.35741),,2024/06/10 16:08:30,
47,-71,1048157783,(주)서울정보컴,고응준,분석,261292570.0,87.606,88.824,0.35670 (100.3567),,2024/06/07 09:49:54,
48,-72,2068196840,주식회사 혜성이티에스,이상영,분석,261292050.0,87.606,88.824,0.35650 (100.3565),,2024/06/09 12:06:52,
49,-73,1078763383,주식회사 아이티블럭,배경원,분석,261290502.0,87.606,88.824,0.35590 (100.3559),,2024/06/10 10:50:04,
0,-74,8958700597,주식회사 아이티앤에스,김세영,분석,261279628.0,87.602,88.82,0.35168 (100.35168),,2024/06/05 16:04:02,
1,-75,1380715369,영인 아이티 기술사 사무소,함영만,분석,261273980.0,87.6,88.818,0.34949 (100.34949),,2024/06/07 08:42:02,
2,-76,1098647062,주식회사 조아정보통신,박민응,분석,261272342.0,87.599,88.817,0.34886 (100.34886),,2024/06/07 11:25:53,
3,-77,2128606988,원강정보통신 주식회사,우강원,분석,261264432.0,87.596,88.815,0.34580 (100.3458),,2024/06/10 15:28:20,
4,-78,1138633645,주식회사 와이넷,석지윤,분석,261259110.0,87.594,88.813,0.34373 (100.34373),,2024/06/05 09:18:39,
5,-79,2148805903,리조이스통신주식회사,최공휘,분석,261248430.0,87.59,88.809,0.33960 (100.3396),,2024/06/07 08:19:08,
6,-80,2098161262,주식회사 아이에스인텍,황관홍,분석,261247650.0,87.59,88.809,0.33929 (100.33929),,2024/06/10 11:23:43,
7,-81,2037683508,우리통신네트워크,김만수,분석,261237071.0,87.586,88.805,0.33519 (100.33519),,2024/06/09 11:52:47,
8,-82,1118128082,(주)디투엔지니어링,김낙경,분석,261235790.0,87.586,88.805,0.33470 (100.3347),,2024/06/11 09:22:04,
9,-83,1288618438,주식회사 엔지스웨이,최영재,분석,261227005.0,87.583,88.802,0.33130 (100.3313),,2024/06/07 09:47:58,
10,-84,1041890207,삼정정보통신,이순봉,분석,261225973.0,87.582,88.802,0.33090 (100.3309),,2024/06/07 17:16:00,
11,-85,1058660665,(주)일신전업,김한경,분석,261222870.0,87.581,88.801,0.32969 (100.32969),,2024/06/10 20:40:46,
12,-86,1108190166,(주)페타네트워크,강인희,분석,261221327.0,87.581,88.8,0.32910 (100.3291),,2024/06/05 08:49:22,
13,-87,1058645500,태지종합건설(주),박명호,분석,261215700.0,87.579,88.798,0.32692 (100.32692),,2024/06/10 17:00:03,
14,-88,2148661411,(주)엘리시스,이시정,분석,261215390.0,87.578,88.798,0.32680 (100.3268),,2024/06/10 09:01:39,
15,-89,2108108684,주식회사 대금이앤아이,김종우,분석,261213070.0,87.578,88.797,0.32590 (100.3259),,2024/06/04 14:25:05,
16,-90,1208100598,(주)삼지엔지니어링,김동명,분석,261210228.0,87.577,88.796,0.32480 (100.3248),,2024/06/04 10:21:48,
17,-91,2158197601,주식회사 알파시큐넷,진승화,분석,261207390.0,87.576,88.795,0.32370 (100.3237),,2024/06/07 13:19:36,
18,-92,1058645188,(주)삼구정보통신,강준재,분석,261197320.0,87.572,88.792,0.31979 (100.31979),,2024/06/10 10:00:52,
19,-93,2068179706,(주)씨엠유니버샬,전재용,분석,261196496.0,87.572,88.792,0.31948 (100.31948),,2024/06/10 09:21:07,
20,-94,1018642796,주식회사 나이스포유,노길상,분석,261189320.0,87.569,88.789,0.31670 (100.3167),,2024/06/10 10:35:28,
21,-95,2148619081,주식회사 유신테크,김용근,분석,261186400.0,87.568,88.788,0.31556 (100.31556),,2024/06/10 10:08:51,
22,-96,2208709343,유텔레콤주식회사,한상미,분석,261173059.0,87.563,88.784,0.31040 (100.3104),,2024/06/07 16:15:19,
23,-97,1198647905,주식회사 리안시스템,원미리,분석,261171250.0,87.563,88.783,0.30969 (100.30969),,2024/06/07 16:16:19,
24,-98,2141167760,세기정보통신,송재홍,분석,261163770.0,87.56,88.78,0.30680 (100.3068),,2024/06/10 12:15:04,
25,-99,2098133373,주식회사 씨스넷,이명재,분석,261158580.0,87.558,88.779,0.30479 (100.30479),,2024/06/05 14:43:05,
26,-100,8228700717,주식회사 해나정보통신,이창현,분석,261156797.0,87.557,88.778,0.30410 (100.3041),,2024/06/07 08:23:45,
27,-101,2148752224,(주)아이젠시스템즈,안상용,분석,261152500.0,87.556,88.777,0.30243 (100.30243),,2024/06/10 15:30:51,
28,-102,1198629800,주식회사 메카넷,천수연,분석,261151893.0,87.556,88.776,0.30220 (100.3022),,2024/06/10 14:32:01,
29,-103,2128196942,동진이앤씨(주),민진식,분석,261151630.0,87.555,88.776,0.30209 (100.30209),,2024/06/10 15:16:52,
30,-104,1058199938,삼호전자통신(주),이경희,분석,261150860.0,87.555,88.776,0.30179 (100.30179),,2024/06/10 09:21:16,
31,-105,2208804175,주식회사 예준시스템,이인애,분석,261149570.0,87.555,88.776,0.30130 (100.3013),,2024/06/05 16:59:05,
32,-106,2148188924,우민전기(주),이학표,분석,261142350.0,87.552,88.773,0.29850 (100.2985),,2024/06/10 07:58:38,
33,-107,1198175027,(주)케이웍스,김영주,분석,261142340.0,87.552,88.773,0.29849 (100.29849),,2024/06/10 08:35:33,
34,-108,2148180640,(주)남인정보통신,김남호,분석,261140536.0,87.551,88.773,0.29780 (100.2978),,2024/06/07 12:56:16,
35,-109,2148675138,(주)대호아이티에스,임진덕,분석,261136923.0,87.55,88.771,0.29640 (100.2964),,2024/06/10 09:27:15,
36,-110,4168128895,(주)비아이씨스템,방인식,분석,261129790.0,87.548,88.769,0.29363 (100.29363),,2024/06/10 14:14:32,
37,-111,1208635791,주식회사 피엔에이링크,연제성,분석,261126080.0,87.546,88.768,0.29219 (100.29219),,2024/06/10 11:24:36,
38,-112,1198639540,주식회사 새누,황선오,분석,261120670.0,87.544,88.766,0.29010 (100.2901),,2024/06/04 10:25:03,
39,-113,1208799720,주식회사 틴들코리아,백성주,분석,261112910.0,87.541,88.763,0.28709 (100.28709),,2024/06/10 09:40:12,
40,-114,2118645407,흥일정보통신(주),정본영,분석,261111110.0,87.541,88.763,0.28639 (100.28639),,2024/06/10 11:07:53,
41,-115,2208131391,호진산업기연(주),안형근,분석,261111110.0,87.541,88.763,0.28639 (100.28639),,2024/06/10 17:07:12,
42,-116,1068690366,(주)윈투스시스템,신경익,분석,261106723.0,87.539,88.761,0.28470 (100.2847),,2024/06/07 14:27:48,
43,-117,1048140865,다이아몬드전자(주),이건,분석,261100200.0,87.537,88.759,0.28217 (100.28217),,2024/06/10 09:49:07,
44,-118,2168701696,주식회사 투비콤,유수정,분석,261094173.0,87.535,88.757,0.27983 (100.27983),,2024/06/05 17:43:40,
45,-119,1098166803,(주)아이앤씨파트너스,곽준철,분석,261088130.0,87.533,88.755,0.27749 (100.27749),,2024/06/10 10:00:04,
46,-120,3128196859,주식회사 가델,김정민,분석,261085300.0,87.532,88.754,0.27640 (100.2764),,2024/06/07 10:02:50,
47,-121,6218602134,(주)플러스전력,이하일,분석,261082710.0,87.531,88.753,0.27539 (100.27539),,2024/06/10 16:31:00,
48,-122,1058123684,주식회사 우전정보통신,이정,분석,261078345.0,87.529,88.751,0.27370 (100.2737),,2024/06/10 17:35:30,
49,-123,1138175669,(주)용상전기통신,권혁기,분석,261076000.0,87.528,88.751,0.27279 (100.27279),,2024/06/07 08:51:36,
0,-124,3148701175,주식회사 윈스타비투비,강가현,분석,261056420.0,87.521,88.744,0.26521 (100.26521),,2024/06/07 13:30:07,
1,-125,1108155460,주식회사 자유전설,김상중,분석,261056390.0,87.521,88.744,0.26520 (100.2652),,2024/06/11 08:46:10,
2,-126,1168144224,제일정보건설 주식회사,김진철,분석,261052777.0,87.52,88.743,0.26380 (100.2638),,2024/06/10 09:52:12,
3,-127,1138123972,(주)일광테크,임기철,분석,261046866.0,87.518,88.741,0.26151 (100.26151),,2024/06/10 16:11:46,
4,-128,1068674084,주식회사월드아이,신영구,분석,261046320.0,87.517,88.741,0.26129 (100.26129),,2024/06/10 17:45:55,
5,-129,1108155382,(주)굿채널시스템,백홍현,분석,261040900.0,87.515,88.739,0.25919 (100.25919),,2024/06/05 11:50:56,
6,-130,2298139274,(주)영풍전력설비,심문수,분석,261040750.0,87.515,88.739,0.25914 (100.25914),,2024/06/10 09:46:28,
7,-131,2178145434,주식회사 한양전자피에이,여동도,분석,261040090.0,87.515,88.738,0.25888 (100.25888),,2024/06/10 11:19:21,
8,-132,4098163161,(주)동우커뮤니케이션,송준성,분석,261034340.0,87.513,88.736,0.25665 (100.25665),,2024/06/09 14:02:16,
9,-133,1078738017,(주)애린테크,박을순,분석,261032385.0,87.512,88.736,0.25590 (100.2559),,2024/06/10 09:57:37,
10,-134,1058169109,대조전설 주식회사,장철호,분석,261031869.0,87.512,88.736,0.25570 (100.2557),,2024/06/10 08:20:15,
11,-135,2208106252,주식회사 중선아이티씨,김학선,분석,261026500.0,87.51,88.734,0.25362 (100.25362),,2024/06/10 14:33:51,
12,-136,2188100686,주식회사 윈피앤에스,이문석,분석,261024126.0,87.509,88.733,0.25270 (100.2527),,2024/06/10 15:15:13,
13,-137,2118726218,주식회사 씨그테크,이윤호,분석,261014570.0,87.506,88.73,0.24899 (100.24899),,2024/06/05 10:29:08,
14,-138,2018199051,나루씨앤씨주식회사,이상협,분석,261011478.0,87.505,88.729,0.24780 (100.2478),,2024/06/07 10:09:14,
15,-139,2048119395,(주)신해전기건설,이세윤,분석,261009100.0,87.504,88.728,0.24687 (100.24687),,2024/06/07 11:34:43,
16,-140,1298137942,주식회사 자이온티앤에스,예용기,분석,261005799.0,87.503,88.727,0.24560 (100.2456),,2024/06/07 14:30:37,
17,-141,1048120291,청음통신 주식회사,임광희,분석,261004000.0,87.502,88.726,0.24490 (100.2449),,2024/06/11 09:30:26,
18,-142,2198128106,우선이엔씨(주),김광수,분석,260994520.0,87.499,88.723,0.24123 (100.24123),,2024/06/07 15:05:47,
19,-143,1198615820,프리커스(주),최훈,분석,260992369.0,87.498,88.722,0.24039 (100.24039),,2024/06/05 13:38:32,
20,-144,2158690656,금성통신건설(주),윤영신,분석,260986370.0,87.496,88.72,0.23807 (100.23807),,2024/06/10 10:09:06,
21,-145,1191119997,대흥전기통신공사,고미영,분석,260984633.0,87.495,88.72,0.23739 (100.23739),,2024/06/09 19:44:37,
22,-146,5568600996,주영전자통신 주식회사,임채열,분석,260982569.0,87.494,88.719,0.23660 (100.2366),,2024/06/10 09:44:02,
23,-147,2018176136,(주)휴넷시스템,김초영,분석,260980762.0,87.494,88.718,0.23590 (100.2359),,2024/06/10 10:11:47,
24,-148,1078140904,대월기전(주),김승연,분석,260971360.0,87.49,88.715,0.23225 (100.23225),,2024/06/05 10:41:37,
25,-149,5138100034,주식회사 엠젠솔루션,조상환,분석,260964000.0,87.488,88.713,0.22940 (100.2294),,2024/06/07 15:10:19,
26,-150,2158192566,(주)열림정보기술,고동민,분석,260962953.0,87.487,88.712,0.22900 (100.229),,2024/06/10 09:59:47,
27,-151,2108157604,주식회사 유니원이엔지,장소영,분석,260947470.0,87.482,88.707,0.22300 (100.223),,2024/06/10 10:26:06,
28,-152,1138618964,주식회사 에스엠플러스정보통신,왕성모,분석,260946800.0,87.482,88.707,0.22274 (100.22274),,2024/06/10 08:15:25,
29,-153,1058179892,(주)지에스컴,김형호,분석,260938170.0,87.478,88.704,0.21939 (100.21939),,2024/06/07 13:03:41,
30,-154,1138131356,중원기전(주),김창중,분석,260935310.0,87.477,88.703,0.21829 (100.21829),,2024/06/10 09:24:32,
31,-155,2158171649,(주)삼삼통신기술,이성오,분석,260934600.0,87.477,88.703,0.21801 (100.21801),,2024/06/07 08:54:58,
32,-156,1198646212,주식회사 에프에스네트웍스,이화수,분석,260930170.0,87.476,88.701,0.21629 (100.21629),,2024/06/10 08:39:12,
33,-157,1068644033,(주)코맥스디에스씨,안병호,분석,260929138.0,87.475,88.701,0.21589 (100.21589),,2024/06/10 10:25:49,
34,-158,1198123174,주식회사 도래정보시스템,이은숙,분석,260919070.0,87.472,88.697,0.21199 (100.21199),,2024/06/10 09:33:10,
35,-159,2148770450,주식회사 아리시스,이대섭,분석,260917781.0,87.471,88.697,0.21149 (100.21149),,2024/06/07 17:37:48,
36,-160,1198169165,(주)기창인포텍,김석진,분석,260916750.0,87.471,88.696,0.21110 (100.2111),,2024/06/04 09:26:59,
37,-161,1171187825,신원전자,안희덕,분석,260914170.0,87.47,88.696,0.21010 (100.2101),,2024/06/10 09:47:20,
38,-162,1208137120,(주)지티일렉콘,고광열,분석,260913800.0,87.47,88.695,0.20995 (100.20995),,2024/06/10 23:34:47,
39,-163,2118199266,주식회사 다래파크텍,진정호,분석,260903070.0,87.466,88.692,0.20580 (100.2058),,2024/06/05 16:50:33,
40,-164,1058630797,주식회사 이디엔텍,김기영,분석,260902810.0,87.466,88.692,0.20569 (100.20569),,2024/06/10 09:41:47,
41,-165,2048159043,이앤씨텔레콤(주),김진갑,분석,260898681.0,87.464,88.69,0.20410 (100.2041),,2024/06/10 09:47:21,
42,-166,2078148017,(주)명신시스템,노근식,분석,260893510.0,87.462,88.689,0.20209 (100.20209),,2024/06/10 16:51:26,
43,-167,2148734283,(주)뉴넷정보기술,김종원,분석,260886086.0,87.46,88.686,0.19922 (100.19922),,2024/06/05 15:38:17,
44,-168,2148620797,(주)세인씨앤씨,조정화,분석,260886000.0,87.46,88.686,0.19918 (100.19918),,2024/06/10 09:03:36,
45,-169,2158620617,미디어텔레콤(주),김용대,분석,260881900.0,87.458,88.685,0.19759 (100.19759),,2024/06/07 08:34:00,
46,-170,2208604531,주식회사 월드린시스템즈,류준열,분석,260876500.0,87.456,88.683,0.19550 (100.1955),,2024/06/10 16:14:56,
47,-171,1078658471,비케이앤파워컴 주식회사,김정훈,분석,260873900.0,87.455,88.682,0.19449 (100.19449),,2024/06/10 10:11:23,
48,-172,2208132347,(주)태양기술개발,안규철,분석,260868359.0,87.453,88.68,0.19235 (100.19235),,2024/06/10 07:18:06,
49,-173,1178169252,엠에스온(주),이경미,분석,260866933.0,87.453,88.68,0.19180 (100.1918),,2024/06/11 09:06:37,
0,-174,1018139321,(주)세웅정보통신,장우진,분석,260860200.0,87.45,88.677,0.18919 (100.18919),,2024/06/10 08:47:00,
1,-175,1188115778,대신통신기술(주),김지영,분석,260856610.0,87.449,88.676,0.18780 (100.1878),,2024/06/09 17:44:46,
2,-176,1408177811,주식회사 네오비젼,유정식,분석,260851750.0,87.447,88.674,0.18591 (100.18591),,2024/06/10 11:06:23,
3,-177,3798700760,로안테크(주),장승현,분석,260848349.0,87.446,88.673,0.18460 (100.1846),,2024/06/07 10:56:43,
4,-178,2158674452,(주)새별네트웍스,현경순,분석,260847180.0,87.446,88.673,0.18414 (100.18414),,2024/06/09 23:11:29,
5,-179,1218140540,영현정보통신(주),김두식,분석,260846174.0,87.445,88.673,0.18375 (100.18375),,2024/06/11 09:12:35,
6,-180,1191396324,우리통신,윤순옥,분석,260845354.0,87.445,88.672,0.18344 (100.18344),,2024/06/10 09:25:16,
7,-181,2108122973,인터컴넷(주),양지호,분석,260845252.0,87.445,88.672,0.18340 (100.1834),,2024/06/07 09:45:09,
8,-182,1078155407,(주)윤익계전,안용준,분석,260843161.0,87.444,88.671,0.18259 (100.18259),,2024/06/04 10:34:49,
9,-183,1198687872,주식회사 스타버킷,김영섭,분석,260841380.0,87.444,88.671,0.18190 (100.1819),,2024/06/05 12:59:31,
10,-184,2128604113,주식회사 아리아,장시진,분석,260830540.0,87.44,88.667,0.17770 (100.1777),,2024/06/07 09:19:53,
11,-185,2208725440,(주) 매그넷,김종민,분석,260824570.0,87.437,88.665,0.17538 (100.17538),,2024/06/05 14:21:14,
12,-186,2148639466,(주)동방데이타테크놀러지,원덕숙,분석,260823310.0,87.437,88.665,0.17489 (100.17489),,2024/06/07 10:26:11,
13,-187,2068165221,유니슨전기(주),유창진,분석,260822628.0,87.437,88.664,0.17463 (100.17463),,2024/06/04 09:54:04,
14,-188,1058641085,(주)에스엠전력,김동율,분석,260817194.0,87.435,88.663,0.17253 (100.17253),,2024/06/07 14:04:07,
15,-189,1098610416,(주)네시비스,이은섭,분석,260808500.0,87.432,88.66,0.16916 (100.16916),,2024/06/10 09:30:25,
16,-190,1088193869,(주)동명텔레콤,김경은,분석,260804470.0,87.43,88.658,0.16760 (100.1676),,2024/06/07 09:28:13,
17,-191,2148768992,주식회사 앤샵,장진화,분석,260799560.0,87.428,88.657,0.16569 (100.16569),,2024/06/10 09:16:17,
18,-192,1198601520,주식회사 에스에이치아이앤씨,장덕진,분석,260799000.0,87.428,88.656,0.16548 (100.16548),,2024/06/07 11:14:40,
19,-193,1098154781,(주)공항엔지니어링,박필립,분석,260798280.0,87.428,88.656,0.16520 (100.1652),,2024/06/10 21:49:08,
20,-194,1298155066,일조텔레콤(주),김문섭,분석,260797240.0,87.428,88.656,0.16479 (100.16479),,2024/06/10 15:20:15,
21,-195,1138611108,(주)도원디에스,이정우,분석,260792070.0,87.426,88.654,0.16279 (100.16279),,2024/06/10 16:26:20,
22,-196,1128126393,주식회사 승도이엔씨,신종성,분석,260791050.0,87.425,88.654,0.16240 (100.1624),,2024/06/11 09:32:44,
23,-197,2148612657,주식회사 와이어블(Wiable Corp.),김문환,분석,260789240.0,87.425,88.653,0.16170 (100.1617),,2024/06/10 10:55:14,
24,-198,2066762193,보성통신,문용권,분석,260785310.0,87.423,88.652,0.16017 (100.16017),,2024/06/10 05:08:46,
25,-199,1068157019,(주)세호영상,박석신,분석,260782700.0,87.422,88.651,0.15916 (100.15916),,2024/06/10 10:23:01,
26,-200,1068128718,서광통신 주식회사,최경석,분석,260780720.0,87.422,88.65,0.15839 (100.15839),,2024/06/10 16:00:41,
27,-201,1188109975,(주)부광네트워크,박경진,분석,260771430.0,87.418,88.647,0.15480 (100.1548),,2024/06/10 11:21:53,
28,-202,1188113673,동해정보통신 주식회사,이창원,분석,260766010.0,87.416,88.645,0.15270 (100.1527),,2024/06/07 16:43:20,
29,-203,2188120741,케이씨티정보통신(주),백형은,분석,260763160.0,87.415,88.644,0.15159 (100.15159),,2024/06/11 09:00:22,
30,-204,3388801483,주식회사 에버그린티앤씨,최재완,분석,260756900.0,87.413,88.642,0.14917 (100.14917),,2024/06/10 10:05:52,
31,-205,1098195410,(주)신성글로벌네트워크,홍우석,분석,260753362.0,87.412,88.641,0.14780 (100.1478),,2024/06/05 14:46:34,
32,-206,2208108546,경림전기(주),김인형,분석,260745880.0,87.409,88.638,0.14490 (100.1449),,2024/06/05 13:09:53,
33,-207,1208762238,(주)컴스정보기술,김응관,분석,260745380.0,87.409,88.638,0.14470 (100.1447),,2024/06/11 09:25:39,
34,-208,2118716350,(주)비엔인더스트리,이재혁,분석,260737360.0,87.406,88.636,0.14160 (100.1416),,2024/06/07 10:55:21,
35,-209,2948601665,누리종합전기 주식회사,천금진,분석,260734519.0,87.405,88.635,0.14050 (100.1405),,2024/06/08 23:49:32,
36,-210,2158168163,블루엔이(주),정홍채,분석,260731100.0,87.404,88.633,0.13917 (100.13917),,2024/06/05 13:56:22,
37,-211,2011497895,정우이앤씨,유동환,분석,260727044.0,87.402,88.632,0.13760 (100.1376),,2024/06/06 11:13:31,
38,-212,1068642694,우림정보시스템(주),조원희,분석,260727030.0,87.402,88.632,0.13759 (100.13759),,2024/06/07 16:15:52,
39,-213,2118774990,(주)제이에프텍,김중규,분석,260721300.0,87.4,88.63,0.13537 (100.13537),,2024/06/07 14:47:19,
40,-214,4468801407,(주)큐엔큐,장나미,분석,260720830.0,87.4,88.63,0.13519 (100.13519),,2024/06/07 15:24:05,
41,-215,1168155492,주식회사 코콤텍,고성춘,분석,260719810.0,87.4,88.63,0.13480 (100.1348),,2024/06/07 15:20:22,
42,-216,2208151999,현대에이치티 주식회사,이건구,분석,260717742.0,87.399,88.629,0.13400 (100.134),,2024/06/04 10:38:45,
43,-217,2208727337,주식회사주니파워네트웍스,노병준,분석,260712310.0,87.397,88.627,0.13189 (100.13189),,2024/06/07 10:56:57,
44,-218,1098161598,(주)삼우씨앤에스,이기만,분석,260712060.0,87.397,88.627,0.13179 (100.13179),,2024/06/10 07:30:18,
45,-219,1178124861,케이이피엔지니어링(주),박성진,분석,260708820.0,87.396,88.626,0.13054 (100.13054),,2024/06/11 10:45:41,
46,-220,2068694508,주식회사 웰정보기술,강희춘,분석,260706900.0,87.395,88.625,0.12979 (100.12979),,2024/06/10 08:12:22,
47,-221,1098611773,주식회사상현엔지니어링,이재권,분석,260705300.0,87.394,88.625,0.12918 (100.12918),,2024/06/10 21:39:55,
48,-222,2068125404,(주)대경인트라넷,이강열,분석,260703160.0,87.394,88.624,0.12835 (100.12835),,2024/06/10 16:43:58,
49,-223,1058688514,(주)엠티에스정보기술,신현준,분석,260701740.0,87.393,88.623,0.12780 (100.1278),,2024/06/05 16:40:35,
0,-224,2150786744,영진전기통신공사,정재인,분석,260700051.0,87.393,88.623,0.12714 (100.12714),,2024/06/07 09:36:20,
1,-225,1088127729,주식회사 대원네시스,이연호,분석,260697860.0,87.392,88.622,0.12629 (100.12629),,2024/06/07 12:04:43,
2,-226,2208869047,양지전기 주식회사,박승연,분석,260684960.0,87.387,88.618,0.12129 (100.12129),,2024/06/07 10:28:35,
3,-227,2148724941,한빛시스템주식회사,윤명호,분석,260684960.0,87.387,88.618,0.12129 (100.12129),,2024/06/07 10:31:50,
4,-228,1148199927,주식회사 인텔리빅스,최은수,분석,260683410.0,87.387,88.617,0.12069 (100.12069),,2024/06/10 09:40:32,
5,-229,6618702691,(주)대창일렉스,송효양,분석,260675930.0,87.384,88.615,0.11780 (100.1178),,2024/06/11 00:00:04,
6,-230,1138189770,인콤아이에스(주),강점식,분석,260671290.0,87.382,88.613,0.11600 (100.116),,2024/06/07 11:27:18,
7,-231,2148705513,주식회사 케이이에스 전기공사,강성진,분석,260669731.0,87.382,88.613,0.11539 (100.11539),,2024/06/10 08:02:22,
8,-232,2618126604,주식회사 래오시스,윤경,분석,260668440.0,87.381,88.612,0.11489 (100.11489),,2024/06/06 18:32:22,
9,-233,1088167041,(주)가디엘,최혜심,분석,260663280.0,87.379,88.61,0.11290 (100.1129),,2024/06/10 15:49:56,
10,-234,2158601380,세계정보시스템(주),한인창,분석,260663021.0,87.379,88.61,0.11280 (100.1128),,2024/06/10 15:55:13,
11,-235,2068606891,수미디어통신 주식회사,하학수,분석,260662770.0,87.379,88.61,0.11270 (100.1127),,2024/06/07 08:46:00,
12,-236,2158676426,주식회사 건영이앤씨,박지명,분석,260662100.0,87.379,88.61,0.11244 (100.11244),,2024/06/10 15:41:28,
13,-237,2058140829,원앤원산업개발(주),배애순,분석,260659660.0,87.378,88.609,0.11149 (100.11149),,2024/06/05 15:27:53,
14,-238,2068125141,주식회사 스테이지넷,임영규,분석,260659149.0,87.378,88.609,0.11130 (100.1113),,2024/06/10 10:51:43,
15,-239,1138621101,(주)아이피로드,강철지,분석,260656567.0,87.377,88.608,0.11029 (100.11029),,2024/06/10 09:35:40,
16,-240,2170366237,염광통신공사,기홍용,분석,260653700.0,87.376,88.607,0.10918 (100.10918),,2024/06/06 10:37:37,
17,-241,1078682044,명승파워넷 주식회사,공건식,분석,260642370.0,87.372,88.603,0.10479 (100.10479),,2024/06/07 16:06:39,
18,-242,2148132740,(주)융시스템,박진기,분석,260640564.0,87.371,88.603,0.10409 (100.10409),,2024/06/07 17:26:15,
19,-243,2048140753,(주)청효이씨이,이범석,분석,260639016.0,87.371,88.602,0.10350 (100.1035),,2024/06/07 13:57:40,
20,-244,1128118909,(주)한일종합산업,박응석,분석,260637210.0,87.37,88.601,0.10280 (100.1028),,2024/06/10 10:17:04,
21,-245,1108174749,유프로시스(주),김종본,분석,260634630.0,87.369,88.601,0.10180 (100.1018),,2024/06/07 10:12:08,
22,-246,1068651233,(주)나사씨엔에스,신희태,분석,260633337.0,87.368,88.6,0.10129 (100.10129),,2024/06/09 05:04:00,
23,-247,2108160017,(주)누리온정보통신,박종수,분석,260632000.0,87.368,88.6,0.10078 (100.10078),,2024/06/05 15:36:31,
24,-248,1078688354,(주)혜인에스앤에스,유순희,분석,260630498.0,87.367,88.599,0.10020 (100.1002),,2024/06/10 16:40:35,
25,-249,1198153514,다린전력(주),오승한,분석,260621300.0,87.364,88.596,0.09663 (100.09663),,2024/06/10 10:20:30,
26,-250,1388150425,주식회사 유니와이드,김창환,분석,260609075.0,87.36,88.592,0.09190 (100.0919),,2024/06/10 14:05:42,
27,-251,1138151895,주식회사 온리정보통신,김서규,분석,260607785.0,87.359,88.591,0.09140 (100.0914),,2024/06/10 16:28:40,
28,-252,1138658592,위너시스텍 주식회사,조용걸,분석,260602100.0,87.357,88.59,0.08919 (100.08919),,2024/06/05 11:52:59,
29,-253,6458800418,청명이엔지 주식회사,김형준,분석,260601331.0,87.357,88.589,0.08890 (100.0889),,2024/06/10 14:11:48,
30,-254,2148840477,주식회사 알비에스테크,김동헌,분석,260588940.0,87.352,88.585,0.08409 (100.08409),,2024/06/11 07:56:18,
31,-255,2078155629,씨티아이앤아이(주),김덕제,분석,260580837.0,87.35,88.582,0.08096 (100.08096),,2024/06/05 17:01:16,
32,-256,1208194567,아산정보통신(주),홍수길,분석,260577460.0,87.348,88.581,0.07965 (100.07965),,2024/06/07 11:28:35,
33,-257,1058628520,유테크(주),최윤영,분석,260572165.0,87.346,88.579,0.07760 (100.0776),,2024/06/10 08:29:55,
34,-258,2068184285,주식회사 진명파워택,이명규,분석,260571568.0,87.346,88.579,0.07736 (100.07736),,2024/06/11 09:45:06,
35,-259,2128196243,신광씨앤티 주식회사,박광선,분석,260562740.0,87.343,88.576,0.07394 (100.07394),,2024/06/04 15:42:05,
36,-260,1108185552,한양이이씨 주식회사,문주환,분석,260556935.0,87.341,88.574,0.07170 (100.0717),,2024/06/07 15:17:51,
37,-261,2068685955,주식회사 스마트웍스,정훈,분석,260556419.0,87.341,88.574,0.07150 (100.0715),,2024/06/06 22:01:10,
38,-262,2098153286,미르네트웍스 주식회사,백태종,분석,260547390.0,87.337,88.571,0.06800 (100.068),,2024/06/10 14:00:13,
39,-263,2078124989,청보음향(주),고인우,분석,260543771.0,87.336,88.57,0.06660 (100.0666),,2024/06/10 10:58:33,
40,-264,1208117027,세안이엔씨 주식회사,이은상,분석,260539383.0,87.335,88.568,0.06490 (100.0649),,2024/06/11 08:18:06,
41,-265,1348120104,(주)씨월드정보기술,남형연,분석,260531705.0,87.332,88.566,0.06192 (100.06192),,2024/06/10 14:22:26,
42,-266,2108130492,명신정보통신(주),서철,분석,260531124.0,87.332,88.565,0.06170 (100.0617),,2024/06/10 14:44:04,
43,-267,2158769714,주식회사 누리엔에스,박봉기,분석,260519510.0,87.327,88.561,0.05720 (100.0572),,2024/06/10 12:46:42,
44,-268,8978600790,로봇앤컴 주식회사,이경일,분석,260518220.0,87.327,88.561,0.05670 (100.0567),,2024/06/10 10:22:23,
45,-269,1198158412,애드넷정보통신(주),박상흥,분석,260512920.0,87.325,88.559,0.05464 (100.05464),,2024/06/10 10:41:55,
46,-270,1058619564,주식회사 다상테크,김춘기,분석,260510475.0,87.324,88.558,0.05370 (100.0537),,2024/06/07 11:48:06,
47,-271,1068150525,주식회사 캐스트윈,김낙희,분석,260499000.0,87.32,88.554,0.04925 (100.04925),,2024/06/05 11:24:14,
48,-272,2048137258,대신엔에스(주),정동진,분석,260475030.0,87.311,88.546,0.03996 (100.03996),,2024/06/07 10:29:29,
49,-273,1018126108,(주)일능,심금자,분석,260461400.0,87.306,88.542,0.03468 (100.03468),,2024/06/10 09:03:05,
0,-274,1198617662,주식회사 엠토스솔루션스,김관종,분석,260459695.0,87.306,88.541,0.03402 (100.03402),,2024/06/05 17:42:51,
1,-275,1238175875,주식회사 휴톤,김영상,분석,260456012.0,87.305,88.54,0.03260 (100.0326),,2024/06/07 08:33:49,
2,-276,1198130210,(주)와이드넷엔지니어링,이맹훈,분석,260447760.0,87.302,88.537,0.02940 (100.0294),,2024/06/05 17:19:13,
3,-277,2098133432,(주)가람씨앤씨,임승덕,분석,260438047.0,87.298,88.534,0.02564 (100.02564),,2024/06/04 10:58:11,
4,-278,1128143733,공간미디어(주),김명숙,분석,260438047.0,87.298,88.534,0.02564 (100.02564),,2024/06/11 08:15:10,
5,-279,2098121862,거우전설주식회사,김영훈,분석,260423636.0,87.293,88.529,0.02005 (100.02005),,2024/06/07 13:32:36,
6,-280,2298109203,(주)테스콤엔지니어링,박영복,분석,260423000.0,87.293,88.529,0.01981 (100.01981),,2024/06/05 17:58:53,
7,-281,2128153400,일렉파워주식회사,김성호,분석,260420464.0,87.292,88.528,0.01882 (100.01882),,2024/06/10 17:38:56,
8,-282,1018651785,주식회사 청심아이티,김재균,분석,260417000.0,87.29,88.527,0.01748 (100.01748),,2024/06/11 08:25:04,
9,-283,2208886221,주식회사 지엔아이티,윤상병,분석,260416250.0,87.29,88.526,0.01719 (100.01719),,2024/06/05 13:18:44,
10,-284,2048190516,주식회사동훈전설,정준모,분석,260415229.0,87.29,88.526,0.01680 (100.0168),,2024/06/10 15:34:20,
11,-285,1088604075,청목이앤아이 주식회사,김희경,분석,260409080.0,87.288,88.524,0.01441 (100.01441),,2024/06/10 15:45:47,
12,-286,1088179663,주식회사 시큐뱅크,심재춘,분석,260406710.0,87.287,88.523,0.01349 (100.01349),,2024/06/07 10:47:30,
13,-287,1068604157,주식회사 넥시스정보,오세후,분석,260403620.0,87.286,88.522,0.01230 (100.0123),,2024/06/10 08:34:06,
14,-288,1258180919,(주)경일전공,정요진,분석,260402840.0,87.285,88.522,0.01200 (100.012),,2024/06/07 13:50:06,
15,-289,2068601178,주식회사 해인이티에프,오재근,분석,260390528.0,87.281,88.518,0.00723 (100.00723),,2024/06/10 17:15:12,
16,-290,2208165402,서전엔지니어링(주),유경하,분석,260386500.0,87.279,88.516,0.00566 (100.00566),,2024/06/05 17:57:04,
17,-291,1138629821,동문이엔티 주식회사,송요일,분석,260382965.0,87.278,88.515,0.00430 (100.0043),,2024/06/10 15:01:16,
18,-292,2208680918,(주)엠디엠알,이재원,분석,260382448.0,87.278,88.515,0.00410 (100.0041),,2024/06/10 09:14:50,
19,-293,1138629419,(주)에스이든,하태정,분석,260378310.0,87.277,88.513,0.00249 (100.00249),,2024/06/07 16:16:17,
20,-294,7968600745,마스트아이엔씨 주식회사,전병호,분석,260377803.0,87.276,88.513,0.00230 (100.0023),,2024/06/10 08:32:57,
21,-295,2148626637,(주)아이엔지시스템,김정화,분석,260372500.0,87.274,88.511,0.00024 (100.00024),,2024/06/10 16:18:48,
22,-296,2148823314,화인정보기술주식회사,이명우,분석,260370060.0,87.274,88.511,-0.00070 (99.9993),,2024/06/10 09:03:23,
23,-297,2128166939,주식회사 연일전력,최희성,분석,260368510.0,87.273,88.51,-0.00130 (99.9987),,2024/06/10 10:54:40,
24,-298,1138148366,주식회사 레이어스,조인선,분석,260362574.0,87.271,88.508,-0.00360 (99.9964),,2024/06/05 09:21:42,
25,-299,1088154468,(주)이젠정보통신,이동필,분석,260361800.0,87.271,88.508,-0.00390 (99.9961),,2024/06/06 16:08:53,
26,-300,1198611222,(주)제이에이티,이세창,분석,260358380.0,87.269,88.507,-0.00523 (99.99477),,2024/06/07 16:57:28,
27,-301,2148854189,(주)태원전기,김응식,분석,260351990.0,87.267,88.505,-0.00771 (99.99229),,2024/06/07 17:22:57,
28,-302,1018675701,주식회사 두이정보통신,정영희,분석,260348769.0,87.266,88.503,-0.00895 (99.99105),,2024/06/05 16:39:39,
29,-303,1058718276,에이원게이트 주식회사,이옥경,분석,260337000.0,87.262,88.499,-0.01351 (99.98649),,2024/06/10 10:09:26,
30,-304,1178152009,동아신호 주식회사,최종수,분석,260337000.0,87.262,88.499,-0.01351 (99.98649),,2024/06/10 16:22:28,
31,-305,2048620126,(주)상부사종합건설,이상만,분석,260329000.0,87.259,88.497,-0.01661 (99.98339),,2024/06/11 05:24:03,
32,-306,1108164858,(주)에스에이정보기술,김성빈,분석,260327200.0,87.258,88.496,-0.01731 (99.98269),,2024/06/10 07:53:56,
33,-307,2038164825,(주)스피드정보통신,선의석,분석,260323340.0,87.257,88.495,-0.01880 (99.9812),,2024/06/08 12:30:46,
34,-308,1198609177,이유솔루션주식회사,장지호,분석,260323302.0,87.257,88.495,-0.01882 (99.98118),,2024/06/09 21:53:09,
35,-309,2108170441,주식회사 에이원아이티,문계숙,분석,260322000.0,87.256,88.494,-0.01932 (99.98068),,2024/06/10 09:28:07,
36,-310,2208602950,(주)세연텔레콤,홍성일,분석,260299590.0,87.248,88.487,-0.02801 (99.97199),,2024/06/04 09:13:44,
37,-311,2068617141,(주)텔코아,황민석,분석,260284110.0,87.243,88.481,-0.03400 (99.966),,2024/06/05 14:43:24,
38,-312,4108633207,(유)대원엔지니어링,박윤규,분석,260280230.0,87.241,88.48,-0.03551 (99.96449),,2024/06/08 16:32:45,
39,-313,1018663767,비케이전기통신 주식회사,유봉근,분석,260273000.0,87.239,88.478,-0.03831 (99.96169),,2024/06/05 15:15:35,
40,-314,2198111833,주식회사 대영아이오티,전인구,분석,260272750.0,87.238,88.478,-0.03840 (99.9616),,2024/06/10 15:53:42,
41,-315,2078136393,삼언전공 주식회사,공석복,분석,260270590.0,87.238,88.477,-0.03924 (99.96076),,2024/06/07 16:12:03,
42,-316,2018190031,주식회사 태건씨앤씨,김복수,분석,260270580.0,87.238,88.477,-0.03925 (99.96075),,2024/06/10 10:18:58,
43,-317,1138615856,(주)서원티에스,김안수,분석,260262420.0,87.235,88.474,-0.04241 (99.95759),,2024/06/10 13:11:11,
44,-318,1078161011,(주)장수커뮤니케이션즈,김현수,분석,260255970.0,87.232,88.472,-0.04491 (99.95509),,2024/06/10 14:45:23,
45,-319,5728702483,주식회사 케이제이에스랩,나봉채,분석,260246680.0,87.229,88.469,-0.04850 (99.9515),,2024/06/10 09:41:34,
46,-320,2048635411,주식회사 화산에스티아이,이명재,분석,260238936.0,87.226,88.466,-0.05150 (99.9485),,2024/06/05 10:07:51,
47,-321,1178186611,주식회사 에프에이일렉콤,박인숙,분석,260237128.0,87.226,88.465,-0.05221 (99.94779),,2024/06/10 09:55:39,
48,-322,2048162437,다남전기(주),이병근,분석,260234040.0,87.224,88.464,-0.05340 (99.9466),,2024/06/07 18:01:16,
49,-323,2218120693,주식회사 일동에너텍,김종삼,분석,260232225.0,87.224,88.464,-0.05410 (99.9459),,2024/06/10 17:04:02,
0,-324,1018662695,주식회사 메가시스템,김대석,분석,260212383.0,87.217,88.457,-0.06179 (99.93821),,2024/06/05 10:46:06,
1,-325,2148673033,대일전기통신(주),김종엽,분석,260208990.0,87.215,88.456,-0.06311 (99.93689),,2024/06/07 09:15:41,
2,-326,1128152663,한국아이디정보(주),송찬호,분석,260207700.0,87.215,88.455,-0.06361 (99.93639),,2024/06/05 18:24:37,
3,-327,2018147460,태성전기통신(주),이덕우,분석,260200042.0,87.212,88.453,-0.06657 (99.93343),,2024/06/10 11:07:08,
4,-328,1298126260,현대아이티에스전자(주),정영자,분석,260192589.0,87.21,88.45,-0.06946 (99.93054),,2024/06/11 07:31:25,
5,-329,2158191475,(주)디앤씨코퍼레이션,엄삼섭,분석,260191701.0,87.209,88.45,-0.06980 (99.9302),,2024/06/10 17:21:39,
6,-330,2028158261,주식회사 남두,김승균,분석,260184920.0,87.207,88.448,-0.07243 (99.92757),,2024/06/11 08:48:13,
7,-331,1068127039,진명이엔씨(주),박창호,분석,260183700.0,87.206,88.447,-0.07290 (99.9271),,2024/06/07 17:27:03,
8,-332,2048105154,우일정보기술 주식회사,이오,분석,260179570.0,87.205,88.446,-0.07450 (99.9255),,2024/06/11 08:34:27,
9,-333,2098211809,사단법인 해오름장애인협회,노영주,분석,260177605.0,87.204,88.445,-0.07527 (99.92473),,2024/06/11 09:04:42,
10,-334,1058686587,(주)참슬테크,정희연,분석,260174794.0,87.203,88.444,-0.07635 (99.92365),,2024/06/10 15:36:40,
11,-335,1068603240,태경이엘피 주식회사,김평석,분석,260167582.0,87.2,88.442,-0.07915 (99.92085),,2024/06/10 23:44:45,
12,-336,2148886584,주식회사 수민텔레콤,이상민,분석,260167400.0,87.2,88.442,-0.07922 (99.92078),,2024/06/10 09:49:43,
13,-337,1118129252,광원전설(주),김영선,분석,260166560.0,87.2,88.441,-0.07954 (99.92046),,2024/06/11 14:56:39,
14,-338,2028104237,대선이엔씨(주),최승재,분석,260156878.0,87.197,88.438,-0.08330 (99.9167),,2024/06/10 15:45:52,
15,-339,1198656229,주식회사 경진네트워크,김응환,분석,260137300.0,87.19,88.432,-0.09088 (99.90912),,2024/06/09 17:15:21,
16,-340,2018603701,소성정보기술 주식회사,김금남,분석,260123680.0,87.185,88.427,-0.09616 (99.90384),,2024/06/10 09:37:56,
17,-341,1188114949,이주씨스템(주),이복균,분석,260114090.0,87.181,88.424,-0.09987 (99.90013),,2024/06/10 16:37:02,
18,-342,1078636235,(주)대교이앤에스,이찬수,분석,260104458.0,87.178,88.42,-0.10360 (99.8964),,2024/06/10 13:42:57,
19,-343,2118606665,주식회사 아라랏,황지홍,분석,260102148.0,87.177,88.42,-0.10450 (99.8955),,2024/06/10 21:43:41,
20,-344,1088107572,세빈테크(주),박재영,분석,260100000.0,87.176,88.419,-0.10533 (99.89467),,2024/06/10 23:58:48,
21,-345,1058747280,주식회사 하이디,문이수,분석,260098520.0,87.176,88.418,-0.10591 (99.89409),,2024/06/06 13:00:57,
22,-346,2118193336,(주)국제비엠에스,윤도선,분석,260098004.0,87.175,88.418,-0.10610 (99.8939),,2024/06/10 15:07:58,
23,-347,1078746443,(주)라인테크놀로지,유현식,분석,260086028.0,87.171,88.414,-0.11074 (99.88926),,2024/06/05 16:57:29,
24,-348,1078759050,프리스타일테크놀로지 유한회사,김용선,분석,260082010.0,87.17,88.413,-0.11230 (99.8877),,2024/06/07 17:15:33,
25,-349,1018116968,(주)넥슨정보통신,신양인,분석,260080960.0,87.169,88.412,-0.11271 (99.88729),,2024/06/07 11:07:52,
26,-350,1138613391,주식회사 지에스씨앤씨,석덕림,분석,260065998.0,87.164,88.407,-0.11850 (99.8815),,2024/06/08 19:59:13,
27,-351,1138640864,주식회사 지앤씨씨,정연진,분석,260061610.0,87.162,88.406,-0.12020 (99.8798),,2024/06/07 15:16:53,
28,-352,4028141375,주식회사 이레유비크,박임철,분석,260059803.0,87.162,88.405,-0.12090 (99.8791),,2024/06/10 09:17:35,
29,-353,1108157338,(주)메트로컴넷,최선민,분석,260056700.0,87.161,88.404,-0.12211 (99.87789),,2024/06/10 09:14:08,
30,-354,1058173369,(주)신한개발,이종순,분석,260050769.0,87.158,88.402,-0.12440 (99.8756),,2024/06/04 16:53:50,
31,-355,1198178757,주식회사우신아이앤씨,이화세,분석,260046900.0,87.157,88.401,-0.12590 (99.8741),,2024/06/10 09:26:17,
32,-356,6188134896,주식회사 동신정보통신,임춘섭,분석,260045600.0,87.157,88.4,-0.12641 (99.87359),,2024/06/10 11:54:23,
33,-357,1318672272,주식회사 디지오디오,김정구,분석,260043098.0,87.156,88.4,-0.12738 (99.87262),,2024/06/05 17:31:26,
34,-358,1418147931,주식회사 이리야시스템,허재혁,분석,260040186.0,87.155,88.399,-0.12850 (99.8715),,2024/06/10 10:31:02,
35,-359,3568102176,주식회사 코맥스강북점,이재명,분석,260035540.0,87.153,88.397,-0.13030 (99.8697),,2024/06/10 09:32:33,
36,-360,1018154491,엘케이테크넷(주),이만형,분석,260033090.0,87.152,88.396,-0.13125 (99.86875),,2024/06/05 12:52:07,
37,-361,1138640850,주식회사 우솔네트웍스,유상열,분석,260028040.0,87.15,88.394,-0.13321 (99.86679),,2024/06/05 15:24:09,
38,-362,1138663208,주식회사 유영정보통신,박경순,분석,260024000.0,87.149,88.393,-0.13478 (99.86522),,2024/06/10 08:26:41,
39,-363,2208117292,(주)동아종합전력,민정기,분석,260009471.0,87.143,88.388,-0.14040 (99.8596),,2024/06/05 14:42:00,
40,-364,1068606683,로버무트 주식회사,송태하,분석,260007083.0,87.143,88.387,-0.14133 (99.85867),,2024/06/10 09:48:08,
41,-365,1098655451,주식회사 투비,차인성,분석,260003500.0,87.141,88.386,-0.14272 (99.85728),,2024/06/10 17:27:40,
42,-366,1198174315,주식회사 다솜이엔씨,송인주,분석,259999400.0,87.14,88.385,-0.14431 (99.85569),,2024/06/07 08:25:04,
43,-367,2048610496,주식회사 김스애드,김진희,분석,259997000.0,87.139,88.384,-0.14524 (99.85476),,2024/06/10 10:07:20,
44,-368,1068609792,(주)아이티로그인,김태현,분석,259995531.0,87.138,88.383,-0.14581 (99.85419),,2024/06/07 09:07:06,
45,-369,1078731896,(주)비시텍코리아,임헌욱,분석,259992430.0,87.137,88.382,-0.14701 (99.85299),,2024/06/10 13:05:58,
46,-370,1198188750,한솔코에버 주식회사,반기동,분석,259991660.0,87.137,88.382,-0.14730 (99.8527),,2024/06/10 10:03:18,
47,-371,2148891087,세경네트웍스 주식회사,장중석,분석,259991402.0,87.137,88.382,-0.14740 (99.8526),,2024/06/10 10:12:06,
48,-372,2068184529,(주)네오티엔씨,조정현,분석,259974890.0,87.131,88.376,-0.15380 (99.8462),,2024/06/05 15:15:53,
49,-373,1148633857,에스엠이엔지(주),이관휴,분석,259965590.0,87.128,88.373,-0.15741 (99.84259),,2024/06/05 16:37:23,
0,-374,2108131394,(주)안나시스템,문병조,분석,259963000.0,87.127,88.372,-0.15841 (99.84159),,2024/06/05 14:26:22,
1,-375,1058162163,주식회사대한종합산전,이섭,분석,259962000.0,87.126,88.372,-0.15880 (99.8412),,2024/06/07 16:19:57,
2,-376,2158682840,차일정보통신(주),오상국,분석,259958880.0,87.125,88.371,-0.16000 (99.84),,2024/06/07 14:49:37,
3,-377,1108139892,(주)이화텔레콤,윤영배,분석,259950620.0,87.122,88.368,-0.16320 (99.8368),,2024/06/05 10:13:57,
4,-378,1128139637,(주)씨엘에이에스,윤호중,분석,259939778.0,87.118,88.364,-0.16741 (99.83259),,2024/06/10 08:38:13,
5,-379,2028162708,(주)에스텍시스템,이병화,분석,259939522.0,87.118,88.364,-0.16750 (99.8325),,2024/06/05 09:35:34,
6,-380,2028138682,협진통신(주),이승훈,분석,259931010.0,87.115,88.361,-0.17080 (99.8292),,2024/06/05 10:52:56,
7,-381,2068126626,주식회사 동부전기,형남길,분석,259928681.0,87.114,88.361,-0.17170 (99.8283),,2024/06/11 12:38:22,
8,-382,1138184945,에스엠티정보기술(주),이묵희,분석,259928114.0,87.114,88.36,-0.17192 (99.82808),,2024/06/05 17:51:55,
9,-383,1188117816,(주)영원정보통신,전춘식,분석,259923777.0,87.113,88.359,-0.17360 (99.8264),,2024/06/07 11:02:14,
10,-384,1288196628,코마정보통신(주),이경수,분석,259920930.0,87.112,88.358,-0.17471 (99.82529),,2024/06/06 14:57:24,
11,-385,1078740041,주식회사 더기가,이기홍,분석,259919390.0,87.111,88.357,-0.17530 (99.8247),,2024/06/10 12:52:33,
12,-386,1288141176,주식회사 와이씨스템,장영찬,분석,259918614.0,87.111,88.357,-0.17560 (99.8244),,2024/06/10 09:56:14,
13,-387,1098603593,주식회사 완일이씨에스,김경창,분석,259910354.0,87.108,88.354,-0.17880 (99.8212),,2024/06/10 08:18:57,
14,-388,2158199031,한소리이앤씨주식회사,안홍희,분석,259908030.0,87.107,88.354,-0.17971 (99.82029),,2024/06/04 10:34:38,
15,-389,1208609672,(주)디에스티인터내셔날,김형태,분석,259908030.0,87.107,88.354,-0.17971 (99.82029),,2024/06/10 09:06:42,
16,-390,1018151121,주식회사 경원전력,최경택,분석,259906500.0,87.106,88.353,-0.18030 (99.8197),,2024/06/07 16:49:49,
17,-391,1068641638,(주)매트릭스미디어,김진성,분석,259905710.0,87.106,88.353,-0.18060 (99.8194),,2024/06/07 14:12:02,
18,-392,2021067983,엘지전자통신공사,최태익,분석,259904933.0,87.106,88.353,-0.18090 (99.8191),,2024/06/07 12:15:48,
19,-393,1428168147,주식회사 다옴건설,이창석,분석,259900970.0,87.104,88.351,-0.18244 (99.81756),,2024/06/10 11:32:48,
20,-394,1138148411,(주)풍천정보네트웍,김학봉,분석,259893060.0,87.101,88.348,-0.18550 (99.8145),,2024/06/10 09:40:19,
21,-395,2158774589,주식회사 스카이코어,최명훈,분석,259892500.0,87.101,88.348,-0.18572 (99.81428),,2024/06/10 15:32:55,
22,-396,1198637085,(주) 하이네트워크,이준수,분석,259889700.0,87.1,88.347,-0.18681 (99.81319),,2024/06/07 10:33:57,
23,-397,2148811443,(주)우신지엘에스,문경종,분석,259886610.0,87.099,88.346,-0.18800 (99.812),,2024/06/06 09:54:04,
24,-398,2648127825,주식회사 제이원아이티 (JwonIT Co. Ltd.),이준호,분석,259880150.0,87.097,88.344,-0.19051 (99.80949),,2024/06/10 10:23:58,
25,-399,1078805018,주식회사 지엔아이테크,박우정,분석,259875170.0,87.095,88.342,-0.19244 (99.80756),,2024/06/05 13:21:34,
26,-400,2158607273,(주)미주전통,장원식,분석,259870677.0,87.093,88.341,-0.19418 (99.80582),,2024/06/10 20:58:29,
27,-401,1138683368,주식회사 에스엠시스템즈,이승환,분석,259864500.0,87.091,88.339,-0.19657 (99.80343),,2024/06/10 15:21:33,
28,-402,1018138303,주식회사 비엘에스,안홍서,분석,259850988.0,87.086,88.334,-0.20180 (99.7982),,2024/06/11 09:28:06,
29,-403,1138602574,주식회사 큐디스,김성진,분석,259844280.0,87.084,88.332,-0.20440 (99.7956),,2024/06/07 10:16:26,
30,-404,1108609224,주식회사 두루스코,김옥연,분석,259841979.0,87.083,88.331,-0.20529 (99.79471),,2024/06/11 09:52:36,
31,-405,2068153517,뉴텔레콤(주),김을선,분석,259840910.0,87.083,88.331,-0.20571 (99.79429),,2024/06/10 08:59:54,
32,-406,1088195004,(주)한양케이앤이,김홍인,분석,259839371.0,87.082,88.33,-0.20631 (99.79369),,2024/06/10 10:10:39,
33,-407,1858801633,삼보종합이앤씨주식회사,공갑배,분석,259834983.0,87.081,88.329,-0.20801 (99.79199),,2024/06/10 10:30:08,
34,-408,2048131439,중앙텔콤(주),오충석,분석,259831499.0,87.079,88.328,-0.20935 (99.79065),,2024/06/10 14:46:53,
35,-409,1078193207,주식회사 주광전기,이승훈,분석,259829050.0,87.078,88.327,-0.21030 (99.7897),,2024/06/10 15:22:51,
36,-410,1018183448,(주)에이치애비뉴앤컴퍼니,정현이,분석,259825950.0,87.077,88.326,-0.21150 (99.7885),,2024/06/06 11:38:19,
37,-411,2158159534,하이텍앤솔 주식회사,정구천,분석,259824660.0,87.077,88.325,-0.21200 (99.788),,2024/06/10 09:43:36,
38,-412,1148135087,장한전산(주),이상철,분석,259821536.0,87.076,88.324,-0.21321 (99.78679),,2024/06/10 11:04:22,
39,-413,1108170025,(주)원비즈시스템,박의영,분석,259817665.0,87.074,88.323,-0.21471 (99.78529),,2024/06/10 10:08:42,
40,-414,1328105709,(주)왕선전설,조정현,분석,259817100.0,87.074,88.323,-0.21493 (99.78507),,2024/06/11 07:07:56,
41,-415,1198668254,대신인포시스 주식회사,최혜경,분석,259815594.0,87.074,88.322,-0.21552 (99.78448),,2024/06/05 09:40:52,
42,-416,2178114305,주식회사 광문정보통신,서정만,분석,259814500.0,87.073,88.322,-0.21594 (99.78406),,2024/06/10 12:51:18,
43,-417,2298126804,주식회사엔엠엑스이엔씨,이동윤,분석,259811589.0,87.072,88.321,-0.21707 (99.78293),,2024/06/04 11:06:39,
44,-418,2068606585,(주)상지일렉스,정원상,분석,259810695.0,87.072,88.32,-0.21741 (99.78259),,2024/06/08 18:58:17,
45,-419,1058714080,(주) 한일이앤에스,박완교,분석,259808708.0,87.071,88.32,-0.21818 (99.78182),,2024/06/10 18:57:05,
46,-420,2138800230,주식회사 성민전기통신,홍종애,분석,259807107.0,87.07,88.319,-0.21880 (99.7812),,2024/06/07 11:13:09,
47,-421,7098602638,주식회사 시그널아이씨티,강민희,분석,259806591.0,87.07,88.319,-0.21900 (99.781),,2024/06/11 08:21:02,
48,-422,2048131967,(주)용백전설,곽의영,분석,259799300.0,87.068,88.317,-0.22183 (99.77817),,2024/06/07 15:06:29,
49,-423,2130230588,태극정보통신,이상호,분석,259796383.0,87.067,88.316,-0.22296 (99.77704),,2024/06/09 20:14:50,
0,-424,1058192352,한아름정보통신(주),손경선,분석,259788820.0,87.064,88.313,-0.22589 (99.77411),,2024/06/05 12:10:11,
1,-425,2118691240,거성일렉콤(주),박성래,분석,259785787.0,87.063,88.312,-0.22706 (99.77294),,2024/06/04 09:22:42,
2,-426,1208633380,(주)에스에스통신,이종필,분석,259784652.0,87.062,88.312,-0.22750 (99.7725),,2024/06/07 10:20:22,
3,-427,1068194348,(주)퓨젼아이앤씨,임영출,분석,259782820.0,87.062,88.311,-0.22821 (99.77179),,2024/06/11 09:42:17,
4,-428,1088149704,썬시큐원(주),백석환,분석,259781850.0,87.061,88.311,-0.22859 (99.77141),,2024/06/10 10:14:22,
5,-429,2038149028,대륭중공건설(주),박임우,분석,259771256.0,87.058,88.307,-0.23269 (99.76731),,2024/06/10 17:35:43,
6,-430,1088175857,주식회사 리드앤컴퍼니,이귀남,분석,259769370.0,87.057,88.306,-0.23343 (99.76657),,2024/06/07 12:23:19,
7,-431,1058665689,(주)경림이앤지,김창근,분석,259765030.0,87.055,88.305,-0.23511 (99.76489),,2024/06/10 14:37:20,
8,-432,3158800929,에이블이엔씨 주식회사,김주형,분석,259764002.0,87.055,88.305,-0.23550 (99.7645),,2024/06/10 15:40:29,
9,-433,2048129194,위성이앤씨(주),이양숙,분석,259764001.0,87.055,88.305,-0.23551 (99.76449),,2024/06/10 10:20:09,
10,-434,2048182660,동원오비텍(주),박동을,분석,259761680.0,87.054,88.304,-0.23640 (99.7636),,2024/06/10 17:37:39,
11,-435,1058795818,주식회사 티엠미디어,박용호,분석,259760388.0,87.054,88.303,-0.23690 (99.7631),,2024/06/07 09:22:13,
12,-436,1408169475,주식회사 제이앤제이파워스,박재옥,분석,259755900.0,87.052,88.302,-0.23864 (99.76136),,2024/06/10 14:58:21,
13,-437,1048142446,주식회사 디에스 이앤티,양종만,분석,259748760.0,87.049,88.299,-0.24141 (99.75859),,2024/06/10 16:20:37,
14,-438,1068184554,(주)송화전기통신,고진홍,분석,259748260.0,87.049,88.299,-0.24160 (99.7584),,2024/06/05 17:40:55,
15,-439,1068684748,주식회사고도기술,고동현,분석,259748128.0,87.049,88.299,-0.24165 (99.75835),,2024/06/07 16:54:59,
16,-440,4178802112,주식회사 팬택씨앤아이엔지니어링,신광식,분석,259746710.0,87.049,88.299,-0.24220 (99.7578),,2024/06/07 11:30:22,
17,-441,8338600103,주식회사 씨앤아이테크,서광수,분석,259743611.0,87.048,88.298,-0.24340 (99.7566),,2024/06/05 12:45:40,
18,-442,1098120807,(주)케이비에스비즈니스,박승규,분석,259740999.0,87.047,88.297,-0.24442 (99.75558),,2024/06/11 08:54:07,
19,-443,2108164712,주식회사 데스카,조혜연,분석,259740740.0,87.047,88.297,-0.24452 (99.75548),,2024/06/07 12:58:48,
20,-444,2068625393,주식회사 성림전설,박상동,분석,259739480.0,87.046,88.296,-0.24501 (99.75499),,2024/06/04 10:04:27,
21,-445,2118899396,주식회사 피에스콤,최정환,분석,259733931.0,87.044,88.294,-0.24715 (99.75285),,2024/06/07 14:02:47,
22,-446,2118743406,보성통신기술(주),오영배,분석,259733290.0,87.044,88.294,-0.24740 (99.7526),,2024/06/10 14:16:17,
23,-447,2118145912,영남스퀘어 주식회사,장재모,분석,259730650.0,87.043,88.293,-0.24843 (99.75157),,2024/06/07 08:52:43,
24,-448,2098132812,주식회사 피치테크,이현철,분석,259729414.0,87.042,88.293,-0.24890 (99.7511),,2024/06/09 13:50:41,
25,-449,4048131290,주식회사 아이앤씨코리아,박규성,분석,259722180.0,87.04,88.29,-0.25171 (99.74829),,2024/06/10 17:27:49,
26,-450,8018600805,세인트로그 주식회사,김세연,분석,259717542.0,87.038,88.289,-0.25350 (99.7465),,2024/06/09 22:48:49,
27,-451,1108604272,소리콤 주식회사,정재홍,분석,259717290.0,87.038,88.289,-0.25360 (99.7464),,2024/06/11 01:12:53,
28,-452,1288138083,주식회사 유앤후레쉬,우재명,분석,259715470.0,87.037,88.288,-0.25431 (99.74569),,2024/06/09 18:02:31,
29,-453,2148711728,에이에이씨케이(주),주수양,분석,259715100.0,87.037,88.288,-0.25445 (99.74555),,2024/06/10 10:09:56,
30,-454,1098185343,주식회사 오티에스씨,이승환,분석,259691987.0,87.029,88.28,-0.26340 (99.7366),,2024/06/10 09:29:17,
31,-455,2148134127,(주)대경텔레콤,오병도,분석,259691210.0,87.029,88.28,-0.26371 (99.73629),,2024/06/10 09:23:47,
32,-456,1198118405,우광기전(주),이기진,분석,259688640.0,87.028,88.279,-0.26470 (99.7353),,2024/06/10 10:37:48,
33,-457,1098197140,(주)코맥스시큐리티,김종정,분석,259681664.0,87.025,88.277,-0.26740 (99.7326),,2024/06/10 09:36:22,
34,-458,2158602337,지엔네텔(주),고시영,분석,259681486.0,87.025,88.277,-0.26747 (99.73253),,2024/06/11 14:15:00,
35,-459,1078162397,신용통신 주식회사,김형종,분석,259681100.0,87.025,88.276,-0.26762 (99.73238),,2024/06/06 19:37:42,
36,-460,1198153493,(주)경성네트웍,편해용,분석,259678178.0,87.024,88.275,-0.26875 (99.73125),,2024/06/07 10:09:39,
37,-461,1138163445,주식회사 삼도통신,이정경,분석,259677600.0,87.024,88.275,-0.26898 (99.73102),,2024/06/04 15:36:26,
38,-462,2148669602,(주)우호텔레콤,이강록,분석,259675150.0,87.023,88.274,-0.26993 (99.73007),,2024/06/10 10:49:15,
39,-463,2108122823,우영정보통신(주),황태하,분석,259666180.0,87.02,88.271,-0.27340 (99.7266),,2024/06/11 08:55:26,
40,-464,1198642201,주식회사 한일이앤씨,황유경,분석,259663285.0,87.019,88.27,-0.27452 (99.72548),,2024/06/10 11:15:11,
41,-465,1188109728,득진통신(주),김진섭,분석,259653793.0,87.015,88.267,-0.27820 (99.7218),,2024/06/10 15:23:38,
42,-466,1138645971,주식회사 포딕스시스템,정재호,분석,259650851.0,87.014,88.266,-0.27934 (99.72066),,2024/06/05 12:37:31,
43,-467,7148800617,주식회사 성진정보통신,문계철,분석,259648107.0,87.013,88.265,-0.28041 (99.71959),,2024/06/11 09:31:09,
44,-468,1058601287,(주)성산정보시스템,김기주,분석,259646043.0,87.012,88.265,-0.28120 (99.7188),,2024/06/10 18:20:39,
45,-469,3548802349,(주)템피스트정보통신,강신원,분석,259642690.0,87.011,88.263,-0.28250 (99.7175),,2024/06/07 17:54:07,
46,-470,2158148186,주식회사 시스텍이앤씨,전진우,분석,259639850.0,87.01,88.262,-0.28360 (99.7164),,2024/06/07 11:06:58,
47,-471,4768602548,주식회사드림전자피에이,박미영,분석,259635718.0,87.009,88.261,-0.28520 (99.7148),,2024/06/10 10:06:13,
48,-472,2158687767,(주)에스앤디비즈,정성호,분석,259619000.0,87.003,88.255,-0.29168 (99.70832),,2024/06/03 21:27:47,
49,-473,1188117437,탑인더스트리(주),최정현,분석,259618170.0,87.002,88.255,-0.29200 (99.708),,2024/06/07 09:27:15,
0,-474,1068638093,(주)엘케이시스코,이기일,분석,259617240.0,87.002,88.255,-0.29236 (99.70764),,2024/06/10 11:02:32,
1,-475,1988101775,주식회사 사운드허브,김민정,분석,259613190.0,87.001,88.253,-0.29393 (99.70607),,2024/06/10 16:16:36,
2,-476,2158623647,주식회사 시공이엔씨,황호진,분석,259611947.0,87.0,88.253,-0.29441 (99.70559),,2024/06/11 09:10:00,
3,-477,4908801461,주식회사 긱스퍼,이정아,분석,259609133.0,86.999,88.252,-0.29550 (99.7045),,2024/06/05 11:56:11,
4,-478,5868701163,주식회사 하이텍에이브이,김라영,분석,259601388.0,86.996,88.249,-0.29851 (99.70149),,2024/06/08 10:39:00,
5,-479,2098134940,주식회사윤송이엔씨,정윤계,분석,259599530.0,86.996,88.249,-0.29922 (99.70078),,2024/06/07 15:57:11,
6,-480,1098153915,하비넷정보통신(주),이종훈,분석,259598980.0,86.995,88.249,-0.29944 (99.70056),,2024/06/11 09:06:02,
7,-481,2158138510,신신이앤씨주식회사,하상청,분석,259597051.0,86.995,88.248,-0.30019 (99.69981),,2024/06/10 09:56:13,
8,-482,2148647194,투앤원정보통신주식회사,서승호,분석,259590800.0,86.992,88.246,-0.30261 (99.69739),,2024/06/04 14:05:45,
9,-483,2108118504,보성전기산업(주),강명구,분석,259589800.0,86.992,88.245,-0.30299 (99.69701),,2024/06/04 09:08:55,
10,-484,7478702262,주식회사테크윤,구연희,분석,259589190.0,86.992,88.245,-0.30323 (99.69677),,2024/06/07 23:53:19,
11,-485,1198165586,제이케이앤티텔레콤(주),전찬화,분석,259587980.0,86.991,88.245,-0.30370 (99.6963),,2024/06/10 09:32:10,
12,-486,1298627304,주식회사 진네트웍스,이호진,분석,259587192.0,86.991,88.245,-0.30400 (99.696),,2024/06/10 07:32:15,
13,-487,2117299696,성원전자통신,성기신,분석,259582800.0,86.99,88.243,-0.30571 (99.69429),,2024/06/10 11:47:23,
14,-488,2148792435,주식회사케이이씨디바이스,이종수,분석,259581255.0,86.989,88.242,-0.30630 (99.6937),,2024/06/07 17:02:07,
15,-489,2158643395,민네트워크(주),황상택,분석,259578550.0,86.988,88.242,-0.30735 (99.69265),,2024/06/05 16:41:45,
16,-490,1198191309,용진하이테크에너지 주식회사,김진석,분석,259578420.0,86.988,88.242,-0.30740 (99.6926),,2024/06/10 14:59:41,
17,-491,2068183592,(주)신광티앤이,이일환,분석,259577849.0,86.988,88.241,-0.30762 (99.69238),,2024/06/10 15:40:48,
18,-492,1138680513,주식회사연수이앤씨,조운호,분석,259576867.0,86.987,88.241,-0.30800 (99.692),,2024/06/07 15:27:02,
19,-493,2078141917,합자회사 대성전업상사,권기원,분석,259574950.0,86.987,88.24,-0.30875 (99.69125),,2024/06/05 13:37:56,
20,-494,1078163703,아이티에스엔지니어링 주식회사,김정구,분석,259567576.0,86.984,88.238,-0.31160 (99.6884),,2024/06/10 10:13:59,
21,-495,1078757203,주식회사 비에스파워,정병섭,분석,259563400.0,86.983,88.236,-0.31322 (99.68678),,2024/06/09 20:35:23,
22,-496,1198605337,(주)신한이엔아이,유순자,분석,259559830.0,86.981,88.235,-0.31461 (99.68539),,2024/06/10 07:32:16,
23,-497,1148680379,주식회사 다경시스템,김대원,분석,259558540.0,86.981,88.235,-0.31511 (99.68489),,2024/06/05 16:58:42,
24,-498,2058126341,종합전기 주식회사,김유훈,분석,259557767.0,86.981,88.235,-0.31540 (99.6846),,2024/06/11 09:31:00,
25,-499,1078162422,프라미스유 주식회사,박정은,분석,259549760.0,86.978,88.232,-0.31851 (99.68149),,2024/06/09 22:07:47,
26,-500,1078143707,(주)신창전기,홍성수,분석,259545378.0,86.976,88.23,-0.32020 (99.6798),,2024/06/11 09:00:18,
27,-501,1208753234,디스플레이허브 주식회사,김동협,분석,259534000.0,86.972,88.226,-0.32461 (99.67539),,2024/06/08 23:52:42,
28,-502,8878700825,주식회사 수인정보통신,김옥환,분석,259525180.0,86.969,88.223,-0.32803 (99.67197),,2024/06/10 23:27:55,
29,-503,6318800044,화인씨엔이 주식회사,김영심,분석,259524728.0,86.969,88.223,-0.32820 (99.6718),,2024/06/07 12:04:06,
30,-504,2018182230,주식회사 본네트시큐,최수기,분석,259522805.0,86.968,88.223,-0.32895 (99.67105),,2024/06/05 13:19:17,
31,-505,2068650742,한선씨앤씨 주식회사,장홍식,분석,259518747.0,86.966,88.221,-0.33052 (99.66948),,2024/06/05 09:43:10,
32,-506,1138604679,(주) 투데이게이트,김익훈,분석,259514275.0,86.965,88.22,-0.33225 (99.66775),,2024/06/11 03:42:27,
33,-507,1100668347,민성정보통신,김영익,분석,259514146.0,86.965,88.22,-0.33230 (99.6677),,2024/06/10 15:25:10,
34,-508,2028136758,주식회사 남양계전,민강기,분석,259506000.0,86.962,88.217,-0.33546 (99.66454),,2024/06/11 09:09:44,
35,-509,1138163917,백두전기통신(주),장철,분석,259503562.0,86.961,88.216,-0.33640 (99.6636),,2024/06/06 23:47:25,
36,-510,1068641109,주식회사 피앤지텍,조홍길,분석,259502750.0,86.961,88.216,-0.33672 (99.66328),,2024/06/10 15:16:11,
37,-511,2158669639,(주)한정원,이수환,분석,259498920.0,86.959,88.215,-0.33820 (99.6618),,2024/06/07 16:12:51,
38,-512,1138157550,뉴코리아전자통신 주식회사,조영순,분석,259492722.0,86.957,88.212,-0.34060 (99.6594),,2024/06/10 16:44:07,
39,-513,8038600460,주식회사 파르이앤씨,김종훈,분석,259490570.0,86.956,88.212,-0.34144 (99.65856),,2024/06/11 08:40:17,
40,-514,1068632013,하나씨앤아이 주식회사,김용주,분석,259488590.0,86.956,88.211,-0.34221 (99.65779),,2024/06/10 16:49:49,
41,-515,1138195817,(주)베스트일렉트로닉스,최경원,분석,259487270.0,86.955,88.211,-0.34272 (99.65728),,2024/06/10 08:20:22,
42,-516,1178108842,풍성건설(주),임명환,분석,259483688.0,86.954,88.209,-0.34410 (99.6559),,2024/06/09 18:31:37,
43,-517,2108156959,두레에스텍 주식회사,유의근,분석,259481360.0,86.953,88.209,-0.34501 (99.65499),,2024/06/10 09:05:14,
44,-518,4568800195,주식회사 동부코리아통신,윤미옥,분석,259480591.0,86.953,88.208,-0.34530 (99.6547),,2024/06/11 08:29:35,
45,-519,2128197392,금수티아이주식회사,이형주,분석,259472350.0,86.95,88.205,-0.34850 (99.6515),,2024/06/10 09:54:04,
46,-520,2068663169,(주)지엠케이정보통신,최경숙,분석,259467700.0,86.948,88.204,-0.35030 (99.6497),,2024/06/10 09:10:41,
47,-521,5048133604,주식회사다온네트웍스,김진환,분석,259452450.0,86.943,88.199,-0.35621 (99.64379),,2024/06/07 12:54:35,
48,-522,5298103040,주식회사 명성이앤티,박명훈,분석,259438770.0,86.938,88.194,-0.36151 (99.63849),,2024/06/05 13:23:33,
49,-523,1148190678,주식회사 에드원,김춘걸,분석,259435000.0,86.936,88.193,-0.36297 (99.63703),,2024/06/04 10:17:11,
0,-524,5198102535,주식회사 이음유앤아이,박영재,분석,259430800.0,86.935,88.191,-0.36459 (99.63541),,2024/06/10 10:48:18,
1,-525,1108131416,중앙하이텔 주식회사,윤석래,분석,259430220.0,86.935,88.191,-0.36482 (99.63518),,2024/06/10 13:54:33,
2,-526,2028159713,거산음향통신(주),김기만,분석,259429220.0,86.934,88.191,-0.36521 (99.63479),,2024/06/07 09:27:21,
3,-527,2188109765,(주)웨이브컴,채인석,분석,259424830.0,86.933,88.189,-0.36691 (99.63309),,2024/06/05 14:27:01,
4,-528,2038158134,(주)두전네트,손광현,분석,259420320.0,86.931,88.188,-0.36865 (99.63135),,2024/06/07 10:44:49,
5,-529,1168173694,(주)지엠에스인터내셔날,김형준,분석,259415029.0,86.929,88.186,-0.37070 (99.6293),,2024/06/10 14:39:12,
6,-530,1118126196,(주)광성통신,김성철,분석,259411487.0,86.928,88.185,-0.37208 (99.62792),,2024/06/07 15:29:43,
7,-531,1068682075,주식회사 세이프원,이명근,분석,259407000.0,86.926,88.183,-0.37382 (99.62618),,2024/06/10 10:12:49,
8,-532,1068146133,(주)케이씨이,조정휘,분석,259402640.0,86.925,88.182,-0.37550 (99.6245),,2024/06/05 12:10:56,
9,-533,2208742003,신영에스아이 (주),박형근,분석,259400500.0,86.924,88.181,-0.37633 (99.62367),,2024/06/10 11:55:20,
10,-534,2158727392,매컴정보통신(주),장병호,분석,259385860.0,86.919,88.176,-0.38201 (99.61799),,2024/06/10 08:37:51,
11,-535,2158171237,(주)모빌텍,오세좌,분석,259385036.0,86.918,88.176,-0.38232 (99.61768),,2024/06/10 23:37:58,
12,-536,2118101156,(주)인스틴솔루션,박세준,분석,259384900.0,86.918,88.176,-0.38238 (99.61762),,2024/06/07 15:33:26,
13,-537,4318600057,주식회사 엘제이텍,전용준,분석,259381732.0,86.917,88.175,-0.38360 (99.6164),,2024/06/07 16:01:27,
14,-538,2158603049,유니넷텍(주),김한호,분석,259373210.0,86.914,88.172,-0.38691 (99.61309),,2024/06/10 09:40:01,
15,-539,1068660843,세중물산 주식회사,김용욱,분석,259372956.0,86.914,88.172,-0.38700 (99.613),,2024/06/07 10:22:50,
16,-540,2208798467,주식회사 태산이에이지,최홍석,분석,259364438.0,86.911,88.169,-0.39030 (99.6097),,2024/06/05 15:25:06,
17,-541,5338700141,주식회사 인프라엔이,정우진,분석,259354887.0,86.907,88.166,-0.39400 (99.606),,2024/06/05 22:00:52,
18,-542,1058164176,(주)신보파워텍,공민우,분석,259354482.0,86.907,88.165,-0.39416 (99.60584),,2024/06/11 13:27:52,
19,-543,1068147942,태양이엠씨(주),선오규,분석,259352560.0,86.907,88.165,-0.39491 (99.60509),,2024/06/10 09:09:02,
20,-544,1048603486,우영메카(주),김규승,분석,259351016.0,86.906,88.164,-0.39550 (99.6045),,2024/06/07 00:22:16,
21,-545,1138635212,(주)아이제이일렉트론,김도형,분석,259350758.0,86.906,88.164,-0.39560 (99.6044),,2024/06/10 17:07:09,
22,-546,1868701018,주식회사 소담정보통신,주옥,분석,259349209.0,86.905,88.164,-0.39620 (99.6038),,2024/06/07 15:04:20,
23,-547,2118620935,주식회사 한양티이씨,조형국,분석,259348435.0,86.905,88.163,-0.39650 (99.6035),,2024/06/10 15:36:54,
24,-548,1068616819,(주)현성인포컴,박홍수,분석,259348434.0,86.905,88.163,-0.39651 (99.60349),,2024/06/10 09:46:01,
25,-549,1068180183,보람정보통신서비스(주),정승원,분석,259331700.0,86.899,88.158,-0.40299 (99.59701),,2024/06/08 01:39:15,
26,-550,1138132447,태진정보통신(주),정태수,분석,259320299.0,86.895,88.154,-0.40741 (99.59259),,2024/06/07 10:45:38,
27,-551,2748800123,중앙씨앤티 주식회사,윤영진,분석,259315640.0,86.893,88.152,-0.40921 (99.59079),,2024/06/11 09:10:07,
28,-552,2118640396,주식회사 선진콘트롤 엔 엑세스,이철희,분석,259293713.0,86.885,88.145,-0.41771 (99.58229),,2024/06/11 14:43:55,
29,-553,2078147814,(주)대호엔지니어링,윤용상,분석,259291900.0,86.885,88.144,-0.41841 (99.58159),,2024/06/11 11:42:41,
30,-554,1078640952,(주)바비젼,이주일,분석,259290616.0,86.884,88.144,-0.41890 (99.5811),,2024/06/10 10:36:04,
31,-555,1128148285,(주)백제이앤씨,손흥도,분석,259288293.0,86.883,88.143,-0.41980 (99.5802),,2024/06/06 08:45:52,
32,-556,2058139910,우현전기(주),채광식,분석,259280290.0,86.88,88.14,-0.42291 (99.57709),,2024/06/10 22:15:49,
33,-557,1078616772,노드링크주식회사,장용철,분석,259279314.0,86.88,88.14,-0.42328 (99.57672),,2024/06/04 11:04:56,
34,-558,1058682164,(주)울트라텔레콤,김성철,분석,259277970.0,86.88,88.139,-0.42380 (99.5762),,2024/06/07 14:47:46,
35,-559,1108172440,주식회사 다보파워코리아,강희철,분석,259275903.0,86.879,88.139,-0.42461 (99.57539),,2024/06/10 17:58:09,
36,-560,1138683636,주식회사 온택,허윤훈,분석,259267640.0,86.876,88.136,-0.42781 (99.57219),,2024/06/07 20:21:15,
37,-561,1018151776,(주)지디시,김승환,분석,259262990.0,86.874,88.134,-0.42961 (99.57039),,2024/06/07 16:21:53,
38,-562,2048651425,주식회사 메이사운드,심문섭,분석,259257830.0,86.872,88.133,-0.43161 (99.56839),,2024/06/10 09:16:08,
39,-563,2128169519,세진시스콤주식회사,박수환,분석,259257580.0,86.872,88.132,-0.43170 (99.5683),,2024/06/10 08:43:03,
40,-564,1138195613,(주)고려다이나믹스,변희만,분석,259250100.0,86.87,88.13,-0.43460 (99.5654),,2024/06/04 22:24:26,
41,-565,6068665713,주식회사 두배라,김왕섭,분석,259249833.0,86.869,88.13,-0.43471 (99.56529),,2024/06/10 10:07:52,
42,-566,1178158978,주식회사 화일이엔에프,박광섭,분석,259249000.0,86.869,88.13,-0.43503 (99.56497),,2024/06/10 16:07:06,
43,-567,1168161465,(주)솔루텍시스템,이인명,분석,259241394.0,86.866,88.127,-0.43797 (99.56203),,2024/06/04 17:22:20,
44,-568,2108165652,키코아이비에스주식회사,공재근,분석,259240025.0,86.866,88.127,-0.43851 (99.56149),,2024/06/08 12:59:30,
45,-569,2100412872,유광미디어,김유성,분석,259239114.0,86.866,88.126,-0.43886 (99.56114),,2024/06/10 10:13:15,
46,-570,2018643926,두전네트웍스 주식회사,김병현,분석,259238990.0,86.866,88.126,-0.43891 (99.56109),,2024/06/09 11:42:46,
47,-571,2178143187,(주)미디어밸리렛,전필숙,분석,259232282.0,86.863,88.124,-0.44150 (99.5585),,2024/06/07 10:34:14,
48,-572,1018639665,(주)한양인프라넷,김주호,분석,259221700.0,86.859,88.12,-0.44560 (99.5544),,2024/06/07 08:03:35,
49,-573,1200295066,비젼텔레콤,임의석,분석,259219100.0,86.858,88.119,-0.44661 (99.55339),,2024/06/10 15:10:51,
0,-574,1058110006,삼성전기산업 주식회사,박소연,분석,259208700.0,86.855,88.116,-0.45064 (99.54936),,2024/06/10 17:28:39,
1,-575,1108175433,승림이앤씨(주),박기철,분석,259208280.0,86.854,88.116,-0.45080 (99.5492),,2024/06/10 17:08:02,
2,-576,2188114856,서교정보통신(주),김기설,분석,259206470.0,86.854,88.115,-0.45151 (99.54849),,2024/06/10 19:16:05,
3,-577,1268620622,(주)엑스코하이텍,박정현,분석,259205500.0,86.853,88.115,-0.45188 (99.54812),,2024/06/10 17:22:18,
4,-578,1138139080,(주)성강통신기술사사무소,안치영,분석,259185564.0,86.846,88.108,-0.45960 (99.5404),,2024/06/11 09:27:18,
5,-579,1058191993,링크정보통신주식회사,이재호,분석,259176272.0,86.843,88.105,-0.46320 (99.5368),,2024/06/11 09:49:21,
6,-580,5088137937,(주)벨류데이터,정영두,분석,259170077.0,86.841,88.103,-0.46560 (99.5344),,2024/06/10 17:42:19,
7,-581,2098124011,(주)주암전기통신,정한석,분석,259169044.0,86.84,88.102,-0.46600 (99.534),,2024/06/10 09:18:46,
8,-582,2118612681,(주)해우정보시스템,김병헌,분석,259166945.0,86.84,88.102,-0.46682 (99.53318),,2024/06/07 09:58:17,
9,-583,1058606899,이화티티씨(주),이선정,분석,259158074.0,86.836,88.099,-0.47025 (99.52975),,2024/06/07 13:32:20,
10,-584,1018148698,(주)석산텔레콤,박봉환,분석,259155100.0,86.835,88.098,-0.47141 (99.52859),,2024/06/07 09:30:15,
11,-585,1108177407,시큐에스주식회사,정재량,분석,259153299.0,86.835,88.097,-0.47210 (99.5279),,2024/06/10 06:27:56,
12,-586,2148667152,주식회사 어니언소프트웨어,조창희,분석,259140130.0,86.83,88.093,-0.47721 (99.52279),,2024/06/07 17:24:39,
13,-587,3058138619,(주)사이버텔브릿지,남백산,분석,259139619.0,86.83,88.092,-0.47740 (99.5226),,2024/06/04 08:56:46,
14,-588,1138137229,두복산전(주),이영두,분석,259126450.0,86.825,88.088,-0.48251 (99.51749),,2024/06/10 13:42:08,
15,-589,1058622531,건웅신호산전(주),박정현,분석,259122240.0,86.823,88.086,-0.48414 (99.51586),,2024/06/10 11:12:53,
16,-590,2208735083,주식회사 강남전기공사,나중안,분석,259110967.0,86.819,88.083,-0.48851 (99.51149),,2024/06/05 15:28:30,
17,-591,1138636865,주식회사 정원시큐,염승호,분석,259079745.0,86.808,88.072,-0.50060 (99.4994),,2024/06/05 15:01:05,
18,-592,1198137042,(주)진명연합전설,엄재준,분석,259077413.0,86.807,88.071,-0.50150 (99.4985),,2024/06/11 09:52:47,
19,-593,5028131745,(주)에즈웰플러스,이기호,분석,259062700.0,86.802,88.066,-0.50720 (99.4928),,2024/06/10 07:48:00,
20,-594,2048626080,주식회사 엘제이이엔지,임성희,분석,259043530.0,86.795,88.06,-0.51463 (99.48537),,2024/06/05 11:07:23,
21,-595,2148781807,(주)창리정보통신,정종호,분석,259038179.0,86.793,88.058,-0.51670 (99.4833),,2024/06/11 09:20:59,
22,-596,7998800243,주식회사 비티엘정보통신,최성진,분석,259025790.0,86.789,88.054,-0.52150 (99.4785),,2024/06/10 13:37:36,
23,-597,1078212647,사단법인 한국장애인미래정책포럼,배영환,분석,259025700.0,86.789,88.054,-0.52154 (99.47846),,2024/06/10 09:30:49,
24,-598,2128140491,(주)벧엘정보통신,이효진,분석,259025532.0,86.789,88.054,-0.52160 (99.4784),,2024/06/11 06:36:55,
25,-599,1098153822,서울텔엔지니어링(주),정영철,분석,259025270.0,86.788,88.053,-0.52171 (99.47829),,2024/06/10 10:25:59,
26,-600,2098147159,(주)동방에스앤에스,정재훈,분석,259019156.0,86.786,88.051,-0.52407 (99.47593),,2024/06/10 16:48:23,
27,-601,1180673427,한마음정보시스템,정인숙,분석,259016845.0,86.785,88.051,-0.52497 (99.47503),,2024/06/07 09:58:29,
28,-602,1298104500,주식회사 상지건설,김영신,분석,259003590.0,86.781,88.046,-0.53011 (99.46989),,2024/06/10 13:14:01,
29,-603,1298119624,우일계전공업 주식회사,백노현,분석,259001017.0,86.78,88.045,-0.53110 (99.4689),,2024/06/05 14:10:13,
30,-604,2158133077,오티씨 주식회사,김희언,분석,259000688.0,86.78,88.045,-0.53123 (99.46877),,2024/06/04 09:05:45,
31,-605,1098172945,(주)마커스코리아,이헌철,분석,258981650.0,86.773,88.039,-0.53861 (99.46139),,2024/06/10 16:25:01,
32,-606,1068648117,주식회사 티원엘에스,김영규,분석,258974550.0,86.77,88.036,-0.54136 (99.45864),,2024/06/07 14:02:58,
33,-607,1208742606,주식회사 테눅스,전석순,분석,258973650.0,86.77,88.036,-0.54170 (99.4583),,2024/06/07 08:05:47,
34,-608,1078825334,스마트네트웍스 주식회사,박정옥,분석,258971020.0,86.769,88.035,-0.54272 (99.45728),,2024/06/07 20:58:16,
35,-609,1018151140,(주)사운드솔루션,이홍,분석,258967180.0,86.768,88.034,-0.54421 (99.45579),,2024/06/10 15:40:15,
36,-610,2208104161,대신정보기술 주식회사,이광호,분석,258961260.0,86.765,88.032,-0.54650 (99.4535),,2024/06/10 17:48:33,
37,-611,2128145574,콤시스(주),서경환,분석,258956090.0,86.764,88.03,-0.54851 (99.45149),,2024/06/10 10:36:38,
38,-612,1078675432,(주)비젼엔텍,김종윤,분석,258953000.0,86.762,88.029,-0.54970 (99.4503),,2024/06/05 09:17:29,
39,-613,1068615367,대성아이넷(주),이충은,분석,258918930.0,86.75,88.017,-0.56290 (99.4371),,2024/06/04 15:00:37,
40,-614,2548800191,신용전기통신 주식회사,정지택,분석,258913770.0,86.748,88.016,-0.56490 (99.4351),,2024/06/10 11:04:30,
41,-615,1138185570,(주)승일전력산업,박광수,분석,258898800.0,86.743,88.011,-0.57070 (99.4293),,2024/06/05 12:31:11,
42,-616,1108130339,(주)기양상사,조효진,분석,258897300.0,86.742,88.01,-0.57128 (99.42872),,2024/06/07 11:05:09,
43,-617,1168162839,주식회사 유니포인트,안국필,분석,258890634.0,86.74,88.008,-0.57387 (99.42613),,2024/06/04 17:32:48,
44,-618,1048610901,이룸유비쿼터스주식회사,김승규,분석,258887180.0,86.739,88.007,-0.57521 (99.42479),,2024/06/10 11:01:43,
45,-619,2068164028,주식회사 이지비앤티,김한복,분석,258884450.0,86.738,88.006,-0.57626 (99.42374),,2024/06/10 15:18:06,
46,-620,1188111165,주식회사 세원이엔피디,이왕종,분석,258869655.0,86.732,88.001,-0.58199 (99.41801),,2024/06/11 08:19:19,
47,-621,1198653668,에코아이넷(주),박은희,분석,258867307.0,86.732,88.0,-0.58290 (99.4171),,2024/06/10 09:39:33,
48,-622,1208147588,서현정보통신(주),배상만,분석,258862510.0,86.73,87.998,-0.58476 (99.41524),,2024/06/10 08:34:42,
49,-623,2208143387,(주)글로벌텔레콤,서승현,분석,258862500.0,86.73,87.998,-0.58477 (99.41523),,2024/06/10 16:24:20,
0,-624,1148611926,(주)동진이앤티,김미화,분석,258857497.0,86.728,87.996,-0.58670 (99.4133),,2024/06/10 11:06:17,
1,-625,1058748784,(주)에스알시스템,김수정,분석,258856210.0,86.728,87.996,-0.58720 (99.4128),,2024/06/10 08:06:30,
2,-626,4178600013,블랙썬 주식회사,이희부,분석,258845110.0,86.723,87.992,-0.59150 (99.4085),,2024/06/07 15:26:44,
3,-627,5518600929,주식회사마글론이에프씨,김광석,분석,258835490.0,86.72,87.989,-0.59523 (99.40477),,2024/06/07 16:15:05,
4,-628,1138622662,퍼스트아이앤씨 주식회사,박상호,분석,258802002.0,86.708,87.978,-0.60820 (99.3918),,2024/06/10 09:11:07,
5,-629,1188110211,(주)텔레텍코리아,윤광수,분석,258797615.0,86.706,87.976,-0.60990 (99.3901),,2024/06/11 08:51:01,
6,-630,1068194620,(주)합동전자산업,정호원,분석,258788580.0,86.703,87.973,-0.61340 (99.3866),,2024/06/04 09:54:31,
7,-631,1078619629,염광전기통신(주),최인재,분석,258775674.0,86.698,87.969,-0.61840 (99.3816),,2024/06/04 14:18:31,
8,-632,2068706603,주식회사 온품,김유혁,분석,258774830.0,86.698,87.968,-0.61873 (99.38127),,2024/06/10 13:30:18,
9,-633,1198684157,(주)이제이정보시스템,정광열,분석,258765866.0,86.695,87.965,-0.62220 (99.3778),,2024/06/10 14:52:34,
10,-634,2078127900,합동전자통신(주),하명용,분석,258761590.0,86.693,87.964,-0.62386 (99.37614),,2024/06/07 11:14:07,
11,-635,2078149729,주식회사 지앤에스기술,문창수,분석,258757994.0,86.692,87.963,-0.62525 (99.37475),,2024/06/11 07:57:47,
12,-636,2048614338,(주)오성에이브이시스템,김승모,분석,258756980.0,86.692,87.962,-0.62565 (99.37435),,2024/06/10 09:21:35,
13,-637,1098630066,주식회사 태양전기,홍석봉,분석,258752574.0,86.69,87.961,-0.62735 (99.37265),,2024/06/11 09:43:56,
14,-638,1358188617,주식회사 지에프씨코리아,안병모,분석,258742430.0,86.686,87.957,-0.63128 (99.36872),,2024/06/10 09:53:21,
15,-639,2198125754,알티엘산업 주식회사,이근태,분석,258741960.0,86.686,87.957,-0.63147 (99.36853),,2024/06/10 01:11:08,
16,-640,1058746506,(주)파워일렉,박웅,분석,258737370.0,86.685,87.956,-0.63324 (99.36676),,2024/06/10 11:27:54,
17,-641,1208637260,에스피케이인크 주식회사,박성빈,분석,258728233.0,86.681,87.953,-0.63678 (99.36322),,2024/06/11 09:13:18,
18,-642,2140550031,새론정보통신,이용주,분석,258727664.0,86.681,87.952,-0.63701 (99.36299),,2024/06/04 16:32:26,
19,-643,1078104441,진화전기(주),문충모,분석,258721211.0,86.679,87.95,-0.63951 (99.36049),,2024/06/10 20:59:00,
20,-644,1068669669,(주)일광통신,이병일,분석,258715770.0,86.677,87.948,-0.64161 (99.35839),,2024/06/07 06:07:22,
21,-645,1088196885,주식회사글로벌정보통신,양진이,분석,258715530.0,86.677,87.948,-0.64171 (99.35829),,2024/06/10 08:27:47,
22,-646,2208100563,경창계전 주식회사,이성욱,분석,258708043.0,86.674,87.946,-0.64461 (99.35539),,2024/06/04 17:50:40,
23,-647,2148860959,(주)가온글로벌,최병억,분석,258694884.0,86.669,87.941,-0.64970 (99.3503),,2024/06/07 09:40:02,
24,-648,6428601243,주식회사 메타솔넷,임진성,분석,258689693.0,86.667,87.939,-0.65172 (99.34828),,2024/06/05 11:11:46,
25,-649,1078756640,주식회사 링크씨앤아이,김대훈,분석,258677332.0,86.663,87.935,-0.65650 (99.3435),,2024/06/10 10:12:25,
26,-650,1188108054,대한신호(주),안지수,분석,258676557.0,86.663,87.935,-0.65681 (99.34319),,2024/06/07 15:29:13,
27,-651,2208895263,주식회사 필립이엔씨,임혜란,분석,258636807.0,86.648,87.921,-0.67221 (99.32779),,2024/06/07 15:13:59,
28,-652,2148625486,(주)유엔네트웍스,최정민,분석,258595832.0,86.634,87.908,-0.68808 (99.31192),,2024/06/11 08:50:04,
29,-653,1138141456,(주)나우아이앤씨,안남훈,분석,258571504.0,86.625,87.899,-0.69750 (99.3025),,2024/06/07 10:10:27,
30,-654,1178188899,주식회사 시큐렉스,최영희,분석,258565826.0,86.623,87.897,-0.69970 (99.3003),,2024/06/11 09:19:10,
31,-655,2148752525,(주)엘티네트워크,조완식,분석,258547828.0,86.616,87.891,-0.70668 (99.29332),,2024/06/09 23:17:22,
32,-656,1358131171,(주)금성전기통신공사,김윤환,분석,258488030.0,86.595,87.871,-0.72984 (99.27016),,2024/06/07 10:57:44,
33,-657,1208742187,주식회사 미소아이티,김재욱,분석,258475485.0,86.59,87.867,-0.73470 (99.2653),,2024/06/10 09:38:03,
34,-658,1088180573,다올정보기술주식회사,한숙기,분석,258428508.0,86.573,87.851,-0.75290 (99.2471),,2024/06/07 12:29:30,
35,-659,1148661445,주식회사 아이티콘,이준형,분석,258424300.0,86.572,87.849,-0.75454 (99.24546),,2024/06/07 10:53:20,
36,-660,1318174028,주식회사 에이치케이 (HK Co. Ltd.),장해각,분석,258408692.0,86.566,87.844,-0.76058 (99.23942),,2024/06/05 09:31:15,
37,-661,1068612230,(주)사강통신,정일영,분석,258385660.0,86.558,87.836,-0.76951 (99.23049),,2024/06/10 09:55:06,
38,-662,1108140593,(주)대건이엔씨,이황희,분석,258379890.0,86.556,87.834,-0.77174 (99.22826),,2024/06/10 17:50:59,
39,-663,1048159651,(주)성우음향정보통신,송민자,분석,258379208.0,86.555,87.834,-0.77200 (99.228),,2024/06/11 08:17:51,
40,-664,2030130565,이수정보통신,이한수,분석,258361913.0,86.549,87.828,-0.77871 (99.22129),,2024/06/05 15:18:20,
41,-665,7298600518,주식회사 킴스앤,김동선,분석,258307709.0,86.53,87.81,-0.79971 (99.20029),,2024/06/09 13:16:38,
42,-666,2068679088,(주)한맥아이티,최예니,분석,258277900.0,86.519,87.799,-0.81125 (99.18875),,2024/06/10 13:17:47,
43,-667,1078711298,청우기전주식회사,오병호,분석,258272864.0,86.517,87.798,-0.81320 (99.1868),,2024/06/07 15:38:21,
44,-668,1128141680,주식회사엠케이씨티,장재철,분석,258264350.0,86.514,87.795,-0.81650 (99.1835),,2024/06/10 15:48:35,
45,-669,6988700230,주식회사 스마트이엔씨,전유선,분석,258264300.0,86.514,87.795,-0.81652 (99.18348),,2024/06/07 19:35:25,
46,-670,2118603519,에쓰이씨 주식회사,이명규,분석,258257583.0,86.512,87.793,-0.81912 (99.18088),,2024/06/10 17:26:46,
47,-671,1018178116,(주)오경컴텍,김종근,분석,258255570.0,86.511,87.792,-0.81990 (99.1801),,2024/06/10 15:38:11,
48,-672,2628802128,주식회사 성우일렉콤,최종국,분석,258249080.0,86.509,87.79,-0.82242 (99.17758),,2024/06/04 08:58:34,
49,-673,2068611905,(주)한포넷,이현우,분석,258211452.0,86.495,87.777,-0.83700 (99.163),,2024/06/10 09:37:00,
0,-674,2148805112,주식회사 지큐이앤씨,구자옥,분석,258166260.0,86.479,87.761,-0.85451 (99.14549),,2024/06/10 12:55:05,
1,-675,1058740405,(주)화성이엔지,김택환,분석,258144064.0,86.471,87.754,-0.86310 (99.1369),,2024/06/07 17:51:41,
2,-676,1208166080,(주)기산텔레콤,박병기,분석,258112840.0,86.459,87.743,-0.87520 (99.1248),,2024/06/10 15:55:38,
3,-677,5878600398,주식회사 엑사엔시스,나정환,분석,258112057.0,86.459,87.743,-0.87550 (99.1245),,2024/06/10 07:50:58,
4,-678,1018197466,주식회사콤위즈,정윤권,분석,258111180.0,86.459,87.743,-0.87584 (99.12416),,2024/06/10 16:47:12,
5,-679,1198606485,주식회사 에이치엠솔루션,이상진,분석,258027700.0,86.429,87.714,-0.90819 (99.09181),,2024/06/07 10:52:30,
6,-680,2298125412,스크린정보통신(주),조승제,분석,258025300.0,86.428,87.714,-0.90912 (99.09088),,2024/06/05 18:02:59,
7,-681,1778800569,주식회사 유원이씨에스,유명종,분석,258023782.0,86.427,87.713,-0.90970 (99.0903),,2024/06/11 08:40:45,
8,-682,1170233690,화진정보통신,김병철,분석,257920535.0,86.39,87.678,-0.94970 (99.0503),,2024/06/10 16:21:28,
9,-683,3628700817,씨큐리티 주식회사,공승길,분석,257894465.0,86.381,87.669,-0.95980 (99.0402),,2024/06/11 08:35:18,
10,-684,2048170015,(주)하남통신,김종화,분석,257890774.0,86.379,87.668,-0.96123 (99.03877),,2024/06/10 21:50:42,
11,-685,1098143173,에이스건설 주식회사,원경환,분석,257881600.0,86.376,87.665,-0.96479 (99.03521),,2024/06/11 09:13:30,
12,-686,1338113707,(주)대보통신,염영숙,분석,257881300.0,86.376,87.665,-0.96491 (99.03509),,2024/06/10 13:46:39,
13,-687,1078764946,아토리서치 주식회사,정재웅,분석,257868396.0,86.371,87.66,-0.96990 (99.0301),,2024/06/10 10:14:04,
14,-688,6058632937,주식회사 타키온정보기술,이건조,분석,257763340.0,86.333,87.625,-1.01061 (98.98939),,2024/06/07 11:26:35,
15,-689,1028135124,현대에이치디에스(주),이철규,분석,257669100.0,86.299,87.592,-1.04712 (98.95288),,2024/06/05 13:58:32,
16,-690,7188100420,주식회사 오투정보통신,양성윤,분석,257583400.0,86.268,87.563,-1.08032 (98.91968),,2024/06/05 18:33:43,
17,-691,2068124123,(주)세양텔레콤,김한섭,분석,257474769.0,86.229,87.526,-1.12240 (98.8776),,2024/06/10 09:11:39,
18,-692,1068654453,주식회사 티엔에스솔루션,박종수,분석,257464180.0,86.225,87.523,-1.12651 (98.87349),,2024/06/10 09:21:56,
19,-693,1018642326,한우이앤에스(주),변준석,분석,257357326.0,86.187,87.486,-1.16790 (98.8321),,2024/06/10 15:29:27,
20,-694,1108175767,(주)에스에이치전기,김성태,분석,257268280.0,86.155,87.456,-1.20240 (98.7976),,2024/06/10 17:54:55,
21,-695,1048800071,주식회사 대광사업단,박선희,분석,257219749.0,86.137,87.44,-1.22120 (98.7788),,2024/06/10 18:02:17,
22,-696,1198618088,주식회사 하이넷 네트웍스,김동순,분석,257077200.0,86.086,87.391,-1.27643 (98.72357),,2024/06/11 09:10:45,
23,-697,1058663420,(주)엠비에스엔지니어링,강형주,분석,257022291.0,86.066,87.373,-1.29770 (98.7023),,2024/06/10 20:09:37,
24,-698,8348600218,주식회사 코리아통신,박정현,분석,256334738.0,85.818,87.139,-1.56408 (98.43592),,2024/06/10 13:37:03,
25,-699,2178125840,(주)에이디엠,정채옥,분석,241370520.0,80.421,82.052,-7.36155 (92.63845),,2024/06/10 10:09:36,
26,-700,2028136990,(주)무궁화전자,이효형,분석,239221800.0,79.646,81.321,-8.19401 (91.80599),,2024/06/07 10:26:36,
27,-701,1138637772,(주)헤로스테크,박우현,분석,238240940.0,79.292,80.988,-8.57402 (91.42598),,2024/06/07 15:17:48,
28,-702,1078674016,주식회사가나이엔지,강재선,분석,188467872.0,61.339,64.068,-27.85721 (72.14279),,2024/06/10 16:51:53,
29,-703,1108124633,(주)디앤에스테크놀로지,이원우,분석,21355553.0,1.064,7.259,-92.60024 (7.39976),,2024/06/11 14:45:54,
30,-704,2048641403,주식회사 에스디에스테크놀로지,임대성,분석,,,,,,0000/00/00 00:00:00,
