공고번호,기초금액,A값,투찰률(%),참여업체수,예가범위,공고구분표시,공고제목,발주처(수요기관),지역제한,정답사정률(%),010_001,010_002,010_003,010_004,010_005,010_006,010_007,010_008,010_009,010_010,020_001,020_002,020_003,020_004,020_005,020_006,020_007,020_008,020_009,020_010,020_011,020_012,020_013,020_014,020_015,020_016,020_017,020_018,020_019,020_020,050_001,050_002,050_003,050_004,050_005,050_006,050_007,050_008,050_009,050_010,050_011,050_012,050_013,050_014,050_015,050_016,050_017,050_018,050_019,050_020,050_021,050_022,050_023,050_024,050_025,050_026,050_027,050_028,050_029,050_030,050_031,050_032,050_033,050_034,050_035,050_036,050_037,050_038,050_039,050_040,050_041,050_042,050_043,050_044,050_045,050_046,050_047,050_048,050_049,050_050,100_001,100_002,100_003,100_004,100_005,100_006,100_007,100_008,100_009,100_010,100_011,100_012,100_013,100_014,100_015,100_016,100_017,100_018,100_019,100_020,100_021,100_022,100_023,100_024,100_025,100_026,100_027,100_028,100_029,100_030,100_031,100_032,100_033,100_034,100_035,100_036,100_037,100_038,100_039,100_040,100_041,100_042,100_043,100_044,100_045,100_046,100_047,100_048,100_049,100_050,100_051,100_052,100_053,100_054,100_055,100_056,100_057,100_058,100_059,100_060,100_061,100_062,100_063,100_064,100_065,100_066,100_067,100_068,100_069,100_070,100_071,100_072,100_073,100_074,100_075,100_076,100_077,100_078,100_079,100_080,100_081,100_082,100_083,100_084,100_085,100_086,100_087,100_088,100_089,100_090,100_091,100_092,100_093,100_094,100_095,100_096,100_097,100_098,100_099,100_100
20241210833-00,61710000,9082379,87.745,1074,+2% ~ -2%,기/A값/순,서라벌고등학교 고교학점제 공간 조성 사업 조성 통신 공사 (긴급공고),서울특별시교육청,서울,-0.26945,1,15,19,69,382,140,63,15,7,1,0,1,7,8,2,17,24,45,209,173,102,38,35,28,7,8,6,1,0,1,0,0,1,0,0,1,2,5,3,4,1,0,2,4,12,8,11,11,10,29,87,78,81,77,59,53,38,20,11,18,16,14,11,13,9,2,1,7,5,0,4,2,0,1,0,0,0,0,1,0,0,0,0,0,0,1,0,0,0,0,0,1,1,1,4,1,2,1,1,3,1,0,0,0,1,1,1,3,4,8,4,4,7,4,5,6,4,6,13,16,38,49,32,46,44,37,39,38,30,29,30,23,20,18,11,9,7,4,6,12,8,8,6,8,5,6,5,8,4,5,2,0,0,1,4,3,1,4,0,0,2,2,0,2,0,0,0,1,0,0,0,0,0,0,0,0,0,1,0,0
20241209755-00,71830000,0,87.745,3787,+2% ~ -2%,기/수의,고속철도 스마트SOC 시스템 감시화면 통신망 구축 공사,한국철도공사,서울/부산/대구/경기/충북/충남/경북,-0.72596,1,2,6,37,65,361,187,32,5,0,1,0,0,2,3,3,14,23,30,35,164,197,156,31,20,12,5,0,0,0,0,0,1,0,0,0,0,0,1,1,2,0,1,0,3,6,4,8,10,9,9,13,14,16,13,23,88,90,89,71,57,69,39,10,12,8,10,5,6,3,2,2,1,0,0,0,0,0,0,0,0,0,0,0,1,0,0,0,0,0,0,0,0,0,0,0,1,0,1,0,1,1,0,0,1,0,0,0,1,2,2,4,4,0,4,4,5,5,6,3,5,4,6,7,8,6,10,6,9,4,4,19,43,45,53,37,46,43,35,36,35,22,33,36,30,9,5,5,6,6,6,2,4,6,2,3,2,4,1,2,2,0,2,0,1,0,0,0,0,0,0,0,0,0,0,0,0,0,0,0
2024-25877,304019000,19559512,87.745,913,+2% ~ -2%,기/A값/순,[일반-24-235-4] 00진지 생활관 신축 통신공사,수도방위사령부,서울,-0.25017,1,15,19,69,268,93,63,15,7,1,0,1,7,8,2,17,24,45,209,59,55,38,35,28,7,8,6,1,0,1,0,0,1,0,0,1,2,5,3,4,1,0,2,4,12,8,11,11,10,29,87,78,60,22,21,20,24,20,11,18,16,14,11,13,9,2,1,7,5,0,4,2,0,1,0,0,0,0,1,0,0,0,0,0,0,1,0,0,0,0,0,1,1,1,4,1,2,1,1,3,1,0,0,0,1,1,1,3,4,8,4,4,7,4,5,6,4,6,13,16,38,49,32,46,44,16,10,12,13,8,13,7,8,16,11,9,7,4,6,12,8,8,6,8,5,6,5,8,4,5,2,0,0,1,4,3,1,4,0,0,2,2,0,2,0,0,0,1,0,0,0,0,0,0,0,0,0,1,0,0
20241135055-00,4101907000,265650527,86.745,1041,+2% ~ -2%,기/A값/순/의무,L2 연구동 건설공사(통신) (긴급공고),서울지방조달청/한국과학기술연구원,전국/서울,0.03875,1,15,19,69,382,107,63,15,7,1,0,1,7,8,2,17,24,45,209,173,69,38,35,28,7,8,6,1,0,1,0,0,1,0,0,1,2,5,3,4,1,0,2,4,12,8,11,11,10,29,87,78,81,77,59,34,24,20,11,18,16,14,11,13,9,2,1,7,5,0,4,2,0,1,0,0,0,0,1,0,0,0,0,0,0,1,0,0,0,0,0,1,1,1,4,1,2,1,1,3,1,0,0,0,1,1,1,3,4,8,4,4,7,4,5,6,4,6,13,16,38,49,32,46,44,37,39,38,30,29,27,7,8,16,11,9,7,4,6,12,8,8,6,8,5,6,5,8,4,5,2,0,0,1,4,3,1,4,0,0,2,2,0,2,0,0,0,1,0,0,0,0,0,0,0,0,0,1,0,0
20241142908-00,83490000,5039708,87.745,1106,+2% ~ -2%,기/A값/순,서울대학교 첨단융합학부(관악 18동) 공간조성 4단계 통신공사 (긴급공고),서울대학교,서울,0.08507,1,15,19,69,382,172,63,15,7,1,0,1,7,8,2,17,24,45,209,173,132,40,35,28,7,8,6,1,0,1,0,0,1,0,0,1,2,5,3,4,1,0,2,4,12,8,11,11,10,29,87,78,81,77,59,53,55,35,11,18,16,14,11,13,9,2,1,7,5,0,4,2,0,1,0,0,0,0,1,0,0,0,0,0,0,1,0,0,0,0,0,1,1,1,4,1,2,1,1,3,1,0,0,0,1,1,1,3,4,8,4,4,7,4,5,6,4,6,13,16,38,49,32,46,44,37,39,38,30,29,30,23,20,35,24,11,7,4,6,12,8,8,6,8,5,6,5,8,4,5,2,0,0,1,4,3,1,4,0,0,2,2,0,2,0,0,0,1,0,0,0,0,0,0,0,0,0,1,0,0
20241135561-00,3205851000,203750095,86.745,1168,+2% ~ -2%,기/A값/순/의무,한국전력 관악동작지사 위탁개발 통신공사,한국자산관리공사,전국/서울,-0.02,1,15,19,69,382,234,63,15,7,1,0,1,7,8,2,17,24,45,209,173,132,102,35,28,7,8,6,1,0,1,0,0,1,0,0,1,2,5,3,4,1,0,2,4,12,8,11,11,10,29,87,78,81,77,59,53,55,52,53,21,16,14,11,13,9,2,1,7,5,0,4,2,0,1,0,0,0,0,1,0,0,0,0,0,0,1,0,0,0,0,0,1,1,1,4,1,2,1,1,3,1,0,0,0,1,1,1,3,4,8,4,4,7,4,5,6,4,6,13,16,38,49,32,46,44,37,39,38,30,29,30,23,20,35,24,28,26,27,9,12,8,8,6,8,5,6,5,8,4,5,2,0,0,1,4,3,1,4,0,0,2,2,0,2,0,0,0,1,0,0,0,0,0,0,0,0,0,1,0,0
20241140336-00,83559300,0,87.745,2662,+2% ~ -2%,기,분당선 한티역 등 20개역 승강장안전문 UPS부품 개량공사,한국철도공사,서울/경기,-0.7717,1,2,6,37,65,116,89,32,5,0,1,0,0,2,3,3,14,23,30,35,64,52,58,31,20,12,5,0,0,0,0,0,1,0,0,0,0,0,1,1,2,0,1,0,3,6,4,8,10,9,9,13,14,16,13,22,28,21,19,26,14,34,19,10,12,8,10,5,6,3,2,2,1,0,0,0,0,0,0,0,0,0,0,0,1,0,0,0,0,0,0,0,0,0,0,0,1,0,1,0,1,1,0,0,1,0,0,0,1,2,2,4,4,0,4,4,5,5,6,3,5,4,6,7,8,6,10,6,9,4,4,18,13,15,14,7,14,5,11,15,8,6,16,18,10,9,5,5,6,6,6,2,4,6,2,3,2,4,1,2,2,0,2,0,1,0,0,0,0,0,0,0,0,0,0,0,0,0,0,0
E012410414,58139400,0,87.745,791,+2% ~ -2%,기/수의,신림로 지중화 관련 광케이블 이설공사(ICT운영부),한국전력공사,서울,-0.47327,1,2,6,37,65,116,89,32,5,0,1,0,0,2,3,3,14,23,30,35,64,52,58,31,20,12,5,0,0,0,0,0,1,0,0,0,0,0,1,1,2,0,1,0,3,6,4,8,10,9,9,13,14,16,13,22,28,21,19,26,14,34,19,10,12,8,10,5,6,3,2,2,1,0,0,0,0,0,0,0,0,0,0,0,1,0,0,0,0,0,0,0,0,0,0,0,1,0,1,0,1,1,0,0,1,0,0,0,1,2,2,4,4,0,4,4,5,5,6,3,5,4,6,7,8,6,10,6,9,4,4,18,13,15,14,7,14,5,11,15,8,6,16,18,10,9,5,5,6,6,6,2,4,6,2,3,2,4,1,2,2,0,2,0,1,0,0,0,0,0,0,0,0,0,0,0,0,0,0,0
2024-24251,13837340,0,87.745,519,+2% ~ -2%,기/수의,(24-집-2) 00부대 안보교육관 대체시설 공사(통신),육군,서울,0.3924,1,2,6,37,65,116,89,32,5,0,1,0,0,2,3,3,14,23,30,35,64,52,58,31,20,12,5,0,0,0,0,0,1,0,0,0,0,0,1,1,2,0,1,0,3,6,4,8,10,9,9,13,14,16,13,22,28,21,19,26,14,34,19,10,12,8,10,5,6,3,2,2,1,0,0,0,0,0,0,0,0,0,0,0,1,0,0,0,0,0,0,0,0,0,0,0,1,0,1,0,1,1,0,0,1,0,0,0,1,2,2,4,4,0,4,4,5,5,6,3,5,4,6,7,8,6,10,6,9,4,4,18,13,15,14,7,14,5,11,15,8,6,16,18,10,9,5,5,6,6,6,2,4,6,2,3,2,4,1,2,2,0,2,0,1,0,0,0,0,0,0,0,0,0,0,0,0,0,0,0
20241106920-00,2105148000,139828377,86.745,1254,+2% ~ -2%,기/A값/순/의무,혜화경찰서 청사 신축관련 통신 공사,서울지방조달청/경찰청,전국/서울,-0.09225,1,15,19,69,382,273,110,15,7,1,0,1,7,8,2,17,24,45,209,173,132,141,82,28,7,8,6,1,0,1,0,0,1,0,0,1,2,5,3,4,1,0,2,4,12,8,11,11,10,29,87,78,81,77,59,53,55,52,53,60,47,30,11,13,9,2,1,7,5,0,4,2,0,1,0,0,0,0,1,0,0,0,0,0,0,1,0,0,0,0,0,1,1,1,4,1,2,1,1,3,1,0,0,0,1,1,1,3,4,8,4,4,7,4,5,6,4,6,13,16,38,49,32,46,44,37,39,38,30,29,30,23,20,35,24,28,26,27,29,31,25,22,21,9,5,6,5,8,4,5,2,0,0,1,4,3,1,4,0,0,2,2,0,2,0,0,0,1,0,0,0,0,0,0,0,0,0,1,0,0
E012410147,117940900,7047344,87.745,1381,+2% ~ -2%,기/A값/순/협정,논현-선릉 등 2개 전력구 운영시스템 설치공사(강남전력지사),한국전력공사,서울/경기,-0.05922,1,15,19,69,382,273,191,61,7,1,0,1,7,8,2,17,24,45,209,173,132,141,118,73,30,31,6,1,0,1,0,0,1,0,0,1,2,5,3,4,1,0,2,4,12,8,11,11,10,29,87,78,81,77,59,53,55,52,53,60,47,53,38,32,21,10,8,19,19,5,4,2,0,1,0,0,0,0,1,0,0,0,0,0,0,1,0,0,0,0,0,1,1,1,4,1,2,1,1,3,1,0,0,0,1,1,1,3,4,8,4,4,7,4,5,6,4,6,13,16,38,49,32,46,44,37,39,38,30,29,30,23,20,35,24,28,26,27,29,31,25,22,21,32,18,20,15,17,12,9,5,5,0,8,12,7,11,8,5,0,2,2,0,2,0,0,0,1,0,0,0,0,0,0,0,0,0,1,0,0
20241101469-00,872850000,44281860,87.745,1301,+2% ~ -2%,기/A값/순/협정,"2024년 서울청 국도ITS 시관리 구간 구축공사(서울시,인천시)",인천지방조달청/국토교통부,서울/인천,0.50875,1,15,19,69,382,273,157,15,7,1,0,1,7,8,2,17,24,45,209,173,132,141,118,39,7,8,6,1,0,1,0,0,1,0,0,1,2,5,3,4,1,0,2,4,12,8,11,11,10,29,87,78,81,77,59,53,55,52,53,60,47,53,35,13,9,2,1,7,5,0,4,2,0,1,0,0,0,0,1,0,0,0,0,0,0,1,0,0,0,0,0,1,1,1,4,1,2,1,1,3,1,0,0,0,1,1,1,3,4,8,4,4,7,4,5,6,4,6,13,16,38,49,32,46,44,37,39,38,30,29,30,23,20,35,24,28,26,27,29,31,25,22,21,32,18,17,5,8,4,5,2,0,0,1,4,3,1,4,0,0,2,2,0,2,0,0,0,1,0,0,0,0,0,0,0,0,0,1,0,0
20241110684-00,74556000,0,87.745,1113,+2% ~ -2%,기/수의,여청수사계 통합청사 조성 리모델링 통신공사,경찰청,서울,-0.12448,1,2,6,37,65,116,89,32,5,0,1,0,0,2,3,3,14,23,30,35,64,52,58,31,20,12,5,0,0,0,0,0,1,0,0,0,0,0,1,1,2,0,1,0,3,6,4,8,10,9,9,13,14,16,13,22,28,21,19,26,14,34,19,10,12,8,10,5,6,3,2,2,1,0,0,0,0,0,0,0,0,0,0,0,1,0,0,0,0,0,0,0,0,0,0,0,1,0,1,0,1,1,0,0,1,0,0,0,1,2,2,4,4,0,4,4,5,5,6,3,5,4,6,7,8,6,10,6,9,4,4,18,13,15,14,7,14,5,11,15,8,6,16,18,10,9,5,5,6,6,6,2,4,6,2,3,2,4,1,2,2,0,2,0,1,0,0,0,0,0,0,0,0,0,0,0,0,0,0,0
20241106979-00,77440000,0,87.745,1146,+2% ~ -2%,기/수의,국립전통예술고등학교 기숙사 환경개선 통신공사,문화체육관광부,서울,0.75406,1,2,6,37,65,116,89,32,5,0,1,0,0,2,3,3,14,23,30,35,64,52,58,31,20,12,5,0,0,0,0,0,1,0,0,0,0,0,1,1,2,0,1,0,3,6,4,8,10,9,9,13,14,16,13,22,28,21,19,26,14,34,19,10,12,8,10,5,6,3,2,2,1,0,0,0,0,0,0,0,0,0,0,0,1,0,0,0,0,0,0,0,0,0,0,0,1,0,1,0,1,1,0,0,1,0,0,0,1,2,2,4,4,0,4,4,5,5,6,3,5,4,6,7,8,6,10,6,9,4,4,18,13,15,14,7,14,5,11,15,8,6,16,18,10,9,5,5,6,6,6,2,4,6,2,3,2,4,1,2,2,0,2,0,1,0,0,0,0,0,0,0,0,0,0,0,0,0,0,0
20241103116-00,53530000,0,87.745,2703,+2% ~ -2%,기/수의,수서평택고속선 오산SS 등 11개소 영상감시설비 이설 공사,한국철도공사,서울/경기,0.40738,1,2,6,37,65,116,89,32,5,0,1,0,0,2,3,3,14,23,30,35,64,52,58,31,20,12,5,0,0,0,0,0,1,0,0,0,0,0,1,1,2,0,1,0,3,6,4,8,10,9,9,13,14,16,13,22,28,21,19,26,14,34,19,10,12,8,10,5,6,3,2,2,1,0,0,0,0,0,0,0,0,0,0,0,1,0,0,0,0,0,0,0,0,0,0,0,1,0,1,0,1,1,0,0,1,0,0,0,1,2,2,4,4,0,4,4,5,5,6,3,5,4,6,7,8,6,10,6,9,4,4,18,13,15,14,7,14,5,11,15,8,6,16,18,10,9,5,5,6,6,6,2,4,6,2,3,2,4,1,2,2,0,2,0,1,0,0,0,0,0,0,0,0,0,0,0,0,0,0,0
20241101079-00,57080500,0,87.745,1109,+2% ~ -2%,기/수의,피싱범죄수사계 청사 리모델링 통신공사,경찰청,서울,-0.95545,1,2,6,37,65,116,89,32,5,0,1,0,0,2,3,3,14,23,30,35,64,52,58,31,20,12,5,0,0,0,0,0,1,0,0,0,0,0,1,1,2,0,1,0,3,6,4,8,10,9,9,13,14,16,13,22,28,21,19,26,14,34,19,10,12,8,10,5,6,3,2,2,1,0,0,0,0,0,0,0,0,0,0,0,1,0,0,0,0,0,0,0,0,0,0,0,1,0,1,0,1,1,0,0,1,0,0,0,1,2,2,4,4,0,4,4,5,5,6,3,5,4,6,7,8,6,10,6,9,4,4,18,13,15,14,7,14,5,11,15,8,6,16,18,10,9,5,5,6,6,6,2,4,6,2,3,2,4,1,2,2,0,2,0,1,0,0,0,0,0,0,0,0,0,0,0,0,0,0,0
2024-22599,8027450,0,87.745,270,+2% ~ -2%,기/수의,태성대아파트 리모델링 공사(통신),공군항공안전단,서울,-0.31144,0,1,4,22,44,71,86,32,5,0,0,0,0,1,2,2,9,13,22,22,39,32,55,31,20,12,5,0,0,0,0,0,0,0,0,0,0,0,1,0,2,0,0,0,2,3,2,7,5,5,6,11,9,8,10,11,19,12,12,17,11,34,19,10,12,8,10,5,6,3,2,2,1,0,0,0,0,0,0,0,0,0,0,0,0,0,0,0,0,0,0,0,0,0,0,0,1,0,0,0,1,1,0,0,0,0,0,0,1,1,1,2,2,0,4,3,1,4,3,2,3,3,6,5,5,4,6,2,6,4,1,10,9,10,9,3,9,3,7,10,5,6,16,18,10,9,5,5,6,6,6,2,4,6,2,3,2,4,1,2,2,0,2,0,1,0,0,0,0,0,0,0,0,0,0,0,0,0,0,0
20241027545-00,439605000,30809073,87.745,2979,+2% ~ -2%,기/A값/순,경부선 서울역 등 107역 시각장애인용 음성유도기 개량공사,한국철도공사,서울/인천/경기,0.26776,18,80,150,403,591,703,437,145,55,16,3,15,30,50,60,90,152,251,301,290,340,363,261,176,79,66,36,19,6,10,1,1,6,5,5,6,8,24,19,23,18,23,31,37,41,50,71,67,89,126,121,115,118,115,122,121,143,160,145,134,109,114,84,76,54,31,31,29,30,24,16,13,10,13,3,3,2,3,6,2,0,1,0,1,1,5,4,1,3,2,1,5,6,2,16,8,12,7,9,14,8,10,11,12,19,12,12,25,18,23,23,27,37,34,31,36,43,46,57,69,59,62,48,67,65,53,57,58,45,77,64,57,66,77,76,84,78,67,67,67,57,52,50,64,38,46,41,35,25,29,18,13,10,21,17,12,18,12,15,9,11,5,5,8,7,3,8,5,1,2,1,2,1,1,1,2,3,3,1,1
20241020518-00,249018000,13940289,87.745,582,+2% ~ -2%,기/A값/순,도급 사무실 환경개선 네트워크 공사 업체 선정,(주)코스콤,서울,-0.05548,1,15,19,69,110,10,0,0,0,0,0,1,7,8,2,17,24,45,59,51,10,0,0,0,0,0,0,0,0,0,0,0,1,0,0,1,2,5,3,4,1,0,2,4,12,8,11,11,10,29,25,21,21,22,21,10,0,0,0,0,0,0,0,0,0,0,0,0,0,0,0,0,0,0,0,0,0,0,0,0,0,0,0,0,0,1,0,0,0,0,0,1,1,1,4,1,2,1,1,3,1,0,0,0,1,1,1,3,4,8,4,4,7,4,5,6,4,6,13,16,13,12,10,11,13,8,10,12,13,8,10,0,0,0,0,0,0,0,0,0,0,0,0,0,0,0,0,0,0,0,0,0,0,0,0,0,0,0,0,0,0,0,0,0,0,0,0,0,0,0,0,0,0,0,0,0,0,0,0,0
20241014494-00,378061000,26220707,87.745,1035,+2% ~ -2%,기/A값/순/협정,국립재활원 음압격리병실 구축 사업 통신공사,서울지방조달청/보건복지부,서울,0.01776,1,15,19,69,382,101,63,15,7,1,0,1,7,8,2,17,24,45,209,173,63,38,35,28,7,8,6,1,0,1,0,0,1,0,0,1,2,5,3,4,1,0,2,4,12,8,11,11,10,29,87,78,81,77,59,28,24,20,11,18,16,14,11,13,9,2,1,7,5,0,4,2,0,1,0,0,0,0,1,0,0,0,0,0,0,1,0,0,0,0,0,1,1,1,4,1,2,1,1,3,1,0,0,0,1,1,1,3,4,8,4,4,7,4,5,6,4,6,13,16,38,49,32,46,44,37,39,38,30,29,21,7,8,16,11,9,7,4,6,12,8,8,6,8,5,6,5,8,4,5,2,0,0,1,4,3,1,4,0,0,2,2,0,2,0,0,0,1,0,0,0,0,0,0,0,0,0,1,0,0
E012408828,65826200,1585192,87.745,825,+2% ~ -2%,기/A값/순,’24년도 노량진변전소 무인보안시스템 교체공사(전자제어부),한국전력공사,서울,-0.12885,1,15,19,69,180,93,63,15,7,1,0,1,7,8,2,17,24,45,129,51,55,38,35,28,7,8,6,1,0,1,0,0,1,0,0,1,2,5,3,4,1,0,2,4,12,8,11,11,10,29,87,29,21,22,21,20,24,20,11,18,16,14,11,13,9,2,1,7,5,0,4,2,0,1,0,0,0,0,1,0,0,0,0,0,0,1,0,0,0,0,0,1,1,1,4,1,2,1,1,3,1,0,0,0,1,1,1,3,4,8,4,4,7,4,5,6,4,6,13,16,38,49,18,11,13,8,10,12,13,8,13,7,8,16,11,9,7,4,6,12,8,8,6,8,5,6,5,8,4,5,2,0,0,1,4,3,1,4,0,0,2,2,0,2,0,0,0,1,0,0,0,0,0,0,0,0,0,1,0,0
20241020924-00,91500000,0,85.0,150,+2% ~ -2%,기,본·신관 비상방송설비 교체공사,한국방송공사,서울,-0.86771,0,0,0,0,0,58,65,22,4,0,0,0,0,0,0,0,0,0,0,0,26,32,40,25,12,10,4,0,0,0,0,0,0,0,0,0,0,0,0,0,0,0,0,0,0,0,0,0,0,0,0,0,0,0,0,0,17,12,12,17,9,23,13,9,11,3,8,3,5,3,2,1,1,0,0,0,0,0,0,0,0,0,0,0,0,0,0,0,0,0,0,0,0,0,0,0,0,0,0,0,0,0,0,0,0,0,0,0,0,0,0,0,0,0,0,0,0,0,0,0,0,0,0,0,0,0,0,0,0,0,0,0,7,10,9,3,9,3,7,10,4,5,13,10,8,5,5,4,6,5,3,0,4,4,1,2,2,3,1,2,2,0,1,0,1,0,0,0,0,0,0,0,0,0,0,0,0,0,0,0
20241025706-00,212960000,14125857,87.745,1093,+2% ~ -2%,기/A값/순,수도권서부 종합금융센터 사무환경 조성공사(통신) 업체 선정 (긴급공고),한국주택금융공사,서울,-0.34374,1,15,19,69,382,159,63,15,7,1,0,1,7,8,2,17,24,45,209,173,121,38,35,28,7,8,6,1,0,1,0,0,1,0,0,1,2,5,3,4,1,0,2,4,12,8,11,11,10,29,87,78,81,77,59,53,55,22,11,18,16,14,11,13,9,2,1,7,5,0,4,2,0,1,0,0,0,0,1,0,0,0,0,0,0,1,0,0,0,0,0,1,1,1,4,1,2,1,1,3,1,0,0,0,1,1,1,3,4,8,4,4,7,4,5,6,4,6,13,16,38,49,32,46,44,37,39,38,30,29,30,23,20,35,13,9,7,4,6,12,8,8,6,8,5,6,5,8,4,5,2,0,0,1,4,3,1,4,0,0,2,2,0,2,0,0,0,1,0,0,0,0,0,0,0,0,0,1,0,0
20241024377-00,141533000,0,87.745,3052,+2% ~ -2%,기/수의,중앙선 청량리역 등 8역 역무자동화설비 이설 기타공사,한국철도공사,서울/경기,-0.3442,1,2,6,37,65,116,89,32,5,0,1,0,0,2,3,3,14,23,30,35,64,52,58,31,20,12,5,0,0,0,0,0,1,0,0,0,0,0,1,1,2,0,1,0,3,6,4,8,10,9,9,13,14,16,13,22,28,21,19,26,14,34,19,10,12,8,10,5,6,3,2,2,1,0,0,0,0,0,0,0,0,0,0,0,1,0,0,0,0,0,0,0,0,0,0,0,1,0,1,0,1,1,0,0,1,0,0,0,1,2,2,4,4,0,4,4,5,5,6,3,5,4,6,7,8,6,10,6,9,4,4,18,13,15,14,7,14,5,11,15,8,6,16,18,10,9,5,5,6,6,6,2,4,6,2,3,2,4,1,2,2,0,2,0,1,0,0,0,0,0,0,0,0,0,0,0,0,0,0,0
20241009986-00,2241737000,136733800,86.745,1242,+2% ~ -2%,기/A값/순/의무,경부선 구로역 신축에 따른 통신설비 신설공사(총체 및 1차),한국철도공사,전국/서울,-1.075,1,15,19,69,382,273,98,15,7,1,0,1,7,8,2,17,24,45,209,173,132,141,70,28,7,8,6,1,0,1,0,0,1,0,0,1,2,5,3,4,1,0,2,4,12,8,11,11,10,29,87,78,81,77,59,53,55,52,53,60,47,18,11,13,9,2,1,7,5,0,4,2,0,1,0,0,0,0,1,0,0,0,0,0,0,1,0,0,0,0,0,1,1,1,4,1,2,1,1,3,1,0,0,0,1,1,1,3,4,8,4,4,7,4,5,6,4,6,13,16,38,49,32,46,44,37,39,38,30,29,30,23,20,35,24,28,26,27,29,31,25,22,10,8,5,6,5,8,4,5,2,0,0,1,4,3,1,4,0,0,2,2,0,2,0,0,0,1,0,0,0,0,0,0,0,0,0,1,0,0
E012408654,75750400,1859619,87.745,2324,+2% ~ -2%,기/A값/순,전력구 PS-LTE 비상통신망 시설공사(동서울전력지사),한국전력공사,서울/경기,0.49419,10,57,84,399,555,404,280,107,47,9,2,8,24,33,37,47,148,251,301,254,185,219,173,107,51,56,29,18,5,4,1,1,3,3,2,6,6,17,14,14,10,13,20,22,19,46,71,67,89,126,121,115,118,115,86,69,79,83,85,88,70,78,49,51,32,18,17,26,25,21,14,10,8,12,3,3,1,2,3,0,0,1,0,1,0,3,2,1,1,1,1,5,5,1,12,5,11,3,6,8,4,6,5,8,14,6,6,16,7,12,19,27,37,34,31,36,43,46,57,69,59,62,48,67,65,53,57,58,43,43,39,30,33,46,37,46,43,42,41,47,38,32,31,47,25,24,29,22,17,15,9,9,4,13,16,10,15,10,13,8,9,5,3,7,5,3,7,5,1,2,1,2,1,0,1,1,1,2,0,0
20241014719-00,68308045,3809998,87.745,617,+2% ~ -2%,기/A값/순/협정,스팸대응시스템 안정적 운영을 위한 IDC 케이블 재설치 공사 용역,한국인터넷진흥원,서울,-0.70317,1,15,19,69,110,45,0,0,0,0,0,1,7,8,2,17,24,45,59,51,45,0,0,0,0,0,0,0,0,0,0,0,1,0,0,1,2,5,3,4,1,0,2,4,12,8,11,11,10,29,25,21,21,22,21,20,24,1,0,0,0,0,0,0,0,0,0,0,0,0,0,0,0,0,0,0,0,0,0,0,0,0,0,0,0,1,0,0,0,0,0,1,1,1,4,1,2,1,1,3,1,0,0,0,1,1,1,3,4,8,4,4,7,4,5,6,4,6,13,16,13,12,10,11,13,8,10,12,13,8,13,7,8,16,1,0,0,0,0,0,0,0,0,0,0,0,0,0,0,0,0,0,0,0,0,0,0,0,0,0,0,0,0,0,0,0,0,0,0,0,0,0,0,0,0,0,0,0,0,0
20241014716-00,575592000,35918391,87.745,3052,+2% ~ -2%,기/A값/순,중앙선 왕십리역 등 16개소 여객자동안내장치 개량공사,한국철도공사,서울/경기/강원,0.07925,18,80,150,403,664,703,437,145,55,16,3,15,30,50,60,90,152,251,301,363,340,363,261,176,79,66,36,19,6,10,1,1,6,5,5,6,8,24,19,23,18,23,31,37,41,50,71,67,89,126,121,115,118,150,160,121,143,160,145,134,109,114,84,76,54,31,31,29,30,24,16,13,10,13,3,3,2,3,6,2,0,1,0,1,1,5,4,1,3,2,1,5,6,2,16,8,12,7,9,14,8,10,11,12,19,12,12,25,18,23,23,27,37,34,31,36,43,46,57,69,59,62,48,67,65,53,60,90,83,77,64,57,66,77,76,84,78,67,67,67,57,52,50,64,38,46,41,35,25,29,18,13,10,21,17,12,18,12,15,9,11,5,5,8,7,3,8,5,1,2,1,2,1,1,1,2,3,3,1,1
E012408573,52260604,495442,87.745,810,+2% ~ -2%,기/A값/순,노량진-사당 구간 광케이블 선통 공사(전자제어부),한국전력공사,서울,0.32294,1,15,19,69,165,93,63,15,7,1,0,1,7,8,2,17,24,45,114,51,55,38,35,28,7,8,6,1,0,1,0,0,1,0,0,1,2,5,3,4,1,0,2,4,12,8,11,11,10,29,80,21,21,22,21,20,24,20,11,18,16,14,11,13,9,2,1,7,5,0,4,2,0,1,0,0,0,0,1,0,0,0,0,0,0,1,0,0,0,0,0,1,1,1,4,1,2,1,1,3,1,0,0,0,1,1,1,3,4,8,4,4,7,4,5,6,4,6,13,16,38,42,10,11,13,8,10,12,13,8,13,7,8,16,11,9,7,4,6,12,8,8,6,8,5,6,5,8,4,5,2,0,0,1,4,3,1,4,0,0,2,2,0,2,0,0,0,1,0,0,0,0,0,0,0,0,0,1,0,0
E012408482,87167300,5563374,87.745,816,+2% ~ -2%,기/A값/순,345kV 신양재S/S CCTV 교체공사(강남전력지사),한국전력공사,서울,0.02229,1,15,19,69,171,93,63,15,7,1,0,1,7,8,2,17,24,45,120,51,55,38,35,28,7,8,6,1,0,1,0,0,1,0,0,1,2,5,3,4,1,0,2,4,12,8,11,11,10,29,86,21,21,22,21,20,24,20,11,18,16,14,11,13,9,2,1,7,5,0,4,2,0,1,0,0,0,0,1,0,0,0,0,0,0,1,0,0,0,0,0,1,1,1,4,1,2,1,1,3,1,0,0,0,1,1,1,3,4,8,4,4,7,4,5,6,4,6,13,16,38,48,10,11,13,8,10,12,13,8,13,7,8,16,11,9,7,4,6,12,8,8,6,8,5,6,5,8,4,5,2,0,0,1,4,3,1,4,0,0,2,2,0,2,0,0,0,1,0,0,0,0,0,0,0,0,0,1,0,0
20241004497-00,664104000,37365488,87.745,1047,+2% ~ -2%,기/A값/순/협정,나라키움 관악 복합관사 개발사업 통신공사,한국자산관리공사,서울,0.53,1,15,19,69,382,113,63,15,7,1,0,1,7,8,2,17,24,45,209,173,75,38,35,28,7,8,6,1,0,1,0,0,1,0,0,1,2,5,3,4,1,0,2,4,12,8,11,11,10,29,87,78,81,77,59,40,24,20,11,18,16,14,11,13,9,2,1,7,5,0,4,2,0,1,0,0,0,0,1,0,0,0,0,0,0,1,0,0,0,0,0,1,1,1,4,1,2,1,1,3,1,0,0,0,1,1,1,3,4,8,4,4,7,4,5,6,4,6,13,16,38,49,32,46,44,37,39,38,30,29,30,10,8,16,11,9,7,4,6,12,8,8,6,8,5,6,5,8,4,5,2,0,0,1,4,3,1,4,0,0,2,2,0,2,0,0,0,1,0,0,0,0,0,0,0,0,0,1,0,0
20241010475-00,156312000,0,87.745,1129,+2% ~ -2%,기,경부선 영등포~신도림 간 LTE-R 광케이블 철거설치 타공사,한국철도공사,서울,0.08479,1,2,6,37,65,116,89,32,5,0,1,0,0,2,3,3,14,23,30,35,64,52,58,31,20,12,5,0,0,0,0,0,1,0,0,0,0,0,1,1,2,0,1,0,3,6,4,8,10,9,9,13,14,16,13,22,28,21,19,26,14,34,19,10,12,8,10,5,6,3,2,2,1,0,0,0,0,0,0,0,0,0,0,0,1,0,0,0,0,0,0,0,0,0,0,0,1,0,1,0,1,1,0,0,1,0,0,0,1,2,2,4,4,0,4,4,5,5,6,3,5,4,6,7,8,6,10,6,9,4,4,18,13,15,14,7,14,5,11,15,8,6,16,18,10,9,5,5,6,6,6,2,4,6,2,3,2,4,1,2,2,0,2,0,1,0,0,0,0,0,0,0,0,0,0,0,0,0,0,0
20241003694-04,160993000,9287858,87.745,1054,+2% ~ -2%,기/정/A값/순,동축산물검역검사 생물안전연구시설(BL3) 설치 통신공사 (정정공고),농림축산식품부,서울,1.20753,1,15,19,69,382,120,63,15,7,1,0,1,7,8,2,17,24,45,209,173,82,38,35,28,7,8,6,1,0,1,0,0,1,0,0,1,2,5,3,4,1,0,2,4,12,8,11,11,10,29,87,78,81,77,59,47,24,20,11,18,16,14,11,13,9,2,1,7,5,0,4,2,0,1,0,0,0,0,1,0,0,0,0,0,0,1,0,0,0,0,0,1,1,1,4,1,2,1,1,3,1,0,0,0,1,1,1,3,4,8,4,4,7,4,5,6,4,6,13,16,38,49,32,46,44,37,39,38,30,29,30,17,8,16,11,9,7,4,6,12,8,8,6,8,5,6,5,8,4,5,2,0,0,1,4,3,1,4,0,0,2,2,0,2,0,0,0,1,0,0,0,0,0,0,0,0,0,1,0,0
2024-21047,26354060,0,87.745,726,+2% ~ -2%,기/수의,주대-3 00관 보수공사(통신),육군사관학교,서울,0.44286,1,2,6,37,65,116,89,32,5,0,1,0,0,2,3,3,14,23,30,35,64,52,58,31,20,12,5,0,0,0,0,0,1,0,0,0,0,0,1,1,2,0,1,0,3,6,4,8,10,9,9,13,14,16,13,22,28,21,19,26,14,34,19,10,12,8,10,5,6,3,2,2,1,0,0,0,0,0,0,0,0,0,0,0,1,0,0,0,0,0,0,0,0,0,0,0,1,0,1,0,1,1,0,0,1,0,0,0,1,2,2,4,4,0,4,4,5,5,6,3,5,4,6,7,8,6,10,6,9,4,4,18,13,15,14,7,14,5,11,15,8,6,16,18,10,9,5,5,6,6,6,2,4,6,2,3,2,4,1,2,2,0,2,0,1,0,0,0,0,0,0,0,0,0,0,0,0,0,0,0
20240926462-00,99675000,0,87.745,1180,+2% ~ -2%,기/수의,저탄소분야 학과(친환경산업디자인과) 신설 인테리어 리모델링 공사(통신),한국폴리텍1대학,서울,-0.20818,1,2,6,37,65,116,89,32,5,0,1,0,0,2,3,3,14,23,30,35,64,52,58,31,20,12,5,0,0,0,0,0,1,0,0,0,0,0,1,1,2,0,1,0,3,6,4,8,10,9,9,13,14,16,13,22,28,21,19,26,14,34,19,10,12,8,10,5,6,3,2,2,1,0,0,0,0,0,0,0,0,0,0,0,1,0,0,0,0,0,0,0,0,0,0,0,1,0,1,0,1,1,0,0,1,0,0,0,1,2,2,4,4,0,4,4,5,5,6,3,5,4,6,7,8,6,10,6,9,4,4,18,13,15,14,7,14,5,11,15,8,6,16,18,10,9,5,5,6,6,6,2,4,6,2,3,2,4,1,2,2,0,2,0,1,0,0,0,0,0,0,0,0,0,0,0,0,0,0,0
20240925984-00,164841000,0,87.745,1226,+2% ~ -2%,기/수의,AI+x분야 학과(클라우드컴퓨팅과) 신설 인테리어 리모델링 공사(통신),한국폴리텍1대학,서울,0.01877,1,2,6,37,65,116,89,32,5,0,1,0,0,2,3,3,14,23,30,35,64,52,58,31,20,12,5,0,0,0,0,0,1,0,0,0,0,0,1,1,2,0,1,0,3,6,4,8,10,9,9,13,14,16,13,22,28,21,19,26,14,34,19,10,12,8,10,5,6,3,2,2,1,0,0,0,0,0,0,0,0,0,0,0,1,0,0,0,0,0,0,0,0,0,0,0,1,0,1,0,1,1,0,0,1,0,0,0,1,2,2,4,4,0,4,4,5,5,6,3,5,4,6,7,8,6,10,6,9,4,4,18,13,15,14,7,14,5,11,15,8,6,16,18,10,9,5,5,6,6,6,2,4,6,2,3,2,4,1,2,2,0,2,0,1,0,0,0,0,0,0,0,0,0,0,0,0,0,0,0
20240926203-00,53678716,0,87.745,1074,+2% ~ -2%,기,성북경찰서 정릉파출소 청사 시설개선 통신 공사,경찰청,서울,-0.52087,1,2,6,37,65,116,89,32,5,0,1,0,0,2,3,3,14,23,30,35,64,52,58,31,20,12,5,0,0,0,0,0,1,0,0,0,0,0,1,1,2,0,1,0,3,6,4,8,10,9,9,13,14,16,13,22,28,21,19,26,14,34,19,10,12,8,10,5,6,3,2,2,1,0,0,0,0,0,0,0,0,0,0,0,1,0,0,0,0,0,0,0,0,0,0,0,1,0,1,0,1,1,0,0,1,0,0,0,1,2,2,4,4,0,4,4,5,5,6,3,5,4,6,7,8,6,10,6,9,4,4,18,13,15,14,7,14,5,11,15,8,6,16,18,10,9,5,5,6,6,6,2,4,6,2,3,2,4,1,2,2,0,2,0,1,0,0,0,0,0,0,0,0,0,0,0,0,0,0,0
2024-20363,19934490,0,87.745,651,+2% ~ -2%,기/수의,푸른숲아파트 노후세대 리모델링 통신공사,국방부근무지원단,서울,-0.39657,1,2,6,37,65,116,89,32,5,0,1,0,0,2,3,3,14,23,30,35,64,52,58,31,20,12,5,0,0,0,0,0,1,0,0,0,0,0,1,1,2,0,1,0,3,6,4,8,10,9,9,13,14,16,13,22,28,21,19,26,14,34,19,10,12,8,10,5,6,3,2,2,1,0,0,0,0,0,0,0,0,0,0,0,1,0,0,0,0,0,0,0,0,0,0,0,1,0,1,0,1,1,0,0,1,0,0,0,1,2,2,4,4,0,4,4,5,5,6,3,5,4,6,7,8,6,10,6,9,4,4,18,13,15,14,7,14,5,11,15,8,6,16,18,10,9,5,5,6,6,6,2,4,6,2,3,2,4,1,2,2,0,2,0,1,0,0,0,0,0,0,0,0,0,0,0,0,0,0,0
E012407912,61792500,3288346,87.745,817,+2% ~ -2%,기/A값/순,관악동작지사 임차사옥 자가 광케이블 이설(ICT운영부),한국전력공사,서울,0.11885,1,15,19,69,172,93,63,15,7,1,0,1,7,8,2,17,24,45,121,51,55,38,35,28,7,8,6,1,0,1,0,0,1,0,0,1,2,5,3,4,1,0,2,4,12,8,11,11,10,29,87,21,21,22,21,20,24,20,11,18,16,14,11,13,9,2,1,7,5,0,4,2,0,1,0,0,0,0,1,0,0,0,0,0,0,1,0,0,0,0,0,1,1,1,4,1,2,1,1,3,1,0,0,0,1,1,1,3,4,8,4,4,7,4,5,6,4,6,13,16,38,49,10,11,13,8,10,12,13,8,13,7,8,16,11,9,7,4,6,12,8,8,6,8,5,6,5,8,4,5,2,0,0,1,4,3,1,4,0,0,2,2,0,2,0,0,0,1,0,0,0,0,0,0,0,0,0,1,0,0
20240902166-00,423750000,30101020,87.745,1044,+2% ~ -2%,기/A값/순/협정,국립한글박물관 교육공간 조성 및 증축공사(통신),서울지방조달청/문화체육관광부,서울,0.018,1,15,19,69,382,110,63,15,7,1,0,1,7,8,2,17,24,45,209,173,72,38,35,28,7,8,6,1,0,1,0,0,1,0,0,1,2,5,3,4,1,0,2,4,12,8,11,11,10,29,87,78,81,77,59,37,24,20,11,18,16,14,11,13,9,2,1,7,5,0,4,2,0,1,0,0,0,0,1,0,0,0,0,0,0,1,0,0,0,0,0,1,1,1,4,1,2,1,1,3,1,0,0,0,1,1,1,3,4,8,4,4,7,4,5,6,4,6,13,16,38,49,32,46,44,37,39,38,30,29,30,7,8,16,11,9,7,4,6,12,8,8,6,8,5,6,5,8,4,5,2,0,0,1,4,3,1,4,0,0,2,2,0,2,0,0,0,1,0,0,0,0,0,0,0,0,0,1,0,0
20240915061-00,265846000,23143027,87.745,3136,+2% ~ -2%,기/A값/순,경인선 개봉역 등 22역 자동개집표기 개량 기타공사,한국철도공사,서울/인천/경기,0.65276,18,80,150,403,748,703,437,145,55,16,3,15,30,50,60,90,152,251,321,427,340,363,261,176,79,66,36,19,6,10,1,1,6,5,5,6,8,24,19,23,18,23,31,37,41,50,71,67,89,126,121,115,174,178,160,121,143,160,145,134,109,114,84,76,54,31,31,29,30,24,16,13,10,13,3,3,2,3,6,2,0,1,0,1,1,5,4,1,3,2,1,5,6,2,16,8,12,7,9,14,8,10,11,12,19,12,12,25,18,23,23,27,37,34,31,36,43,46,57,69,59,62,48,67,85,89,88,90,83,77,64,57,66,77,76,84,78,67,67,67,57,52,50,64,38,46,41,35,25,29,18,13,10,21,17,12,18,12,15,9,11,5,5,8,7,3,8,5,1,2,1,2,1,1,1,2,3,3,1,1
20240914951-00,1093980000,69313034,86.745,2972,+2% ~ -2%,기/A값/순/의무,분당선 모란 등 9역 영상감시설비 개량공사,한국철도공사,전국/서울/경기,-0.7655,18,80,150,403,584,703,437,145,55,16,3,15,30,50,60,90,152,251,301,283,340,363,261,176,79,66,36,19,6,10,1,1,6,5,5,6,8,24,19,23,18,23,31,37,41,50,71,67,89,126,121,115,118,115,115,121,143,160,145,134,109,114,84,76,54,31,31,29,30,24,16,13,10,13,3,3,2,3,6,2,0,1,0,1,1,5,4,1,3,2,1,5,6,2,16,8,12,7,9,14,8,10,11,12,19,12,12,25,18,23,23,27,37,34,31,36,43,46,57,69,59,62,48,67,65,53,57,58,43,72,64,57,66,77,76,84,78,67,67,67,57,52,50,64,38,46,41,35,25,29,18,13,10,21,17,12,18,12,15,9,11,5,5,8,7,3,8,5,1,2,1,2,1,1,1,2,3,3,1,1
20240912350-00,298100000,18691426,87.745,1090,+2% ~ -2%,기/A값/순,SNU Commons(62동) 공간조성 통신공사 (긴급공고),서울대학교,서울,-0.93924,1,15,19,69,382,156,63,15,7,1,0,1,7,8,2,17,24,45,209,173,118,38,35,28,7,8,6,1,0,1,0,0,1,0,0,1,2,5,3,4,1,0,2,4,12,8,11,11,10,29,87,78,81,77,59,53,54,20,11,18,16,14,11,13,9,2,1,7,5,0,4,2,0,1,0,0,0,0,1,0,0,0,0,0,0,1,0,0,0,0,0,1,1,1,4,1,2,1,1,3,1,0,0,0,1,1,1,3,4,8,4,4,7,4,5,6,4,6,13,16,38,49,32,46,44,37,39,38,30,29,30,23,20,34,11,9,7,4,6,12,8,8,6,8,5,6,5,8,4,5,2,0,0,1,4,3,1,4,0,0,2,2,0,2,0,0,0,1,0,0,0,0,0,0,0,0,0,1,0,0
20240912245-00,86005000,3603819,87.745,1059,+2% ~ -2%,기/A값/순,김포공항 국제선 비즈니스라운지 조성 정보통신공사,한국공항공사,서울,0.32681,1,15,19,69,382,125,63,15,7,1,0,1,7,8,2,17,24,45,209,173,87,38,35,28,7,8,6,1,0,1,0,0,1,0,0,1,2,5,3,4,1,0,2,4,12,8,11,11,10,29,87,78,81,77,59,52,24,20,11,18,16,14,11,13,9,2,1,7,5,0,4,2,0,1,0,0,0,0,1,0,0,0,0,0,0,1,0,0,0,0,0,1,1,1,4,1,2,1,1,3,1,0,0,0,1,1,1,3,4,8,4,4,7,4,5,6,4,6,13,16,38,49,32,46,44,37,39,38,30,29,30,22,8,16,11,9,7,4,6,12,8,8,6,8,5,6,5,8,4,5,2,0,0,1,4,3,1,4,0,0,2,2,0,2,0,0,0,1,0,0,0,0,0,0,0,0,0,1,0,0
20240900448-00,30020000,0,87.745,859,+2% ~ -2%,기/수의,2024년 노후 전자법정 개선 공사(대법원 청사),대법원,서울,-1.11085,1,2,6,37,65,116,89,32,5,0,1,0,0,2,3,3,14,23,30,35,64,52,58,31,20,12,5,0,0,0,0,0,1,0,0,0,0,0,1,1,2,0,1,0,3,6,4,8,10,9,9,13,14,16,13,22,28,21,19,26,14,34,19,10,12,8,10,5,6,3,2,2,1,0,0,0,0,0,0,0,0,0,0,0,1,0,0,0,0,0,0,0,0,0,0,0,1,0,1,0,1,1,0,0,1,0,0,0,1,2,2,4,4,0,4,4,5,5,6,3,5,4,6,7,8,6,10,6,9,4,4,18,13,15,14,7,14,5,11,15,8,6,16,18,10,9,5,5,6,6,6,2,4,6,2,3,2,4,1,2,2,0,2,0,1,0,0,0,0,0,0,0,0,0,0,0,0,0,0,0
41999,21263000,0,88.0,123,+2% ~ -2%,물품/기/수의,24년 전관방송용 앰프 구매,육군사관학교,서울/경기,-0.76319,0,0,0,0,0,31,65,22,4,0,0,0,0,0,0,0,0,0,0,0,0,31,40,25,12,10,4,0,0,0,0,0,0,0,0,0,0,0,0,0,0,0,0,0,0,0,0,0,0,0,0,0,0,0,0,0,0,2,12,17,9,23,13,9,11,3,8,3,5,3,2,1,1,0,0,0,0,0,0,0,0,0,0,0,0,0,0,0,0,0,0,0,0,0,0,0,0,0,0,0,0,0,0,0,0,0,0,0,0,0,0,0,0,0,0,0,0,0,0,0,0,0,0,0,0,0,0,0,0,0,0,0,0,0,0,2,9,3,7,10,4,5,13,10,8,5,5,4,6,5,3,0,4,4,1,2,2,3,1,2,2,0,1,0,1,0,0,0,0,0,0,0,0,0,0,0,0,0,0,0
20240906022-00,99074515,0,87.745,1103,+2% ~ -2%,기/수의,북한산국립공원 탐방안내소 신축공사(통신),국립공원공단,서울,-0.13293,1,2,6,37,65,116,89,32,5,0,1,0,0,2,3,3,14,23,30,35,64,52,58,31,20,12,5,0,0,0,0,0,1,0,0,0,0,0,1,1,2,0,1,0,3,6,4,8,10,9,9,13,14,16,13,22,28,21,19,26,14,34,19,10,12,8,10,5,6,3,2,2,1,0,0,0,0,0,0,0,0,0,0,0,1,0,0,0,0,0,0,0,0,0,0,0,1,0,1,0,1,1,0,0,1,0,0,0,1,2,2,4,4,0,4,4,5,5,6,3,5,4,6,7,8,6,10,6,9,4,4,18,13,15,14,7,14,5,11,15,8,6,16,18,10,9,5,5,6,6,6,2,4,6,2,3,2,4,1,2,2,0,2,0,1,0,0,0,0,0,0,0,0,0,0,0,0,0,0,0
20240902994-00,56745000,0,87.745,2980,+2% ~ -2%,기/수의,철도보수장비 LTE-R 휴대무전기 거치대 설치공사,한국철도공사,서울/인천/경기,0.80905,1,2,6,37,65,116,89,32,5,0,1,0,0,2,3,3,14,23,30,35,64,52,58,31,20,12,5,0,0,0,0,0,1,0,0,0,0,0,1,1,2,0,1,0,3,6,4,8,10,9,9,13,14,16,13,22,28,21,19,26,14,34,19,10,12,8,10,5,6,3,2,2,1,0,0,0,0,0,0,0,0,0,0,0,1,0,0,0,0,0,0,0,0,0,0,0,1,0,1,0,1,1,0,0,1,0,0,0,1,2,2,4,4,0,4,4,5,5,6,3,5,4,6,7,8,6,10,6,9,4,4,18,13,15,14,7,14,5,11,15,8,6,16,18,10,9,5,5,6,6,6,2,4,6,2,3,2,4,1,2,2,0,2,0,1,0,0,0,0,0,0,0,0,0,0,0,0,0,0,0
E012407564,158177250,10539451,87.745,839,+2% ~ -2%,기/A값/순,24년 변전소 무인보안시스템 성능개선 공사,한국전력공사,서울,-0.02441,1,15,19,69,194,93,63,15,7,1,0,1,7,8,2,17,24,45,143,51,55,38,35,28,7,8,6,1,0,1,0,0,1,0,0,1,2,5,3,4,1,0,2,4,12,8,11,11,10,29,87,43,21,22,21,20,24,20,11,18,16,14,11,13,9,2,1,7,5,0,4,2,0,1,0,0,0,0,1,0,0,0,0,0,0,1,0,0,0,0,0,1,1,1,4,1,2,1,1,3,1,0,0,0,1,1,1,3,4,8,4,4,7,4,5,6,4,6,13,16,38,49,32,11,13,8,10,12,13,8,13,7,8,16,11,9,7,4,6,12,8,8,6,8,5,6,5,8,4,5,2,0,0,1,4,3,1,4,0,0,2,2,0,2,0,0,0,1,0,0,0,0,0,0,0,0,0,1,0,0
20240830895-00,40600000,0,87.745,1052,+2% ~ -2%,기/수의,동대문서 장안2파출소 리모델링 통신,경찰청,서울,0.75535,1,2,6,37,65,116,89,32,5,0,1,0,0,2,3,3,14,23,30,35,64,52,58,31,20,12,5,0,0,0,0,0,1,0,0,0,0,0,1,1,2,0,1,0,3,6,4,8,10,9,9,13,14,16,13,22,28,21,19,26,14,34,19,10,12,8,10,5,6,3,2,2,1,0,0,0,0,0,0,0,0,0,0,0,1,0,0,0,0,0,0,0,0,0,0,0,1,0,1,0,1,1,0,0,1,0,0,0,1,2,2,4,4,0,4,4,5,5,6,3,5,4,6,7,8,6,10,6,9,4,4,18,13,15,14,7,14,5,11,15,8,6,16,18,10,9,5,5,6,6,6,2,4,6,2,3,2,4,1,2,2,0,2,0,1,0,0,0,0,0,0,0,0,0,0,0,0,0,0,0
20240827254-00,997953000,36623699,87.745,2618,+2% ~ -2%,기/A값/순,경원선 가능 등 16역 승강장 비상통화장치 개량공사,한국철도공사,서울/경기,0.3105,18,80,150,403,555,404,422,143,47,16,3,15,30,50,60,90,152,251,301,254,185,219,246,176,79,64,29,18,6,10,1,1,6,5,5,6,8,24,19,23,18,23,31,37,41,50,71,67,89,126,121,115,118,115,86,69,79,83,85,88,94,114,84,76,54,31,31,29,30,22,14,10,8,12,3,3,2,3,6,2,0,1,0,1,1,5,4,1,3,2,1,5,6,2,16,8,12,7,9,14,8,10,11,12,19,12,12,25,18,23,23,27,37,34,31,36,43,46,57,69,59,62,48,67,65,53,57,58,43,43,39,30,33,46,37,46,43,42,41,47,42,52,50,64,38,46,41,35,25,29,18,13,10,21,17,12,18,12,14,8,9,5,3,7,5,3,7,5,1,2,1,2,1,1,1,2,3,3,1,1
2024-19131,87672540,0,87.745,1014,+2% ~ -2%,기/수의,24-A-00부대 통신공사(1200),국군재정관리단,서울,-0.6966,1,2,6,37,65,116,89,32,5,0,1,0,0,2,3,3,14,23,30,35,64,52,58,31,20,12,5,0,0,0,0,0,1,0,0,0,0,0,1,1,2,0,1,0,3,6,4,8,10,9,9,13,14,16,13,22,28,21,19,26,14,34,19,10,12,8,10,5,6,3,2,2,1,0,0,0,0,0,0,0,0,0,0,0,1,0,0,0,0,0,0,0,0,0,0,0,1,0,1,0,1,1,0,0,1,0,0,0,1,2,2,4,4,0,4,4,5,5,6,3,5,4,6,7,8,6,10,6,9,4,4,18,13,15,14,7,14,5,11,15,8,6,16,18,10,9,5,5,6,6,6,2,4,6,2,3,2,4,1,2,2,0,2,0,1,0,0,0,0,0,0,0,0,0,0,0,0,0,0,0
20240826609-00,279950000,19846974,87.745,1085,+2% ~ -2%,기/A값/순,우리금융아트홀 및 올림픽테니스경기장 시설개선 공사(통신) (긴급공고),서울올림픽기념국민체육진흥공단,서울,0.59426,1,15,19,69,382,151,63,15,7,1,0,1,7,8,2,17,24,45,209,173,113,38,35,28,7,8,6,1,0,1,0,0,1,0,0,1,2,5,3,4,1,0,2,4,12,8,11,11,10,29,87,78,81,77,59,53,49,20,11,18,16,14,11,13,9,2,1,7,5,0,4,2,0,1,0,0,0,0,1,0,0,0,0,0,0,1,0,0,0,0,0,1,1,1,4,1,2,1,1,3,1,0,0,0,1,1,1,3,4,8,4,4,7,4,5,6,4,6,13,16,38,49,32,46,44,37,39,38,30,29,30,23,20,29,11,9,7,4,6,12,8,8,6,8,5,6,5,8,4,5,2,0,0,1,4,3,1,4,0,0,2,2,0,2,0,0,0,1,0,0,0,0,0,0,0,0,0,1,0,0
E012407415,67615900,1633643,87.745,776,+2% ~ -2%,기/A값/순,전력구 PS-LTE 비상통신망 시설공사(강남전력지사),한국전력공사,서울,-0.62569,1,15,19,69,131,93,63,15,7,1,0,1,7,8,2,17,24,45,80,51,55,38,35,28,7,8,6,1,0,1,0,0,1,0,0,1,2,5,3,4,1,0,2,4,12,8,11,11,10,29,46,21,21,22,21,20,24,20,11,18,16,14,11,13,9,2,1,7,5,0,4,2,0,1,0,0,0,0,1,0,0,0,0,0,0,1,0,0,0,0,0,1,1,1,4,1,2,1,1,3,1,0,0,0,1,1,1,3,4,8,4,4,7,4,5,6,4,6,13,16,34,12,10,11,13,8,10,12,13,8,13,7,8,16,11,9,7,4,6,12,8,8,6,8,5,6,5,8,4,5,2,0,0,1,4,3,1,4,0,0,2,2,0,2,0,0,0,1,0,0,0,0,0,0,0,0,0,1,0,0
20240822293-00,42754260,2278333,87.745,978,+2% ~ -2%,기/A값/순,국회 경내 보안장비(CCTV) 교체 공사,국회,서울,1.20213,1,15,19,69,333,93,63,15,7,1,0,1,7,8,2,17,24,45,209,124,55,38,35,28,7,8,6,1,0,1,0,0,1,0,0,1,2,5,3,4,1,0,2,4,12,8,11,11,10,29,87,78,81,66,21,20,24,20,11,18,16,14,11,13,9,2,1,7,5,0,4,2,0,1,0,0,0,0,1,0,0,0,0,0,0,1,0,0,0,0,0,1,1,1,4,1,2,1,1,3,1,0,0,0,1,1,1,3,4,8,4,4,7,4,5,6,4,6,13,16,38,49,32,46,44,37,39,27,13,8,13,7,8,16,11,9,7,4,6,12,8,8,6,8,5,6,5,8,4,5,2,0,0,1,4,3,1,4,0,0,2,2,0,2,0,0,0,1,0,0,0,0,0,0,0,0,0,1,0,0
20240822245-00,97277000,0,87.745,1137,+2% ~ -2%,기/수의,한국체육대학교 필승관 대강당 무대음향 설비교체 통신공사,한국체육대학교,서울,0.37305,1,2,6,37,65,116,89,32,5,0,1,0,0,2,3,3,14,23,30,35,64,52,58,31,20,12,5,0,0,0,0,0,1,0,0,0,0,0,1,1,2,0,1,0,3,6,4,8,10,9,9,13,14,16,13,22,28,21,19,26,14,34,19,10,12,8,10,5,6,3,2,2,1,0,0,0,0,0,0,0,0,0,0,0,1,0,0,0,0,0,0,0,0,0,0,0,1,0,1,0,1,1,0,0,1,0,0,0,1,2,2,4,4,0,4,4,5,5,6,3,5,4,6,7,8,6,10,6,9,4,4,18,13,15,14,7,14,5,11,15,8,6,16,18,10,9,5,5,6,6,6,2,4,6,2,3,2,4,1,2,2,0,2,0,1,0,0,0,0,0,0,0,0,0,0,0,0,0,0,0
20240817325-00,603581000,21604569,87.745,690,+2% ~ -2%,기/A값/순,한국전기공사협회 서울남부회 사옥건립 정보통신공사,한국전기공사협회,서울,-0.05025,1,15,19,69,110,93,25,0,0,0,0,1,7,8,2,17,24,45,59,51,55,38,25,0,0,0,0,0,0,0,0,0,1,0,0,1,2,5,3,4,1,0,2,4,12,8,11,11,10,29,25,21,21,22,21,20,24,20,11,18,16,9,0,0,0,0,0,0,0,0,0,0,0,0,0,0,0,0,0,0,0,0,0,0,0,1,0,0,0,0,0,1,1,1,4,1,2,1,1,3,1,0,0,0,1,1,1,3,4,8,4,4,7,4,5,6,4,6,13,16,13,12,10,11,13,8,10,12,13,8,13,7,8,16,11,9,7,4,6,12,8,8,6,3,0,0,0,0,0,0,0,0,0,0,0,0,0,0,0,0,0,0,0,0,0,0,0,0,0,0,0,0,0,0,0,0,0,0,0,0
20240821407-00,87538000,0,87.745,1121,+2% ~ -2%,기/수의,재외동포인증센터 전산실 환경 구축 전기 정보통신 소액수의 견적 제출 공고,재외동포청,서울,-0.30896,1,2,6,37,65,116,89,32,5,0,1,0,0,2,3,3,14,23,30,35,64,52,58,31,20,12,5,0,0,0,0,0,1,0,0,0,0,0,1,1,2,0,1,0,3,6,4,8,10,9,9,13,14,16,13,22,28,21,19,26,14,34,19,10,12,8,10,5,6,3,2,2,1,0,0,0,0,0,0,0,0,0,0,0,1,0,0,0,0,0,0,0,0,0,0,0,1,0,1,0,1,1,0,0,1,0,0,0,1,2,2,4,4,0,4,4,5,5,6,3,5,4,6,7,8,6,10,6,9,4,4,18,13,15,14,7,14,5,11,15,8,6,16,18,10,9,5,5,6,6,6,2,4,6,2,3,2,4,1,2,2,0,2,0,1,0,0,0,0,0,0,0,0,0,0,0,0,0,0,0
E012407107,29381517,700837,87.745,587,+2% ~ -2%,기/A값/순,지하전력구 PS-LTE 비상통신망 시설공사(전자제어부),한국전력공사,서울,0.59444,1,15,19,69,110,15,0,0,0,0,0,1,7,8,2,17,24,45,59,51,15,0,0,0,0,0,0,0,0,0,0,0,1,0,0,1,2,5,3,4,1,0,2,4,12,8,11,11,10,29,25,21,21,22,21,15,0,0,0,0,0,0,0,0,0,0,0,0,0,0,0,0,0,0,0,0,0,0,0,0,0,0,0,0,0,1,0,0,0,0,0,1,1,1,4,1,2,1,1,3,1,0,0,0,1,1,1,3,4,8,4,4,7,4,5,6,4,6,13,16,13,12,10,11,13,8,10,12,13,8,13,2,0,0,0,0,0,0,0,0,0,0,0,0,0,0,0,0,0,0,0,0,0,0,0,0,0,0,0,0,0,0,0,0,0,0,0,0,0,0,0,0,0,0,0,0,0,0,0,0
2402707-00,270875000,19599420,87.745,975,+2% ~ -2%,기/A값/순,서울영등포 공공주택지구 임시이주시설 정보통신공사,한국토지주택공사,서울,-0.53863,1,15,19,69,330,93,63,15,7,1,0,1,7,8,2,17,24,45,209,121,55,38,35,28,7,8,6,1,0,1,0,0,1,0,0,1,2,5,3,4,1,0,2,4,12,8,11,11,10,29,87,78,81,63,21,20,24,20,11,18,16,14,11,13,9,2,1,7,5,0,4,2,0,1,0,0,0,0,1,0,0,0,0,0,0,1,0,0,0,0,0,1,1,1,4,1,2,1,1,3,1,0,0,0,1,1,1,3,4,8,4,4,7,4,5,6,4,6,13,16,38,49,32,46,44,37,39,24,13,8,13,7,8,16,11,9,7,4,6,12,8,8,6,8,5,6,5,8,4,5,2,0,0,1,4,3,1,4,0,0,2,2,0,2,0,0,0,1,0,0,0,0,0,0,0,0,0,1,0,0
2024-17759,47934460,0,87.745,925,+2% ~ -2%,기/수의,[방사청-24-8] 사무실 이전 통신공사,수도방위사령부,서울,0.44968,1,2,6,37,65,116,89,32,5,0,1,0,0,2,3,3,14,23,30,35,64,52,58,31,20,12,5,0,0,0,0,0,1,0,0,0,0,0,1,1,2,0,1,0,3,6,4,8,10,9,9,13,14,16,13,22,28,21,19,26,14,34,19,10,12,8,10,5,6,3,2,2,1,0,0,0,0,0,0,0,0,0,0,0,1,0,0,0,0,0,0,0,0,0,0,0,1,0,1,0,1,1,0,0,1,0,0,0,1,2,2,4,4,0,4,4,5,5,6,3,5,4,6,7,8,6,10,6,9,4,4,18,13,15,14,7,14,5,11,15,8,6,16,18,10,9,5,5,6,6,6,2,4,6,2,3,2,4,1,2,2,0,2,0,1,0,0,0,0,0,0,0,0,0,0,0,0,0,0,0
2024-17683,197762000,12372515,87.745,936,+2% ~ -2%,기/A값/순,[방사청-24-7-3] 시설사업 통신공사,수도방위사령부,서울,0.08322,1,15,19,69,291,93,63,15,7,1,0,1,7,8,2,17,24,45,209,82,55,38,35,28,7,8,6,1,0,1,0,0,1,0,0,1,2,5,3,4,1,0,2,4,12,8,11,11,10,29,87,78,81,24,21,20,24,20,11,18,16,14,11,13,9,2,1,7,5,0,4,2,0,1,0,0,0,0,1,0,0,0,0,0,0,1,0,0,0,0,0,1,1,1,4,1,2,1,1,3,1,0,0,0,1,1,1,3,4,8,4,4,7,4,5,6,4,6,13,16,38,49,32,46,44,37,12,12,13,8,13,7,8,16,11,9,7,4,6,12,8,8,6,8,5,6,5,8,4,5,2,0,0,1,4,3,1,4,0,0,2,2,0,2,0,0,0,1,0,0,0,0,0,0,0,0,0,1,0,0
20240815156-00,108867000,0,87.745,1175,+2% ~ -2%,기/수의,스포츠비즈홀 사무공간 리모델링 공사(통신),서울올림픽기념국민체육진흥공단,서울,0.01605,1,2,6,37,65,116,89,32,5,0,1,0,0,2,3,3,14,23,30,35,64,52,58,31,20,12,5,0,0,0,0,0,1,0,0,0,0,0,1,1,2,0,1,0,3,6,4,8,10,9,9,13,14,16,13,22,28,21,19,26,14,34,19,10,12,8,10,5,6,3,2,2,1,0,0,0,0,0,0,0,0,0,0,0,1,0,0,0,0,0,0,0,0,0,0,0,1,0,1,0,1,1,0,0,1,0,0,0,1,2,2,4,4,0,4,4,5,5,6,3,5,4,6,7,8,6,10,6,9,4,4,18,13,15,14,7,14,5,11,15,8,6,16,18,10,9,5,5,6,6,6,2,4,6,2,3,2,4,1,2,2,0,2,0,1,0,0,0,0,0,0,0,0,0,0,0,0,0,0,0
20240814447-00,55440000,0,87.745,1082,+2% ~ -2%,기/수의,안보수사과 청사 이전 통신공사,경찰청,서울,-0.54442,1,2,6,37,65,116,89,32,5,0,1,0,0,2,3,3,14,23,30,35,64,52,58,31,20,12,5,0,0,0,0,0,1,0,0,0,0,0,1,1,2,0,1,0,3,6,4,8,10,9,9,13,14,16,13,22,28,21,19,26,14,34,19,10,12,8,10,5,6,3,2,2,1,0,0,0,0,0,0,0,0,0,0,0,1,0,0,0,0,0,0,0,0,0,0,0,1,0,1,0,1,1,0,0,1,0,0,0,1,2,2,4,4,0,4,4,5,5,6,3,5,4,6,7,8,6,10,6,9,4,4,18,13,15,14,7,14,5,11,15,8,6,16,18,10,9,5,5,6,6,6,2,4,6,2,3,2,4,1,2,2,0,2,0,1,0,0,0,0,0,0,0,0,0,0,0,0,0,0,0
20240812520-00,72100000,0,87.745,1124,+2% ~ -2%,기/수의,서울명일동우체국 건립공사(통신),과학기술정보통신부,서울,0.76556,1,2,6,37,65,116,89,32,5,0,1,0,0,2,3,3,14,23,30,35,64,52,58,31,20,12,5,0,0,0,0,0,1,0,0,0,0,0,1,1,2,0,1,0,3,6,4,8,10,9,9,13,14,16,13,22,28,21,19,26,14,34,19,10,12,8,10,5,6,3,2,2,1,0,0,0,0,0,0,0,0,0,0,0,1,0,0,0,0,0,0,0,0,0,0,0,1,0,1,0,1,1,0,0,1,0,0,0,1,2,2,4,4,0,4,4,5,5,6,3,5,4,6,7,8,6,10,6,9,4,4,18,13,15,14,7,14,5,11,15,8,6,16,18,10,9,5,5,6,6,6,2,4,6,2,3,2,4,1,2,2,0,2,0,1,0,0,0,0,0,0,0,0,0,0,0,0,0,0,0
20240809207-00,208065000,13799468,87.745,1091,+2% ~ -2%,기/A값/순,한국체육대학교 골프연습장 개축 통신공사,한국체육대학교,서울,0.36652,1,15,19,69,382,157,63,15,7,1,0,1,7,8,2,17,24,45,209,173,119,38,35,28,7,8,6,1,0,1,0,0,1,0,0,1,2,5,3,4,1,0,2,4,12,8,11,11,10,29,87,78,81,77,59,53,55,20,11,18,16,14,11,13,9,2,1,7,5,0,4,2,0,1,0,0,0,0,1,0,0,0,0,0,0,1,0,0,0,0,0,1,1,1,4,1,2,1,1,3,1,0,0,0,1,1,1,3,4,8,4,4,7,4,5,6,4,6,13,16,38,49,32,46,44,37,39,38,30,29,30,23,20,35,11,9,7,4,6,12,8,8,6,8,5,6,5,8,4,5,2,0,0,1,4,3,1,4,0,0,2,2,0,2,0,0,0,1,0,0,0,0,0,0,0,0,0,1,0,0
20240809896-00,135200000,5151731,87.745,2949,+2% ~ -2%,기/A값/순,공동실습실 장비구축 공사,아이씨티폴리텍(ICTPolytech)대학,서울/인천/경기,0.49752,18,80,150,403,561,703,437,145,55,16,3,15,30,50,60,90,152,251,301,260,340,363,261,176,79,66,36,19,6,10,1,1,6,5,5,6,8,24,19,23,18,23,31,37,41,50,71,67,89,126,121,115,118,115,92,121,143,160,145,134,109,114,84,76,54,31,31,29,30,24,16,13,10,13,3,3,2,3,6,2,0,1,0,1,1,5,4,1,3,2,1,5,6,2,16,8,12,7,9,14,8,10,11,12,19,12,12,25,18,23,23,27,37,34,31,36,43,46,57,69,59,62,48,67,65,53,57,58,43,49,64,57,66,77,76,84,78,67,67,67,57,52,50,64,38,46,41,35,25,29,18,13,10,21,17,12,18,12,15,9,11,5,5,8,7,3,8,5,1,2,1,2,1,1,1,2,3,3,1,1
20240808338-00,52640000,0,87.745,1060,+2% ~ -2%,기/수의,강서서 공항지구대 시설개선 통신공사,경찰청,서울,-0.01292,1,2,6,37,65,116,89,32,5,0,1,0,0,2,3,3,14,23,30,35,64,52,58,31,20,12,5,0,0,0,0,0,1,0,0,0,0,0,1,1,2,0,1,0,3,6,4,8,10,9,9,13,14,16,13,22,28,21,19,26,14,34,19,10,12,8,10,5,6,3,2,2,1,0,0,0,0,0,0,0,0,0,0,0,1,0,0,0,0,0,0,0,0,0,0,0,1,0,1,0,1,1,0,0,1,0,0,0,1,2,2,4,4,0,4,4,5,5,6,3,5,4,6,7,8,6,10,6,9,4,4,18,13,15,14,7,14,5,11,15,8,6,16,18,10,9,5,5,6,6,6,2,4,6,2,3,2,4,1,2,2,0,2,0,1,0,0,0,0,0,0,0,0,0,0,0,0,0,0,0
2024-16530,73714700,0,87.745,981,+2% ~ -2%,기/수의,24-N-00대대 바다마을 리모델링 통신공사(3107),국군재정관리단,서울,0.26666,1,2,6,37,65,116,89,32,5,0,1,0,0,2,3,3,14,23,30,35,64,52,58,31,20,12,5,0,0,0,0,0,1,0,0,0,0,0,1,1,2,0,1,0,3,6,4,8,10,9,9,13,14,16,13,22,28,21,19,26,14,34,19,10,12,8,10,5,6,3,2,2,1,0,0,0,0,0,0,0,0,0,0,0,1,0,0,0,0,0,0,0,0,0,0,0,1,0,1,0,1,1,0,0,1,0,0,0,1,2,2,4,4,0,4,4,5,5,6,3,5,4,6,7,8,6,10,6,9,4,4,18,13,15,14,7,14,5,11,15,8,6,16,18,10,9,5,5,6,6,6,2,4,6,2,3,2,4,1,2,2,0,2,0,1,0,0,0,0,0,0,0,0,0,0,0,0,0,0,0
20240734515-00,232848000,5296134,87.745,2692,+2% ~ -2%,기/A값/순,경의선 한국항공대~강매 등 5개소 영상감시설비 개량공사,한국철도공사,서울/경기,-0.20548,18,80,150,403,555,452,437,145,55,16,3,15,30,50,60,90,152,251,301,254,185,267,261,176,79,66,36,19,6,10,1,1,6,5,5,6,8,24,19,23,18,23,31,37,41,50,71,67,89,126,121,115,118,115,86,69,79,83,87,134,109,114,84,76,54,31,31,29,30,24,16,13,10,13,3,3,2,3,6,2,0,1,0,1,1,5,4,1,3,2,1,5,6,2,16,8,12,7,9,14,8,10,11,12,19,12,12,25,18,23,23,27,37,34,31,36,43,46,57,69,59,62,48,67,65,53,57,58,43,43,39,30,33,46,37,46,43,44,67,67,57,52,50,64,38,46,41,35,25,29,18,13,10,21,17,12,18,12,15,9,11,5,5,8,7,3,8,5,1,2,1,2,1,1,1,2,3,3,1,1
20240732870-00,276070000,16370301,87.745,1046,+2% ~ -2%,기/A값/순,김포공항 국제선 서편 보안검색장 조성 정보통신공사,한국공항공사,서울,0.60451,1,15,19,69,382,112,63,15,7,1,0,1,7,8,2,17,24,45,209,173,74,38,35,28,7,8,6,1,0,1,0,0,1,0,0,1,2,5,3,4,1,0,2,4,12,8,11,11,10,29,87,78,81,77,59,39,24,20,11,18,16,14,11,13,9,2,1,7,5,0,4,2,0,1,0,0,0,0,1,0,0,0,0,0,0,1,0,0,0,0,0,1,1,1,4,1,2,1,1,3,1,0,0,0,1,1,1,3,4,8,4,4,7,4,5,6,4,6,13,16,38,49,32,46,44,37,39,38,30,29,30,9,8,16,11,9,7,4,6,12,8,8,6,8,5,6,5,8,4,5,2,0,0,1,4,3,1,4,0,0,2,2,0,2,0,0,0,1,0,0,0,0,0,0,0,0,0,1,0,0
20240732842-00,545908000,20351870,87.745,1019,+2% ~ -2%,기/A값/순,김포공항 통합운영센터 상황실 이전 및 기타 통신공사,한국공항공사,서울,0.042,1,15,19,69,374,93,63,15,7,1,0,1,7,8,2,17,24,45,209,165,55,38,35,28,7,8,6,1,0,1,0,0,1,0,0,1,2,5,3,4,1,0,2,4,12,8,11,11,10,29,87,78,81,77,51,20,24,20,11,18,16,14,11,13,9,2,1,7,5,0,4,2,0,1,0,0,0,0,1,0,0,0,0,0,0,1,0,0,0,0,0,1,1,1,4,1,2,1,1,3,1,0,0,0,1,1,1,3,4,8,4,4,7,4,5,6,4,6,13,16,38,49,32,46,44,37,39,38,30,21,13,7,8,16,11,9,7,4,6,12,8,8,6,8,5,6,5,8,4,5,2,0,0,1,4,3,1,4,0,0,2,2,0,2,0,0,0,1,0,0,0,0,0,0,0,0,0,1,0,0
202407820,1136820000,276719152,86.745,2822,+2% ~ -2%,기/A값/순/의무,[긴급]2024년 개량사업 ITS 현장설비(CCTV 및 VMS) 통합설치공사,한국도로공사,전국/서울/경기,-0.361,18,80,150,403,555,582,437,145,55,16,3,15,30,50,60,90,152,251,301,254,219,363,261,176,79,66,36,19,6,10,1,1,6,5,5,6,8,24,19,23,18,23,31,37,41,50,71,67,89,126,121,115,118,115,86,69,79,155,145,134,109,114,84,76,54,31,31,29,30,24,16,13,10,13,3,3,2,3,6,2,0,1,0,1,1,5,4,1,3,2,1,5,6,2,16,8,12,7,9,14,8,10,11,12,19,12,12,25,18,23,23,27,37,34,31,36,43,46,57,69,59,62,48,67,65,53,57,58,43,43,39,30,33,46,71,84,78,67,67,67,57,52,50,64,38,46,41,35,25,29,18,13,10,21,17,12,18,12,15,9,11,5,5,8,7,3,8,5,1,2,1,2,1,1,1,2,3,3,1,1
20240731377-00,80300000,0,87.745,1096,+2% ~ -2%,기/수의,서울응암동우체국 건립공사(통신),과학기술정보통신부,서울,0.3613,1,2,6,37,65,116,89,32,5,0,1,0,0,2,3,3,14,23,30,35,64,52,58,31,20,12,5,0,0,0,0,0,1,0,0,0,0,0,1,1,2,0,1,0,3,6,4,8,10,9,9,13,14,16,13,22,28,21,19,26,14,34,19,10,12,8,10,5,6,3,2,2,1,0,0,0,0,0,0,0,0,0,0,0,1,0,0,0,0,0,0,0,0,0,0,0,1,0,1,0,1,1,0,0,1,0,0,0,1,2,2,4,4,0,4,4,5,5,6,3,5,4,6,7,8,6,10,6,9,4,4,18,13,15,14,7,14,5,11,15,8,6,16,18,10,9,5,5,6,6,6,2,4,6,2,3,2,4,1,2,2,0,2,0,1,0,0,0,0,0,0,0,0,0,0,0,0,0,0,0
E012406425,105654681,2494963,87.745,812,+2% ~ -2%,기/A값/순,탄천-대치 전력구 통신케이블 지장이설공사(전자제어부),한국전력공사,서울,0.28397,1,15,19,69,167,93,63,15,7,1,0,1,7,8,2,17,24,45,116,51,55,38,35,28,7,8,6,1,0,1,0,0,1,0,0,1,2,5,3,4,1,0,2,4,12,8,11,11,10,29,82,21,21,22,21,20,24,20,11,18,16,14,11,13,9,2,1,7,5,0,4,2,0,1,0,0,0,0,1,0,0,0,0,0,0,1,0,0,0,0,0,1,1,1,4,1,2,1,1,3,1,0,0,0,1,1,1,3,4,8,4,4,7,4,5,6,4,6,13,16,38,44,10,11,13,8,10,12,13,8,13,7,8,16,11,9,7,4,6,12,8,8,6,8,5,6,5,8,4,5,2,0,0,1,4,3,1,4,0,0,2,2,0,2,0,0,0,1,0,0,0,0,0,0,0,0,0,1,0,0
20240725940-00,38942000,1639754,87.745,954,+2% ~ -2%,기/A값/순,김포공항 외곽지역 부대시설 개선 정보통신공사,한국공항공사,서울,0.12332,1,15,19,69,309,93,63,15,7,1,0,1,7,8,2,17,24,45,209,100,55,38,35,28,7,8,6,1,0,1,0,0,1,0,0,1,2,5,3,4,1,0,2,4,12,8,11,11,10,29,87,78,81,42,21,20,24,20,11,18,16,14,11,13,9,2,1,7,5,0,4,2,0,1,0,0,0,0,1,0,0,0,0,0,0,1,0,0,0,0,0,1,1,1,4,1,2,1,1,3,1,0,0,0,1,1,1,3,4,8,4,4,7,4,5,6,4,6,13,16,38,49,32,46,44,37,30,12,13,8,13,7,8,16,11,9,7,4,6,12,8,8,6,8,5,6,5,8,4,5,2,0,0,1,4,3,1,4,0,0,2,2,0,2,0,0,0,1,0,0,0,0,0,0,0,0,0,1,0,0
20240725147-00,75685000,0,87.745,1089,+2% ~ -2%,기/수의,경부선 구로입출고 절연구분장치 영상감시설비 개량공사,한국철도공사,서울,0.08809,1,2,6,37,65,116,89,32,5,0,1,0,0,2,3,3,14,23,30,35,64,52,58,31,20,12,5,0,0,0,0,0,1,0,0,0,0,0,1,1,2,0,1,0,3,6,4,8,10,9,9,13,14,16,13,22,28,21,19,26,14,34,19,10,12,8,10,5,6,3,2,2,1,0,0,0,0,0,0,0,0,0,0,0,1,0,0,0,0,0,0,0,0,0,0,0,1,0,1,0,1,1,0,0,1,0,0,0,1,2,2,4,4,0,4,4,5,5,6,3,5,4,6,7,8,6,10,6,9,4,4,18,13,15,14,7,14,5,11,15,8,6,16,18,10,9,5,5,6,6,6,2,4,6,2,3,2,4,1,2,2,0,2,0,1,0,0,0,0,0,0,0,0,0,0,0,0,0,0,0
20240722239-00,339282000,15367481,87.745,1022,+2% ~ -2%,기/A값/순,경부선 구로역 신호기능실 신축에 따른 통신설비 신설공사(총체 및 1차),한국철도공사,서울,0.29226,1,15,19,69,377,93,63,15,7,1,0,1,7,8,2,17,24,45,209,168,55,38,35,28,7,8,6,1,0,1,0,0,1,0,0,1,2,5,3,4,1,0,2,4,12,8,11,11,10,29,87,78,81,77,54,20,24,20,11,18,16,14,11,13,9,2,1,7,5,0,4,2,0,1,0,0,0,0,1,0,0,0,0,0,0,1,0,0,0,0,0,1,1,1,4,1,2,1,1,3,1,0,0,0,1,1,1,3,4,8,4,4,7,4,5,6,4,6,13,16,38,49,32,46,44,37,39,38,30,24,13,7,8,16,11,9,7,4,6,12,8,8,6,8,5,6,5,8,4,5,2,0,0,1,4,3,1,4,0,0,2,2,0,2,0,0,0,1,0,0,0,0,0,0,0,0,0,1,0,0
20240721828-00,174179000,7838581,87.745,1059,+2% ~ -2%,기/A값/순,김포공항 국제선 탑승구 시설개선 정보통신공사,한국공항공사,서울,0.13478,1,15,19,69,382,125,63,15,7,1,0,1,7,8,2,17,24,45,209,173,87,38,35,28,7,8,6,1,0,1,0,0,1,0,0,1,2,5,3,4,1,0,2,4,12,8,11,11,10,29,87,78,81,77,59,52,24,20,11,18,16,14,11,13,9,2,1,7,5,0,4,2,0,1,0,0,0,0,1,0,0,0,0,0,0,1,0,0,0,0,0,1,1,1,4,1,2,1,1,3,1,0,0,0,1,1,1,3,4,8,4,4,7,4,5,6,4,6,13,16,38,49,32,46,44,37,39,38,30,29,30,22,8,16,11,9,7,4,6,12,8,8,6,8,5,6,5,8,4,5,2,0,0,1,4,3,1,4,0,0,2,2,0,2,0,0,0,1,0,0,0,0,0,0,0,0,0,1,0,0
E012406291,181679300,11766693,87.745,855,+2% ~ -2%,기/A값/순,세곡2지구 배전자동화 자가 광케이블 시설공사(ICT운영부),한국전력공사,서울,-0.30056,1,15,19,69,210,93,63,15,7,1,0,1,7,8,2,17,24,45,159,51,55,38,35,28,7,8,6,1,0,1,0,0,1,0,0,1,2,5,3,4,1,0,2,4,12,8,11,11,10,29,87,59,21,22,21,20,24,20,11,18,16,14,11,13,9,2,1,7,5,0,4,2,0,1,0,0,0,0,1,0,0,0,0,0,0,1,0,0,0,0,0,1,1,1,4,1,2,1,1,3,1,0,0,0,1,1,1,3,4,8,4,4,7,4,5,6,4,6,13,16,38,49,32,27,13,8,10,12,13,8,13,7,8,16,11,9,7,4,6,12,8,8,6,8,5,6,5,8,4,5,2,0,0,1,4,3,1,4,0,0,2,2,0,2,0,0,0,1,0,0,0,0,0,0,0,0,0,1,0,0
20240722858-00,64020000,0,87.745,1131,+2% ~ -2%,기/수의,중랑서 상봉파출소 시설개선 통신공사,경찰청,서울,-0.52468,1,2,6,37,65,116,89,32,5,0,1,0,0,2,3,3,14,23,30,35,64,52,58,31,20,12,5,0,0,0,0,0,1,0,0,0,0,0,1,1,2,0,1,0,3,6,4,8,10,9,9,13,14,16,13,22,28,21,19,26,14,34,19,10,12,8,10,5,6,3,2,2,1,0,0,0,0,0,0,0,0,0,0,0,1,0,0,0,0,0,0,0,0,0,0,0,1,0,1,0,1,1,0,0,1,0,0,0,1,2,2,4,4,0,4,4,5,5,6,3,5,4,6,7,8,6,10,6,9,4,4,18,13,15,14,7,14,5,11,15,8,6,16,18,10,9,5,5,6,6,6,2,4,6,2,3,2,4,1,2,2,0,2,0,1,0,0,0,0,0,0,0,0,0,0,0,0,0,0,0
E012406214,279084300,19577635,87.745,2327,+2% ~ -2%,기/A값/순,2024년 고압 AMI 통신망 구축공사(ICT운영부),한국전력공사,서울/경기,0.717,10,57,84,399,555,404,280,107,47,12,2,8,24,33,37,47,148,251,301,254,185,219,173,107,51,56,29,18,6,6,1,1,3,3,2,6,6,17,14,14,10,13,20,22,19,46,71,67,89,126,121,115,118,115,86,69,79,83,85,88,70,78,49,51,32,18,17,26,25,21,14,10,8,12,3,3,2,3,4,0,0,1,0,1,0,3,2,1,1,1,1,5,5,1,12,5,11,3,6,8,4,6,5,8,14,6,6,16,7,12,19,27,37,34,31,36,43,46,57,69,59,62,48,67,65,53,57,58,43,43,39,30,33,46,37,46,43,42,41,47,38,32,31,47,25,24,29,22,17,15,9,9,4,13,16,10,15,10,13,8,9,5,3,7,5,3,7,5,1,2,1,2,1,1,1,2,2,2,0,0
20240713341-01,134355648,0,87.745,1184,+2% ~ -2%,기/정/수의/협정,경찰청 세검정로 별관 통신공사 (정정공고),경찰청,서울,-0.21522,1,2,6,37,65,116,89,32,5,0,1,0,0,2,3,3,14,23,30,35,64,52,58,31,20,12,5,0,0,0,0,0,1,0,0,0,0,0,1,1,2,0,1,0,3,6,4,8,10,9,9,13,14,16,13,22,28,21,19,26,14,34,19,10,12,8,10,5,6,3,2,2,1,0,0,0,0,0,0,0,0,0,0,0,1,0,0,0,0,0,0,0,0,0,0,0,1,0,1,0,1,1,0,0,1,0,0,0,1,2,2,4,4,0,4,4,5,5,6,3,5,4,6,7,8,6,10,6,9,4,4,18,13,15,14,7,14,5,11,15,8,6,16,18,10,9,5,5,6,6,6,2,4,6,2,3,2,4,1,2,2,0,2,0,1,0,0,0,0,0,0,0,0,0,0,0,0,0,0,0
2024-15356,10000000,0,87.745,388,+2% ~ -2%,기/수의,24-00대대 매입관사 공사(통신),해군재경근무지원대대,서울,-0.62092,1,2,6,37,65,116,89,32,5,0,1,0,0,2,3,3,14,23,30,35,64,52,58,31,20,12,5,0,0,0,0,0,1,0,0,0,0,0,1,1,2,0,1,0,3,6,4,8,10,9,9,13,14,16,13,22,28,21,19,26,14,34,19,10,12,8,10,5,6,3,2,2,1,0,0,0,0,0,0,0,0,0,0,0,1,0,0,0,0,0,0,0,0,0,0,0,1,0,1,0,1,1,0,0,1,0,0,0,1,2,2,4,4,0,4,4,5,5,6,3,5,4,6,7,8,6,10,6,9,4,4,18,13,15,14,7,14,5,11,15,8,6,16,18,10,9,5,5,6,6,6,2,4,6,2,3,2,4,1,2,2,0,2,0,1,0,0,0,0,0,0,0,0,0,0,0,0,0,0,0
2024-14574,31942000,0,87.745,2266,+2% ~ -2%,기/수의,사령부 및 OO대대 보수공사(통신),국군화생방방호사령부,서울/경기,0.49748,1,2,6,37,65,116,89,32,5,0,1,0,0,2,3,3,14,23,30,35,64,52,58,31,20,12,5,0,0,0,0,0,1,0,0,0,0,0,1,1,2,0,1,0,3,6,4,8,10,9,9,13,14,16,13,22,28,21,19,26,14,34,19,10,12,8,10,5,6,3,2,2,1,0,0,0,0,0,0,0,0,0,0,0,1,0,0,0,0,0,0,0,0,0,0,0,1,0,1,0,1,1,0,0,1,0,0,0,1,2,2,4,4,0,4,4,5,5,6,3,5,4,6,7,8,6,10,6,9,4,4,18,13,15,14,7,14,5,11,15,8,6,16,18,10,9,5,5,6,6,6,2,4,6,2,3,2,4,1,2,2,0,2,0,1,0,0,0,0,0,0,0,0,0,0,0,0,0,0,0
20240702085-00,9400000,0,87.745,319,+2% ~ -2%,기/수의,국립항공박물관 전시동 LAN케이블 공사,국립항공박물관,서울,0.20558,0,1,4,22,45,116,89,32,5,0,0,0,0,1,2,2,9,13,22,23,64,52,58,31,20,12,5,0,0,0,0,0,0,0,0,0,0,0,1,0,2,0,0,0,2,3,2,7,5,5,6,11,9,8,11,22,28,21,19,26,14,34,19,10,12,8,10,5,6,3,2,2,1,0,0,0,0,0,0,0,0,0,0,0,0,0,0,0,0,0,0,0,0,0,0,0,1,0,0,0,1,1,0,0,0,0,0,0,1,1,1,2,2,0,4,3,1,4,3,2,3,3,6,5,5,4,6,2,7,4,4,18,13,15,14,7,14,5,11,15,8,6,16,18,10,9,5,5,6,6,6,2,4,6,2,3,2,4,1,2,2,0,2,0,1,0,0,0,0,0,0,0,0,0,0,0,0,0,0,0
20240637912-00,96990196,5550082,87.745,999,+2% ~ -2%,기/A값/순,본관 8층 6파트 긴급치료병상 조성공사(통신),서울대학교병원,서울,-0.49845,1,15,19,69,354,93,63,15,7,1,0,1,7,8,2,17,24,45,209,145,55,38,35,28,7,8,6,1,0,1,0,0,1,0,0,1,2,5,3,4,1,0,2,4,12,8,11,11,10,29,87,78,81,77,31,20,24,20,11,18,16,14,11,13,9,2,1,7,5,0,4,2,0,1,0,0,0,0,1,0,0,0,0,0,0,1,0,0,0,0,0,1,1,1,4,1,2,1,1,3,1,0,0,0,1,1,1,3,4,8,4,4,7,4,5,6,4,6,13,16,38,49,32,46,44,37,39,38,23,8,13,7,8,16,11,9,7,4,6,12,8,8,6,8,5,6,5,8,4,5,2,0,0,1,4,3,1,4,0,0,2,2,0,2,0,0,0,1,0,0,0,0,0,0,0,0,0,1,0,0
20240625369-00,307516000,17691835,87.745,1032,+2% ~ -2%,기/A값/순/협정,"경찰병원 51, 52병동 시설개선공사(통신)",서울지방조달청/경찰청,서울,-0.03649,1,15,19,69,382,98,63,15,7,1,0,1,7,8,2,17,24,45,209,173,60,38,35,28,7,8,6,1,0,1,0,0,1,0,0,1,2,5,3,4,1,0,2,4,12,8,11,11,10,29,87,78,81,77,59,25,24,20,11,18,16,14,11,13,9,2,1,7,5,0,4,2,0,1,0,0,0,0,1,0,0,0,0,0,0,1,0,0,0,0,0,1,1,1,4,1,2,1,1,3,1,0,0,0,1,1,1,3,4,8,4,4,7,4,5,6,4,6,13,16,38,49,32,46,44,37,39,38,30,29,18,7,8,16,11,9,7,4,6,12,8,8,6,8,5,6,5,8,4,5,2,0,0,1,4,3,1,4,0,0,2,2,0,2,0,0,0,1,0,0,0,0,0,0,0,0,0,1,0,0
20240633586-00,98200000,4250580,87.745,1008,+2% ~ -2%,기/A값/순,김포공항 국제선 화장실 시설개선 정보통신공사,한국공항공사,서울,-0.94494,1,15,19,69,363,93,63,15,7,1,0,1,7,8,2,17,24,45,209,154,55,38,35,28,7,8,6,1,0,1,0,0,1,0,0,1,2,5,3,4,1,0,2,4,12,8,11,11,10,29,87,78,81,77,40,20,24,20,11,18,16,14,11,13,9,2,1,7,5,0,4,2,0,1,0,0,0,0,1,0,0,0,0,0,0,1,0,0,0,0,0,1,1,1,4,1,2,1,1,3,1,0,0,0,1,1,1,3,4,8,4,4,7,4,5,6,4,6,13,16,38,49,32,46,44,37,39,38,30,10,13,7,8,16,11,9,7,4,6,12,8,8,6,8,5,6,5,8,4,5,2,0,0,1,4,3,1,4,0,0,2,2,0,2,0,0,0,1,0,0,0,0,0,0,0,0,0,1,0,0
20240633454-00,150546000,1758448,87.745,1087,+2% ~ -2%,기/A값/순,상문고 신관 방송통신개선공사 (긴급공고),서울특별시교육청,서울,-0.67372,1,15,19,69,382,153,63,15,7,1,0,1,7,8,2,17,24,45,209,173,115,38,35,28,7,8,6,1,0,1,0,0,1,0,0,1,2,5,3,4,1,0,2,4,12,8,11,11,10,29,87,78,81,77,59,53,51,20,11,18,16,14,11,13,9,2,1,7,5,0,4,2,0,1,0,0,0,0,1,0,0,0,0,0,0,1,0,0,0,0,0,1,1,1,4,1,2,1,1,3,1,0,0,0,1,1,1,3,4,8,4,4,7,4,5,6,4,6,13,16,38,49,32,46,44,37,39,38,30,29,30,23,20,31,11,9,7,4,6,12,8,8,6,8,5,6,5,8,4,5,2,0,0,1,4,3,1,4,0,0,2,2,0,2,0,0,0,1,0,0,0,0,0,0,0,0,0,1,0,0
20240616335-00,202872000,9171479,87.745,1037,+2% ~ -2%,기/A값/순,김포공항 화장실 비상벨설치 정보통신공사,한국공항공사,서울,0.57351,1,15,19,69,382,103,63,15,7,1,0,1,7,8,2,17,24,45,209,173,65,38,35,28,7,8,6,1,0,1,0,0,1,0,0,1,2,5,3,4,1,0,2,4,12,8,11,11,10,29,87,78,81,77,59,30,24,20,11,18,16,14,11,13,9,2,1,7,5,0,4,2,0,1,0,0,0,0,1,0,0,0,0,0,0,1,0,0,0,0,0,1,1,1,4,1,2,1,1,3,1,0,0,0,1,1,1,3,4,8,4,4,7,4,5,6,4,6,13,16,38,49,32,46,44,37,39,38,30,29,23,7,8,16,11,9,7,4,6,12,8,8,6,8,5,6,5,8,4,5,2,0,0,1,4,3,1,4,0,0,2,2,0,2,0,0,0,1,0,0,0,0,0,0,0,0,0,1,0,0
2024-13130,3162745,0,87.745,182,+2% ~ -2%,기/수의,(24-대-5) 우O 상황실 개선공사(통신),공군,서울,-0.6054,0,0,0,0,19,71,65,22,4,0,0,0,0,0,0,0,0,0,0,19,39,32,40,25,12,10,4,0,0,0,0,0,0,0,0,0,0,0,0,0,0,0,0,0,0,0,0,0,0,0,0,0,1,8,10,11,19,12,12,17,9,23,13,9,11,3,8,3,5,3,2,1,1,0,0,0,0,0,0,0,0,0,0,0,0,0,0,0,0,0,0,0,0,0,0,0,0,0,0,0,0,0,0,0,0,0,0,0,0,0,0,0,0,0,0,0,0,0,0,0,0,0,0,0,0,1,6,2,6,4,1,10,9,10,9,3,9,3,7,10,4,5,13,10,8,5,5,4,6,5,3,0,4,4,1,2,2,3,1,2,2,0,1,0,1,0,0,0,0,0,0,0,0,0,0,0,0,0,0,0
2024-13128,2292156,0,87.745,178,+2% ~ -2%,기/수의,(24-대-4) 북O 숙소보수 공사(통신),공군,서울,0.10287,0,0,0,0,15,71,65,22,4,0,0,0,0,0,0,0,0,0,0,15,39,32,40,25,12,10,4,0,0,0,0,0,0,0,0,0,0,0,0,0,0,0,0,0,0,0,0,0,0,0,0,0,0,5,10,11,19,12,12,17,9,23,13,9,11,3,8,3,5,3,2,1,1,0,0,0,0,0,0,0,0,0,0,0,0,0,0,0,0,0,0,0,0,0,0,0,0,0,0,0,0,0,0,0,0,0,0,0,0,0,0,0,0,0,0,0,0,0,0,0,0,0,0,0,0,0,3,2,6,4,1,10,9,10,9,3,9,3,7,10,4,5,13,10,8,5,5,4,6,5,3,0,4,4,1,2,2,3,1,2,2,0,1,0,1,0,0,0,0,0,0,0,0,0,0,0,0,0,0,0
2024-12981,155687843,0,87.745,1039,+2% ~ -2%,기/수의,00지역 통신소 케이블 이전 설치공사,국방부,서울,0.05393,1,2,6,37,65,116,89,32,5,0,1,0,0,2,3,3,14,23,30,35,64,52,58,31,20,12,5,0,0,0,0,0,1,0,0,0,0,0,1,1,2,0,1,0,3,6,4,8,10,9,9,13,14,16,13,22,28,21,19,26,14,34,19,10,12,8,10,5,6,3,2,2,1,0,0,0,0,0,0,0,0,0,0,0,1,0,0,0,0,0,0,0,0,0,0,0,1,0,1,0,1,1,0,0,1,0,0,0,1,2,2,4,4,0,4,4,5,5,6,3,5,4,6,7,8,6,10,6,9,4,4,18,13,15,14,7,14,5,11,15,8,6,16,18,10,9,5,5,6,6,6,2,4,6,2,3,2,4,1,2,2,0,2,0,1,0,0,0,0,0,0,0,0,0,0,0,0,0,0,0
20240618224-00,150447000,0,87.745,1213,+2% ~ -2%,기/수의,사이버수사과 사무실 이전 통신공사,경찰청,서울,0.29327,1,2,6,37,65,116,89,32,5,0,1,0,0,2,3,3,14,23,30,35,64,52,58,31,20,12,5,0,0,0,0,0,1,0,0,0,0,0,1,1,2,0,1,0,3,6,4,8,10,9,9,13,14,16,13,22,28,21,19,26,14,34,19,10,12,8,10,5,6,3,2,2,1,0,0,0,0,0,0,0,0,0,0,0,1,0,0,0,0,0,0,0,0,0,0,0,1,0,1,0,1,1,0,0,1,0,0,0,1,2,2,4,4,0,4,4,5,5,6,3,5,4,6,7,8,6,10,6,9,4,4,18,13,15,14,7,14,5,11,15,8,6,16,18,10,9,5,5,6,6,6,2,4,6,2,3,2,4,1,2,2,0,2,0,1,0,0,0,0,0,0,0,0,0,0,0,0,0,0,0
20240618194-00,65131000,0,87.745,1136,+2% ~ -2%,기/수의,과학수사과 사무실 이전 통신공사,경찰청,서울,0.52206,1,2,6,37,65,116,89,32,5,0,1,0,0,2,3,3,14,23,30,35,64,52,58,31,20,12,5,0,0,0,0,0,1,0,0,0,0,0,1,1,2,0,1,0,3,6,4,8,10,9,9,13,14,16,13,22,28,21,19,26,14,34,19,10,12,8,10,5,6,3,2,2,1,0,0,0,0,0,0,0,0,0,0,0,1,0,0,0,0,0,0,0,0,0,0,0,1,0,1,0,1,1,0,0,1,0,0,0,1,2,2,4,4,0,4,4,5,5,6,3,5,4,6,7,8,6,10,6,9,4,4,18,13,15,14,7,14,5,11,15,8,6,16,18,10,9,5,5,6,6,6,2,4,6,2,3,2,4,1,2,2,0,2,0,1,0,0,0,0,0,0,0,0,0,0,0,0,0,0,0
20240617186-00,121000000,7332525,87.745,1074,+2% ~ -2%,기/A값/순,서울대학교 첨단융합학부(관악 19동) 공간조성 통신공사(3단계) (긴급공고),서울대학교,서울,-0.0947,1,15,19,69,382,140,63,15,7,1,0,1,7,8,2,17,24,45,209,173,102,38,35,28,7,8,6,1,0,1,0,0,1,0,0,1,2,5,3,4,1,0,2,4,12,8,11,11,10,29,87,78,81,77,59,53,38,20,11,18,16,14,11,13,9,2,1,7,5,0,4,2,0,1,0,0,0,0,1,0,0,0,0,0,0,1,0,0,0,0,0,1,1,1,4,1,2,1,1,3,1,0,0,0,1,1,1,3,4,8,4,4,7,4,5,6,4,6,13,16,38,49,32,46,44,37,39,38,30,29,30,23,20,18,11,9,7,4,6,12,8,8,6,8,5,6,5,8,4,5,2,0,0,1,4,3,1,4,0,0,2,2,0,2,0,0,0,1,0,0,0,0,0,0,0,0,0,1,0,0
20240612761-00,1089447000,44334851,87.745,971,+2% ~ -2%,기/A값/순,경부선 서울역 방송설비 전면 개량공사,한국철도공사,서울,0.62025,1,15,19,69,326,93,63,15,7,1,0,1,7,8,2,17,24,45,209,117,55,38,35,28,7,8,6,1,0,1,0,0,1,0,0,1,2,5,3,4,1,0,2,4,12,8,11,11,10,29,87,78,81,59,21,20,24,20,11,18,16,14,11,13,9,2,1,7,5,0,4,2,0,1,0,0,0,0,1,0,0,0,0,0,0,1,0,0,0,0,0,1,1,1,4,1,2,1,1,3,1,0,0,0,1,1,1,3,4,8,4,4,7,4,5,6,4,6,13,16,38,49,32,46,44,37,39,20,13,8,13,7,8,16,11,9,7,4,6,12,8,8,6,8,5,6,5,8,4,5,2,0,0,1,4,3,1,4,0,0,2,2,0,2,0,0,0,1,0,0,0,0,0,0,0,0,0,1,0,0
20240606185-00,94758000,0,87.745,1129,+2% ~ -2%,기/수의,서울신림동우체국 건립공사(통신),과학기술정보통신부,서울,0.29258,1,2,6,37,65,116,89,32,5,0,1,0,0,2,3,3,14,23,30,35,64,52,58,31,20,12,5,0,0,0,0,0,1,0,0,0,0,0,1,1,2,0,1,0,3,6,4,8,10,9,9,13,14,16,13,22,28,21,19,26,14,34,19,10,12,8,10,5,6,3,2,2,1,0,0,0,0,0,0,0,0,0,0,0,1,0,0,0,0,0,0,0,0,0,0,0,1,0,1,0,1,1,0,0,1,0,0,0,1,2,2,4,4,0,4,4,5,5,6,3,5,4,6,7,8,6,10,6,9,4,4,18,13,15,14,7,14,5,11,15,8,6,16,18,10,9,5,5,6,6,6,2,4,6,2,3,2,4,1,2,2,0,2,0,1,0,0,0,0,0,0,0,0,0,0,0,0,0,0,0
2024-11214,125356730,0,87.745,1057,+2% ~ -2%,기/수의,(B045) 00기갑 0대대 통신케이블 공사(본공사),육군,서울,0.46115,1,2,6,37,65,116,89,32,5,0,1,0,0,2,3,3,14,23,30,35,64,52,58,31,20,12,5,0,0,0,0,0,1,0,0,0,0,0,1,1,2,0,1,0,3,6,4,8,10,9,9,13,14,16,13,22,28,21,19,26,14,34,19,10,12,8,10,5,6,3,2,2,1,0,0,0,0,0,0,0,0,0,0,0,1,0,0,0,0,0,0,0,0,0,0,0,1,0,1,0,1,1,0,0,1,0,0,0,1,2,2,4,4,0,4,4,5,5,6,3,5,4,6,7,8,6,10,6,9,4,4,18,13,15,14,7,14,5,11,15,8,6,16,18,10,9,5,5,6,6,6,2,4,6,2,3,2,4,1,2,2,0,2,0,1,0,0,0,0,0,0,0,0,0,0,0,0,0,0,0
E012405092,294166400,18405202,87.745,831,+2% ~ -2%,기/A값/순,강북구 도봉로 배전계통 자가 광통신망 지중화공사,한국전력공사,서울,0.50517,1,15,19,69,186,93,63,15,7,1,0,1,7,8,2,17,24,45,135,51,55,38,35,28,7,8,6,1,0,1,0,0,1,0,0,1,2,5,3,4,1,0,2,4,12,8,11,11,10,29,87,35,21,22,21,20,24,20,11,18,16,14,11,13,9,2,1,7,5,0,4,2,0,1,0,0,0,0,1,0,0,0,0,0,0,1,0,0,0,0,0,1,1,1,4,1,2,1,1,3,1,0,0,0,1,1,1,3,4,8,4,4,7,4,5,6,4,6,13,16,38,49,24,11,13,8,10,12,13,8,13,7,8,16,11,9,7,4,6,12,8,8,6,8,5,6,5,8,4,5,2,0,0,1,4,3,1,4,0,0,2,2,0,2,0,0,0,1,0,0,0,0,0,0,0,0,0,1,0,0
E012404983,213219600,13437507,87.745,440,+2% ~ -2%,기/A값/순/협정,154kV 노들-노량진 등 3개 T/L 과학화장비 설치공사(송전운영부),한국전력공사,서울,0.34659,1,15,19,47,0,0,0,0,0,0,0,1,7,8,2,17,24,23,0,0,0,0,0,0,0,0,0,0,0,0,0,0,1,0,0,1,2,5,3,4,1,0,2,4,12,8,11,11,10,7,0,0,0,0,0,0,0,0,0,0,0,0,0,0,0,0,0,0,0,0,0,0,0,0,0,0,0,0,0,0,0,0,0,0,0,1,0,0,0,0,0,1,1,1,4,1,2,1,1,3,1,0,0,0,1,1,1,3,4,8,4,4,7,4,5,6,4,6,7,0,0,0,0,0,0,0,0,0,0,0,0,0,0,0,0,0,0,0,0,0,0,0,0,0,0,0,0,0,0,0,0,0,0,0,0,0,0,0,0,0,0,0,0,0,0,0,0,0,0,0,0,0,0,0,0,0,0,0,0,0
2024-11006,225189000,15224718,87.745,894,+2% ~ -2%,기/A값/순,[일반-24-36-16] 간부숙소 30실 통신공사,수도방위사령부,서울,0.31936,1,15,19,69,249,93,63,15,7,1,0,1,7,8,2,17,24,45,198,51,55,38,35,28,7,8,6,1,0,1,0,0,1,0,0,1,2,5,3,4,1,0,2,4,12,8,11,11,10,29,87,78,41,22,21,20,24,20,11,18,16,14,11,13,9,2,1,7,5,0,4,2,0,1,0,0,0,0,1,0,0,0,0,0,0,1,0,0,0,0,0,1,1,1,4,1,2,1,1,3,1,0,0,0,1,1,1,3,4,8,4,4,7,4,5,6,4,6,13,16,38,49,32,46,33,8,10,12,13,8,13,7,8,16,11,9,7,4,6,12,8,8,6,8,5,6,5,8,4,5,2,0,0,1,4,3,1,4,0,0,2,2,0,2,0,0,0,1,0,0,0,0,0,0,0,0,0,1,0,0
2024-10492,156024940,0,87.745,1032,+2% ~ -2%,기/수의,현충원 네트워크 이전설치 공사,국방부근무지원단,서울,0.87432,1,2,6,37,65,116,89,32,5,0,1,0,0,2,3,3,14,23,30,35,64,52,58,31,20,12,5,0,0,0,0,0,1,0,0,0,0,0,1,1,2,0,1,0,3,6,4,8,10,9,9,13,14,16,13,22,28,21,19,26,14,34,19,10,12,8,10,5,6,3,2,2,1,0,0,0,0,0,0,0,0,0,0,0,1,0,0,0,0,0,0,0,0,0,0,0,1,0,1,0,1,1,0,0,1,0,0,0,1,2,2,4,4,0,4,4,5,5,6,3,5,4,6,7,8,6,10,6,9,4,4,18,13,15,14,7,14,5,11,15,8,6,16,18,10,9,5,5,6,6,6,2,4,6,2,3,2,4,1,2,2,0,2,0,1,0,0,0,0,0,0,0,0,0,0,0,0,0,0,0
20240537848-00,77892000,3840169,87.745,1057,+2% ~ -2%,기/A값/순,서울대학교 920동 LnL 교육지원시설 인터넷 및 전화공사,서울대학교,서울,0.60057,1,15,19,69,382,123,63,15,7,1,0,1,7,8,2,17,24,45,209,173,85,38,35,28,7,8,6,1,0,1,0,0,1,0,0,1,2,5,3,4,1,0,2,4,12,8,11,11,10,29,87,78,81,77,59,50,24,20,11,18,16,14,11,13,9,2,1,7,5,0,4,2,0,1,0,0,0,0,1,0,0,0,0,0,0,1,0,0,0,0,0,1,1,1,4,1,2,1,1,3,1,0,0,0,1,1,1,3,4,8,4,4,7,4,5,6,4,6,13,16,38,49,32,46,44,37,39,38,30,29,30,20,8,16,11,9,7,4,6,12,8,8,6,8,5,6,5,8,4,5,2,0,0,1,4,3,1,4,0,0,2,2,0,2,0,0,0,1,0,0,0,0,0,0,0,0,0,1,0,0
2024-09448,121523520,8579016,87.745,895,+2% ~ -2%,기/A값/순,24-D-00아파트 보수공사_통신(2015),국군재정관리단,서울,-0.06481,1,15,19,69,250,93,63,15,7,1,0,1,7,8,2,17,24,45,199,51,55,38,35,28,7,8,6,1,0,1,0,0,1,0,0,1,2,5,3,4,1,0,2,4,12,8,11,11,10,29,87,78,42,22,21,20,24,20,11,18,16,14,11,13,9,2,1,7,5,0,4,2,0,1,0,0,0,0,1,0,0,0,0,0,0,1,0,0,0,0,0,1,1,1,4,1,2,1,1,3,1,0,0,0,1,1,1,3,4,8,4,4,7,4,5,6,4,6,13,16,38,49,32,46,34,8,10,12,13,8,13,7,8,16,11,9,7,4,6,12,8,8,6,8,5,6,5,8,4,5,2,0,0,1,4,3,1,4,0,0,2,2,0,2,0,0,0,1,0,0,0,0,0,0,0,0,0,1,0,0
20240527397-00,31157000,625547,87.745,926,+2% ~ -2%,기/A값/순,서울대학교 온실가스에너지센터(32-1동) 이전 통신공사 (긴급공고),서울대학교,서울,0.44893,1,15,19,69,281,93,63,15,7,1,0,1,7,8,2,17,24,45,209,72,55,38,35,28,7,8,6,1,0,1,0,0,1,0,0,1,2,5,3,4,1,0,2,4,12,8,11,11,10,29,87,78,73,22,21,20,24,20,11,18,16,14,11,13,9,2,1,7,5,0,4,2,0,1,0,0,0,0,1,0,0,0,0,0,0,1,0,0,0,0,0,1,1,1,4,1,2,1,1,3,1,0,0,0,1,1,1,3,4,8,4,4,7,4,5,6,4,6,13,16,38,49,32,46,44,29,10,12,13,8,13,7,8,16,11,9,7,4,6,12,8,8,6,8,5,6,5,8,4,5,2,0,0,1,4,3,1,4,0,0,2,2,0,2,0,0,0,1,0,0,0,0,0,0,0,0,0,1,0,0
2024-08094,235957840,13858100,87.745,860,+2% ~ -2%,기/A값/순,24-D-위병소 신축 등 2건 통신공사(2010),국군재정관리단,서울,-0.2705,1,15,19,69,215,93,63,15,7,1,0,1,7,8,2,17,24,45,164,51,55,38,35,28,7,8,6,1,0,1,0,0,1,0,0,1,2,5,3,4,1,0,2,4,12,8,11,11,10,29,87,64,21,22,21,20,24,20,11,18,16,14,11,13,9,2,1,7,5,0,4,2,0,1,0,0,0,0,1,0,0,0,0,0,0,1,0,0,0,0,0,1,1,1,4,1,2,1,1,3,1,0,0,0,1,1,1,3,4,8,4,4,7,4,5,6,4,6,13,16,38,49,32,32,13,8,10,12,13,8,13,7,8,16,11,9,7,4,6,12,8,8,6,8,5,6,5,8,4,5,2,0,0,1,4,3,1,4,0,0,2,2,0,2,0,0,0,1,0,0,0,0,0,0,0,0,0,1,0,0
20240521823-00,52593000,0,87.745,1027,+2% ~ -2%,기/수의,경부선 용산역 사각지대 감시용 영상감시설비 신설공사,한국철도공사,서울,-0.07093,1,2,6,37,65,116,89,32,5,0,1,0,0,2,3,3,14,23,30,35,64,52,58,31,20,12,5,0,0,0,0,0,1,0,0,0,0,0,1,1,2,0,1,0,3,6,4,8,10,9,9,13,14,16,13,22,28,21,19,26,14,34,19,10,12,8,10,5,6,3,2,2,1,0,0,0,0,0,0,0,0,0,0,0,1,0,0,0,0,0,0,0,0,0,0,0,1,0,1,0,1,1,0,0,1,0,0,0,1,2,2,4,4,0,4,4,5,5,6,3,5,4,6,7,8,6,10,6,9,4,4,18,13,15,14,7,14,5,11,15,8,6,16,18,10,9,5,5,6,6,6,2,4,6,2,3,2,4,1,2,2,0,2,0,1,0,0,0,0,0,0,0,0,0,0,0,0,0,0,0
2024-08235,19570000,0,87.745,614,+2% ~ -2%,기/수의,[일반-24-56] 00부대 케이블공사,수도방위사령부,서울,0.14471,1,2,6,37,65,116,89,32,5,0,1,0,0,2,3,3,14,23,30,35,64,52,58,31,20,12,5,0,0,0,0,0,1,0,0,0,0,0,1,1,2,0,1,0,3,6,4,8,10,9,9,13,14,16,13,22,28,21,19,26,14,34,19,10,12,8,10,5,6,3,2,2,1,0,0,0,0,0,0,0,0,0,0,0,1,0,0,0,0,0,0,0,0,0,0,0,1,0,1,0,1,1,0,0,1,0,0,0,1,2,2,4,4,0,4,4,5,5,6,3,5,4,6,7,8,6,10,6,9,4,4,18,13,15,14,7,14,5,11,15,8,6,16,18,10,9,5,5,6,6,6,2,4,6,2,3,2,4,1,2,2,0,2,0,1,0,0,0,0,0,0,0,0,0,0,0,0,0,0,0
20240520380-00,127650000,0,87.745,1132,+2% ~ -2%,기/수의,경원선 광운대역 방송설비 개량공사,한국철도공사,서울,-0.71845,1,2,6,37,65,116,89,32,5,0,1,0,0,2,3,3,14,23,30,35,64,52,58,31,20,12,5,0,0,0,0,0,1,0,0,0,0,0,1,1,2,0,1,0,3,6,4,8,10,9,9,13,14,16,13,22,28,21,19,26,14,34,19,10,12,8,10,5,6,3,2,2,1,0,0,0,0,0,0,0,0,0,0,0,1,0,0,0,0,0,0,0,0,0,0,0,1,0,1,0,1,1,0,0,1,0,0,0,1,2,2,4,4,0,4,4,5,5,6,3,5,4,6,7,8,6,10,6,9,4,4,18,13,15,14,7,14,5,11,15,8,6,16,18,10,9,5,5,6,6,6,2,4,6,2,3,2,4,1,2,2,0,2,0,1,0,0,0,0,0,0,0,0,0,0,0,0,0,0,0
E012404089,183084000,10977381,87.745,1266,+2% ~ -2%,기/A값/순/협정,345kV 신성남-신양재T/L 과학화장비 보강공사(강남전력지사),한국전력공사,서울/경기,0.47085,1,15,19,69,382,273,122,15,7,1,0,1,7,8,2,17,24,45,209,173,132,141,94,28,7,8,6,1,0,1,0,0,1,0,0,1,2,5,3,4,1,0,2,4,12,8,11,11,10,29,87,78,81,77,59,53,55,52,53,60,47,42,11,13,9,2,1,7,5,0,4,2,0,1,0,0,0,0,1,0,0,0,0,0,0,1,0,0,0,0,0,1,1,1,4,1,2,1,1,3,1,0,0,0,1,1,1,3,4,8,4,4,7,4,5,6,4,6,13,16,38,49,32,46,44,37,39,38,30,29,30,23,20,35,24,28,26,27,29,31,25,22,21,21,5,6,5,8,4,5,2,0,0,1,4,3,1,4,0,0,2,2,0,2,0,0,0,1,0,0,0,0,0,0,0,0,0,1,0,0
20240505128-00,854563000,59567201,87.745,2817,+2% ~ -2%,기/A값/순,경부선 성환역 등 18개소 열차행선안내장치 개량공사,한국철도공사,서울/경기/충남,-0.3985,18,80,150,403,555,577,437,145,55,16,3,15,30,50,60,90,152,251,301,254,214,363,261,176,79,66,36,19,6,10,1,1,6,5,5,6,8,24,19,23,18,23,31,37,41,50,71,67,89,126,121,115,118,115,86,69,79,150,145,134,109,114,84,76,54,31,31,29,30,24,16,13,10,13,3,3,2,3,6,2,0,1,0,1,1,5,4,1,3,2,1,5,6,2,16,8,12,7,9,14,8,10,11,12,19,12,12,25,18,23,23,27,37,34,31,36,43,46,57,69,59,62,48,67,65,53,57,58,43,43,39,30,33,46,66,84,78,67,67,67,57,52,50,64,38,46,41,35,25,29,18,13,10,21,17,12,18,12,15,9,11,5,5,8,7,3,8,5,1,2,1,2,1,1,1,2,3,3,1,1
18091,35138700,0,88.0,123,+2% ~ -2%,기/수의,24-B-방송장비 유지보수 용역(도서지역),제9196부대,서울/인천/경기,0.61253,0,0,0,0,0,31,65,22,4,0,0,0,0,0,0,0,0,0,0,0,0,31,40,25,12,10,4,0,0,0,0,0,0,0,0,0,0,0,0,0,0,0,0,0,0,0,0,0,0,0,0,0,0,0,0,0,0,2,12,17,9,23,13,9,11,3,8,3,5,3,2,1,1,0,0,0,0,0,0,0,0,0,0,0,0,0,0,0,0,0,0,0,0,0,0,0,0,0,0,0,0,0,0,0,0,0,0,0,0,0,0,0,0,0,0,0,0,0,0,0,0,0,0,0,0,0,0,0,0,0,0,0,0,0,0,2,9,3,7,10,4,5,13,10,8,5,5,4,6,5,3,0,4,4,1,2,2,3,1,2,2,0,1,0,1,0,0,0,0,0,0,0,0,0,0,0,0,0,0,0
E012403771,186157400,11387868,87.745,831,+2% ~ -2%,기/A값/순,백련시장 배전계통 자가 광통신망 지중화공사,한국전력공사,서울,-0.15483,1,15,19,69,186,93,63,15,7,1,0,1,7,8,2,17,24,45,135,51,55,38,35,28,7,8,6,1,0,1,0,0,1,0,0,1,2,5,3,4,1,0,2,4,12,8,11,11,10,29,87,35,21,22,21,20,24,20,11,18,16,14,11,13,9,2,1,7,5,0,4,2,0,1,0,0,0,0,1,0,0,0,0,0,0,1,0,0,0,0,0,1,1,1,4,1,2,1,1,3,1,0,0,0,1,1,1,3,4,8,4,4,7,4,5,6,4,6,13,16,38,49,24,11,13,8,10,12,13,8,13,7,8,16,11,9,7,4,6,12,8,8,6,8,5,6,5,8,4,5,2,0,0,1,4,3,1,4,0,0,2,2,0,2,0,0,0,1,0,0,0,0,0,0,0,0,0,1,0,0
E012403527,307454400,21567772,87.745,818,+2% ~ -2%,기/A값/순,’24년 변압기공동이용 자고객 원격검침망 구축 공사,한국전력공사,서울,0.19842,1,15,19,69,173,93,63,15,7,1,0,1,7,8,2,17,24,45,122,51,55,38,35,28,7,8,6,1,0,1,0,0,1,0,0,1,2,5,3,4,1,0,2,4,12,8,11,11,10,29,87,22,21,22,21,20,24,20,11,18,16,14,11,13,9,2,1,7,5,0,4,2,0,1,0,0,0,0,1,0,0,0,0,0,0,1,0,0,0,0,0,1,1,1,4,1,2,1,1,3,1,0,0,0,1,1,1,3,4,8,4,4,7,4,5,6,4,6,13,16,38,49,11,11,13,8,10,12,13,8,13,7,8,16,11,9,7,4,6,12,8,8,6,8,5,6,5,8,4,5,2,0,0,1,4,3,1,4,0,0,2,2,0,2,0,0,0,1,0,0,0,0,0,0,0,0,0,1,0,0
202404188,96677000,3961144,87.745,852,+2% ~ -2%,기/A값/순,[긴급]세종포천선(용인~구리) 고덕수문 배수펌프장 구내통신공사,한국도로공사,서울,-0.92375,1,15,19,69,207,93,63,15,7,1,0,1,7,8,2,17,24,45,156,51,55,38,35,28,7,8,6,1,0,1,0,0,1,0,0,1,2,5,3,4,1,0,2,4,12,8,11,11,10,29,87,56,21,22,21,20,24,20,11,18,16,14,11,13,9,2,1,7,5,0,4,2,0,1,0,0,0,0,1,0,0,0,0,0,0,1,0,0,0,0,0,1,1,1,4,1,2,1,1,3,1,0,0,0,1,1,1,3,4,8,4,4,7,4,5,6,4,6,13,16,38,49,32,24,13,8,10,12,13,8,13,7,8,16,11,9,7,4,6,12,8,8,6,8,5,6,5,8,4,5,2,0,0,1,4,3,1,4,0,0,2,2,0,2,0,0,0,1,0,0,0,0,0,0,0,0,0,1,0,0
E012403194,156045450,10364533,87.745,815,+2% ~ -2%,기/A값/순,24년 서울본부 송변전광단말장치 보강공사,한국전력공사,서울,-0.21551,1,15,19,69,170,93,63,15,7,1,0,1,7,8,2,17,24,45,119,51,55,38,35,28,7,8,6,1,0,1,0,0,1,0,0,1,2,5,3,4,1,0,2,4,12,8,11,11,10,29,85,21,21,22,21,20,24,20,11,18,16,14,11,13,9,2,1,7,5,0,4,2,0,1,0,0,0,0,1,0,0,0,0,0,0,1,0,0,0,0,0,1,1,1,4,1,2,1,1,3,1,0,0,0,1,1,1,3,4,8,4,4,7,4,5,6,4,6,13,16,38,47,10,11,13,8,10,12,13,8,13,7,8,16,11,9,7,4,6,12,8,8,6,8,5,6,5,8,4,5,2,0,0,1,4,3,1,4,0,0,2,2,0,2,0,0,0,1,0,0,0,0,0,0,0,0,0,1,0,0
20240412469-00,63560000,0,87.745,1091,+2% ~ -2%,기/수의,동대문서 리모델링 통신공사,경찰청,서울,0.0538,1,2,6,37,65,116,89,32,5,0,1,0,0,2,3,3,14,23,30,35,64,52,58,31,20,12,5,0,0,0,0,0,1,0,0,0,0,0,1,1,2,0,1,0,3,6,4,8,10,9,9,13,14,16,13,22,28,21,19,26,14,34,19,10,12,8,10,5,6,3,2,2,1,0,0,0,0,0,0,0,0,0,0,0,1,0,0,0,0,0,0,0,0,0,0,0,1,0,1,0,1,1,0,0,1,0,0,0,1,2,2,4,4,0,4,4,5,5,6,3,5,4,6,7,8,6,10,6,9,4,4,18,13,15,14,7,14,5,11,15,8,6,16,18,10,9,5,5,6,6,6,2,4,6,2,3,2,4,1,2,2,0,2,0,1,0,0,0,0,0,0,0,0,0,0,0,0,0,0,0
20240407416-00,207754902,15193378,87.745,1017,+2% ~ -2%,기/A값/순,본관 수술장 확충 및 리모델링 공사(2차) (통신),서울대학교병원,서울,0.17928,1,15,19,69,372,93,63,15,7,1,0,1,7,8,2,17,24,45,209,163,55,38,35,28,7,8,6,1,0,1,0,0,1,0,0,1,2,5,3,4,1,0,2,4,12,8,11,11,10,29,87,78,81,77,49,20,24,20,11,18,16,14,11,13,9,2,1,7,5,0,4,2,0,1,0,0,0,0,1,0,0,0,0,0,0,1,0,0,0,0,0,1,1,1,4,1,2,1,1,3,1,0,0,0,1,1,1,3,4,8,4,4,7,4,5,6,4,6,13,16,38,49,32,46,44,37,39,38,30,19,13,7,8,16,11,9,7,4,6,12,8,8,6,8,5,6,5,8,4,5,2,0,0,1,4,3,1,4,0,0,2,2,0,2,0,0,0,1,0,0,0,0,0,0,0,0,0,1,0,0
E012403046,180540800,9941163,87.745,828,+2% ~ -2%,기/A값/순,지하전력구 PS-LTE 비상통신망 2차 구축공사,한국전력공사,서울,-0.34151,1,15,19,69,183,93,63,15,7,1,0,1,7,8,2,17,24,45,132,51,55,38,35,28,7,8,6,1,0,1,0,0,1,0,0,1,2,5,3,4,1,0,2,4,12,8,11,11,10,29,87,32,21,22,21,20,24,20,11,18,16,14,11,13,9,2,1,7,5,0,4,2,0,1,0,0,0,0,1,0,0,0,0,0,0,1,0,0,0,0,0,1,1,1,4,1,2,1,1,3,1,0,0,0,1,1,1,3,4,8,4,4,7,4,5,6,4,6,13,16,38,49,21,11,13,8,10,12,13,8,13,7,8,16,11,9,7,4,6,12,8,8,6,8,5,6,5,8,4,5,2,0,0,1,4,3,1,4,0,0,2,2,0,2,0,0,0,1,0,0,0,0,0,0,0,0,0,1,0,0
20240333825-00,452204000,25977558,87.745,1014,+2% ~ -2%,기/A값/순/협정,00검색센터 통신설비공사,서울지방조달청/대통령경호처,서울,0.255,1,15,19,69,369,93,63,15,7,1,0,1,7,8,2,17,24,45,209,160,55,38,35,28,7,8,6,1,0,1,0,0,1,0,0,1,2,5,3,4,1,0,2,4,12,8,11,11,10,29,87,78,81,77,46,20,24,20,11,18,16,14,11,13,9,2,1,7,5,0,4,2,0,1,0,0,0,0,1,0,0,0,0,0,0,1,0,0,0,0,0,1,1,1,4,1,2,1,1,3,1,0,0,0,1,1,1,3,4,8,4,4,7,4,5,6,4,6,13,16,38,49,32,46,44,37,39,38,30,16,13,7,8,16,11,9,7,4,6,12,8,8,6,8,5,6,5,8,4,5,2,0,0,1,4,3,1,4,0,0,2,2,0,2,0,0,0,1,0,0,0,0,0,0,0,0,0,1,0,0
20240312799-00,183224000,11350815,87.745,1080,+2% ~ -2%,기/A값/순,개방형 양자연구소 증축공사(통신),한국과학기술연구원,서울,0.00402,1,15,19,69,382,146,63,15,7,1,0,1,7,8,2,17,24,45,209,173,108,38,35,28,7,8,6,1,0,1,0,0,1,0,0,1,2,5,3,4,1,0,2,4,12,8,11,11,10,29,87,78,81,77,59,53,44,20,11,18,16,14,11,13,9,2,1,7,5,0,4,2,0,1,0,0,0,0,1,0,0,0,0,0,0,1,0,0,0,0,0,1,1,1,4,1,2,1,1,3,1,0,0,0,1,1,1,3,4,8,4,4,7,4,5,6,4,6,13,16,38,49,32,46,44,37,39,38,30,29,30,23,20,24,11,9,7,4,6,12,8,8,6,8,5,6,5,8,4,5,2,0,0,1,4,3,1,4,0,0,2,2,0,2,0,0,0,1,0,0,0,0,0,0,0,0,0,1,0,0
20240345994-00,84370000,4133869,87.745,3247,+2% ~ -2%,기/A값/순,13층 음압격리병실 설치공사(통신),국민건강보험공단,서울/인천/경기,0.59479,18,80,150,415,847,703,437,145,55,16,3,15,30,50,60,90,152,263,420,427,340,363,261,176,79,66,36,19,6,10,1,1,6,5,5,6,8,24,19,23,18,23,31,37,41,50,71,67,89,138,169,159,181,178,160,121,143,160,145,134,109,114,84,76,54,31,31,29,30,24,16,13,10,13,3,3,2,3,6,2,0,1,0,1,1,5,4,1,3,2,1,5,6,2,16,8,12,7,9,14,8,10,11,12,19,12,12,25,18,23,23,27,37,34,31,36,43,46,57,81,81,88,72,87,92,89,88,90,83,77,64,57,66,77,76,84,78,67,67,67,57,52,50,64,38,46,41,35,25,29,18,13,10,21,17,12,18,12,15,9,11,5,5,8,7,3,8,5,1,2,1,2,1,1,1,2,3,3,1,1
E012402689,235722300,14607927,87.745,835,+2% ~ -2%,기/A값/순,방학사거리 배전자가망 지중화공사,한국전력공사,서울,-0.45603,1,15,19,69,190,93,63,15,7,1,0,1,7,8,2,17,24,45,139,51,55,38,35,28,7,8,6,1,0,1,0,0,1,0,0,1,2,5,3,4,1,0,2,4,12,8,11,11,10,29,87,39,21,22,21,20,24,20,11,18,16,14,11,13,9,2,1,7,5,0,4,2,0,1,0,0,0,0,1,0,0,0,0,0,0,1,0,0,0,0,0,1,1,1,4,1,2,1,1,3,1,0,0,0,1,1,1,3,4,8,4,4,7,4,5,6,4,6,13,16,38,49,28,11,13,8,10,12,13,8,13,7,8,16,11,9,7,4,6,12,8,8,6,8,5,6,5,8,4,5,2,0,0,1,4,3,1,4,0,0,2,2,0,2,0,0,0,1,0,0,0,0,0,0,0,0,0,1,0,0
E012402541,295023300,19558442,87.745,2663,+2% ~ -2%,기/A값/순,시흥장현C/T 외 3개소 지하전력구 재난안전통신망 시설공사,한국전력공사,서울/인천/경기,0.03274,18,80,150,403,555,423,437,145,55,16,3,15,30,50,60,90,152,251,301,254,185,238,261,176,79,66,36,19,6,10,1,1,6,5,5,6,8,24,19,23,18,23,31,37,41,50,71,67,89,126,121,115,118,115,86,69,79,83,85,107,109,114,84,76,54,31,31,29,30,24,16,13,10,13,3,3,2,3,6,2,0,1,0,1,1,5,4,1,3,2,1,5,6,2,16,8,12,7,9,14,8,10,11,12,19,12,12,25,18,23,23,27,37,34,31,36,43,46,57,69,59,62,48,67,65,53,57,58,43,43,39,30,33,46,37,46,43,42,41,66,57,52,50,64,38,46,41,35,25,29,18,13,10,21,17,12,18,12,15,9,11,5,5,8,7,3,8,5,1,2,1,2,1,1,1,2,3,3,1,1
E012402445,77592273,904077,87.745,822,+2% ~ -2%,기/A값/순,탄천-선릉 전력구 통신케이블 지장 이설공사(전자제어부),한국전력공사,서울,-0.76064,1,15,19,69,177,93,63,15,7,1,0,1,7,8,2,17,24,45,126,51,55,38,35,28,7,8,6,1,0,1,0,0,1,0,0,1,2,5,3,4,1,0,2,4,12,8,11,11,10,29,87,26,21,22,21,20,24,20,11,18,16,14,11,13,9,2,1,7,5,0,4,2,0,1,0,0,0,0,1,0,0,0,0,0,0,1,0,0,0,0,0,1,1,1,4,1,2,1,1,3,1,0,0,0,1,1,1,3,4,8,4,4,7,4,5,6,4,6,13,16,38,49,15,11,13,8,10,12,13,8,13,7,8,16,11,9,7,4,6,12,8,8,6,8,5,6,5,8,4,5,2,0,0,1,4,3,1,4,0,0,2,2,0,2,0,0,0,1,0,0,0,0,0,0,0,0,0,1,0,0
20240322225-01,66701660,0,87.745,1099,+2% ~ -2%,기/정/수의,서울관악경찰서 청사 리모델링 통신공사 (정정공고),경찰청,서울,-0.45046,1,2,6,37,65,116,89,32,5,0,1,0,0,2,3,3,14,23,30,35,64,52,58,31,20,12,5,0,0,0,0,0,1,0,0,0,0,0,1,1,2,0,1,0,3,6,4,8,10,9,9,13,14,16,13,22,28,21,19,26,14,34,19,10,12,8,10,5,6,3,2,2,1,0,0,0,0,0,0,0,0,0,0,0,1,0,0,0,0,0,0,0,0,0,0,0,1,0,1,0,1,1,0,0,1,0,0,0,1,2,2,4,4,0,4,4,5,5,6,3,5,4,6,7,8,6,10,6,9,4,4,18,13,15,14,7,14,5,11,15,8,6,16,18,10,9,5,5,6,6,6,2,4,6,2,3,2,4,1,2,2,0,2,0,1,0,0,0,0,0,0,0,0,0,0,0,0,0,0,0
20240231778-00,1962797000,114698265,86.745,2801,+2% ~ -2%,기/A값/순/의무,2024년 서울청 국도ITS 연간 유지보수공사 (긴급공고),서울지방조달청/국토교통부,전국/서울/인천/경기,-0.25975,18,80,150,403,555,561,437,145,55,16,3,15,30,50,60,90,152,251,301,254,198,363,261,176,79,66,36,19,6,10,1,1,6,5,5,6,8,24,19,23,18,23,31,37,41,50,71,67,89,126,121,115,118,115,86,69,79,134,145,134,109,114,84,76,54,31,31,29,30,24,16,13,10,13,3,3,2,3,6,2,0,1,0,1,1,5,4,1,3,2,1,5,6,2,16,8,12,7,9,14,8,10,11,12,19,12,12,25,18,23,23,27,37,34,31,36,43,46,57,69,59,62,48,67,65,53,57,58,43,43,39,30,33,46,50,84,78,67,67,67,57,52,50,64,38,46,41,35,25,29,18,13,10,21,17,12,18,12,15,9,11,5,5,8,7,3,8,5,1,2,1,2,1,1,1,2,3,3,1,1
E012401732,211493700,13971380,87.745,821,+2% ~ -2%,기/A값/순,사당로 배전자동화 자가 광케이블 이설공사(ICT운영부),한국전력공사,서울,-0.2319,1,15,19,69,176,93,63,15,7,1,0,1,7,8,2,17,24,45,125,51,55,38,35,28,7,8,6,1,0,1,0,0,1,0,0,1,2,5,3,4,1,0,2,4,12,8,11,11,10,29,87,25,21,22,21,20,24,20,11,18,16,14,11,13,9,2,1,7,5,0,4,2,0,1,0,0,0,0,1,0,0,0,0,0,0,1,0,0,0,0,0,1,1,1,4,1,2,1,1,3,1,0,0,0,1,1,1,3,4,8,4,4,7,4,5,6,4,6,13,16,38,49,14,11,13,8,10,12,13,8,13,7,8,16,11,9,7,4,6,12,8,8,6,8,5,6,5,8,4,5,2,0,0,1,4,3,1,4,0,0,2,2,0,2,0,0,0,1,0,0,0,0,0,0,0,0,0,1,0,0
20240237654-00,67698400,0,87.745,1114,+2% ~ -2%,기/수의/협정,국립고궁박물관 2층 상설전시실 개편공사(통신),문화재청,서울,0.3948,1,2,6,37,65,116,89,32,5,0,1,0,0,2,3,3,14,23,30,35,64,52,58,31,20,12,5,0,0,0,0,0,1,0,0,0,0,0,1,1,2,0,1,0,3,6,4,8,10,9,9,13,14,16,13,22,28,21,19,26,14,34,19,10,12,8,10,5,6,3,2,2,1,0,0,0,0,0,0,0,0,0,0,0,1,0,0,0,0,0,0,0,0,0,0,0,1,0,1,0,1,1,0,0,1,0,0,0,1,2,2,4,4,0,4,4,5,5,6,3,5,4,6,7,8,6,10,6,9,4,4,18,13,15,14,7,14,5,11,15,8,6,16,18,10,9,5,5,6,6,6,2,4,6,2,3,2,4,1,2,2,0,2,0,1,0,0,0,0,0,0,0,0,0,0,0,0,0,0,0
20240230712-00,147304000,0,87.745,1185,+2% ~ -2%,수의,범죄피해자 원스톱 솔루션 센터 리모델링 통신공사,법무부,서울,0.65853,1,2,6,37,65,116,89,32,5,0,1,0,0,2,3,3,14,23,30,35,64,52,58,31,20,12,5,0,0,0,0,0,1,0,0,0,0,0,1,1,2,0,1,0,3,6,4,8,10,9,9,13,14,16,13,22,28,21,19,26,14,34,19,10,12,8,10,5,6,3,2,2,1,0,0,0,0,0,0,0,0,0,0,0,1,0,0,0,0,0,0,0,0,0,0,0,1,0,1,0,1,1,0,0,1,0,0,0,1,2,2,4,4,0,4,4,5,5,6,3,5,4,6,7,8,6,10,6,9,4,4,18,13,15,14,7,14,5,11,15,8,6,16,18,10,9,5,5,6,6,6,2,4,6,2,3,2,4,1,2,2,0,2,0,1,0,0,0,0,0,0,0,0,0,0,0,0,0,0,0
20240120690-00,787674000,55045984,87.745,1029,+2% ~ -2%,기/A값/순/협정,도서관 및 학생회관 개축 통신공사,서울지방조달청/서울과학기술대학교,서울,-0.253,1,15,19,69,382,95,63,15,7,1,0,1,7,8,2,17,24,45,209,173,57,38,35,28,7,8,6,1,0,1,0,0,1,0,0,1,2,5,3,4,1,0,2,4,12,8,11,11,10,29,87,78,81,77,59,22,24,20,11,18,16,14,11,13,9,2,1,7,5,0,4,2,0,1,0,0,0,0,1,0,0,0,0,0,0,1,0,0,0,0,0,1,1,1,4,1,2,1,1,3,1,0,0,0,1,1,1,3,4,8,4,4,7,4,5,6,4,6,13,16,38,49,32,46,44,37,39,38,30,29,15,7,8,16,11,9,7,4,6,12,8,8,6,8,5,6,5,8,4,5,2,0,0,1,4,3,1,4,0,0,2,2,0,2,0,0,0,1,0,0,0,0,0,0,0,0,0,1,0,0
20240210785-00,176630000,6955403,87.745,1003,+2% ~ -2%,기/A값/순,의원회관 주차안내설비 교체공사(2차),국회,서울,0.84502,1,15,19,69,358,93,63,15,7,1,0,1,7,8,2,17,24,45,209,149,55,38,35,28,7,8,6,1,0,1,0,0,1,0,0,1,2,5,3,4,1,0,2,4,12,8,11,11,10,29,87,78,81,77,35,20,24,20,11,18,16,14,11,13,9,2,1,7,5,0,4,2,0,1,0,0,0,0,1,0,0,0,0,0,0,1,0,0,0,0,0,1,1,1,4,1,2,1,1,3,1,0,0,0,1,1,1,3,4,8,4,4,7,4,5,6,4,6,13,16,38,49,32,46,44,37,39,38,27,8,13,7,8,16,11,9,7,4,6,12,8,8,6,8,5,6,5,8,4,5,2,0,0,1,4,3,1,4,0,0,2,2,0,2,0,0,0,1,0,0,0,0,0,0,0,0,0,1,0,0
20240208694-00,13090000,0,87.745,712,+2% ~ -2%,기/수의,수도전기공고 실습장 재구조화 따른 환경개선 통신공사,서울특별시교육청,서울,-0.06589,1,2,6,37,65,116,89,32,5,0,1,0,0,2,3,3,14,23,30,35,64,52,58,31,20,12,5,0,0,0,0,0,1,0,0,0,0,0,1,1,2,0,1,0,3,6,4,8,10,9,9,13,14,16,13,22,28,21,19,26,14,34,19,10,12,8,10,5,6,3,2,2,1,0,0,0,0,0,0,0,0,0,0,0,1,0,0,0,0,0,0,0,0,0,0,0,1,0,1,0,1,1,0,0,1,0,0,0,1,2,2,4,4,0,4,4,5,5,6,3,5,4,6,7,8,6,10,6,9,4,4,18,13,15,14,7,14,5,11,15,8,6,16,18,10,9,5,5,6,6,6,2,4,6,2,3,2,4,1,2,2,0,2,0,1,0,0,0,0,0,0,0,0,0,0,0,0,0,0,0
20240211074-00,41247000,2251600,87.745,927,+2% ~ -2%,기/A값/순,캠퍼스안전반(관악 101동) 사무실 조성 통신공사 (긴급공고),서울대학교,서울,0.14437,1,15,19,69,282,93,63,15,7,1,0,1,7,8,2,17,24,45,209,73,55,38,35,28,7,8,6,1,0,1,0,0,1,0,0,1,2,5,3,4,1,0,2,4,12,8,11,11,10,29,87,78,74,22,21,20,24,20,11,18,16,14,11,13,9,2,1,7,5,0,4,2,0,1,0,0,0,0,1,0,0,0,0,0,0,1,0,0,0,0,0,1,1,1,4,1,2,1,1,3,1,0,0,0,1,1,1,3,4,8,4,4,7,4,5,6,4,6,13,16,38,49,32,46,44,30,10,12,13,8,13,7,8,16,11,9,7,4,6,12,8,8,6,8,5,6,5,8,4,5,2,0,0,1,4,3,1,4,0,0,2,2,0,2,0,0,0,1,0,0,0,0,0,0,0,0,0,1,0,0
20240134686-00,82706000,0,87.745,1138,+2% ~ -2%,수의,2023 동일여고 수덕관4층 고교학점제 학교공간조성 통신공사,서울특별시교육청,서울,0.47284,1,2,6,37,65,116,89,32,5,0,1,0,0,2,3,3,14,23,30,35,64,52,58,31,20,12,5,0,0,0,0,0,1,0,0,0,0,0,1,1,2,0,1,0,3,6,4,8,10,9,9,13,14,16,13,22,28,21,19,26,14,34,19,10,12,8,10,5,6,3,2,2,1,0,0,0,0,0,0,0,0,0,0,0,1,0,0,0,0,0,0,0,0,0,0,0,1,0,1,0,1,1,0,0,1,0,0,0,1,2,2,4,4,0,4,4,5,5,6,3,5,4,6,7,8,6,10,6,9,4,4,18,13,15,14,7,14,5,11,15,8,6,16,18,10,9,5,5,6,6,6,2,4,6,2,3,2,4,1,2,2,0,2,0,1,0,0,0,0,0,0,0,0,0,0,0,0,0,0,0
20240121986-00,4950000,0,87.745,302,+2% ~ -2%,기/수의,수도전기공고 마이스터고 재도약에 따른 실습장 환경개선 통신공사,서울특별시교육청,서울,-0.15304,0,1,4,22,44,100,89,32,5,0,0,0,0,1,2,2,9,13,22,22,48,52,58,31,20,12,5,0,0,0,0,0,0,0,0,0,0,0,1,0,2,0,0,0,2,3,2,7,5,5,6,11,9,8,10,11,23,21,19,26,14,34,19,10,12,8,10,5,6,3,2,2,1,0,0,0,0,0,0,0,0,0,0,0,0,0,0,0,0,0,0,0,0,0,0,0,1,0,0,0,1,1,0,0,0,0,0,0,1,1,1,2,2,0,4,3,1,4,3,2,3,3,6,5,5,4,6,2,6,4,1,10,9,14,14,7,14,5,11,15,8,6,16,18,10,9,5,5,6,6,6,2,4,6,2,3,2,4,1,2,2,0,2,0,1,0,0,0,0,0,0,0,0,0,0,0,0,0,0,0
20240119037-00,1021251000,68212430,87.745,982,+2% ~ -2%,기/A값/순,서울대학교 치의학대학원 본관동 증축 통신공사 (긴급공고),서울대학교,서울,-0.5495,1,15,19,69,337,93,63,15,7,1,0,1,7,8,2,17,24,45,209,128,55,38,35,28,7,8,6,1,0,1,0,0,1,0,0,1,2,5,3,4,1,0,2,4,12,8,11,11,10,29,87,78,81,70,21,20,24,20,11,18,16,14,11,13,9,2,1,7,5,0,4,2,0,1,0,0,0,0,1,0,0,0,0,0,0,1,0,0,0,0,0,1,1,1,4,1,2,1,1,3,1,0,0,0,1,1,1,3,4,8,4,4,7,4,5,6,4,6,13,16,38,49,32,46,44,37,39,31,13,8,13,7,8,16,11,9,7,4,6,12,8,8,6,8,5,6,5,8,4,5,2,0,0,1,4,3,1,4,0,0,2,2,0,2,0,0,0,1,0,0,0,0,0,0,0,0,0,1,0,0
20240108595-00,74959000,0,87.745,854,+2% ~ -2%,기/수의,웹 스튜디오 조명 및 기반 시스템 공사 (긴급공고),한국방송통신대학교,서울,0.26084,1,2,6,37,65,116,89,32,5,0,1,0,0,2,3,3,14,23,30,35,64,52,58,31,20,12,5,0,0,0,0,0,1,0,0,0,0,0,1,1,2,0,1,0,3,6,4,8,10,9,9,13,14,16,13,22,28,21,19,26,14,34,19,10,12,8,10,5,6,3,2,2,1,0,0,0,0,0,0,0,0,0,0,0,1,0,0,0,0,0,0,0,0,0,0,0,1,0,1,0,1,1,0,0,1,0,0,0,1,2,2,4,4,0,4,4,5,5,6,3,5,4,6,7,8,6,10,6,9,4,4,18,13,15,14,7,14,5,11,15,8,6,16,18,10,9,5,5,6,6,6,2,4,6,2,3,2,4,1,2,2,0,2,0,1,0,0,0,0,0,0,0,0,0,0,0,0,0,0,0
20240103196-00,737688000,50479389,87.745,1007,+2% ~ -2%,기/A값/순/협정,국립한국문학관 건립 통신공사,서울지방조달청/문화체육관광부,서울,0.22625,1,15,19,69,362,93,63,15,7,1,0,1,7,8,2,17,24,45,209,153,55,38,35,28,7,8,6,1,0,1,0,0,1,0,0,1,2,5,3,4,1,0,2,4,12,8,11,11,10,29,87,78,81,77,39,20,24,20,11,18,16,14,11,13,9,2,1,7,5,0,4,2,0,1,0,0,0,0,1,0,0,0,0,0,0,1,0,0,0,0,0,1,1,1,4,1,2,1,1,3,1,0,0,0,1,1,1,3,4,8,4,4,7,4,5,6,4,6,13,16,38,49,32,46,44,37,39,38,30,9,13,7,8,16,11,9,7,4,6,12,8,8,6,8,5,6,5,8,4,5,2,0,0,1,4,3,1,4,0,0,2,2,0,2,0,0,0,1,0,0,0,0,0,0,0,0,0,1,0,0
20240101641-00,154406700,0,87.745,1144,+2% ~ -2%,기/수의/협정,경찰청 강당 보수 통신공사,경찰청,서울,-0.35621,1,2,6,37,65,116,89,32,5,0,1,0,0,2,3,3,14,23,30,35,64,52,58,31,20,12,5,0,0,0,0,0,1,0,0,0,0,0,1,1,2,0,1,0,3,6,4,8,10,9,9,13,14,16,13,22,28,21,19,26,14,34,19,10,12,8,10,5,6,3,2,2,1,0,0,0,0,0,0,0,0,0,0,0,1,0,0,0,0,0,0,0,0,0,0,0,1,0,1,0,1,1,0,0,1,0,0,0,1,2,2,4,4,0,4,4,5,5,6,3,5,4,6,7,8,6,10,6,9,4,4,18,13,15,14,7,14,5,11,15,8,6,16,18,10,9,5,5,6,6,6,2,4,6,2,3,2,4,1,2,2,0,2,0,1,0,0,0,0,0,0,0,0,0,0,0,0,0,0,0
20231245452-00,707872000,49710894,87.745,1003,+2% ~ -2%,기/A값/순,"서울대학교 음악대학(54,55동) 리모델링 및 보건대학원(221동) 증축 통신공사 (긴급공고)",서울대학교,서울,-0.04325,1,15,19,69,358,93,63,15,7,1,0,1,7,8,2,17,24,45,209,149,55,38,35,28,7,8,6,1,0,1,0,0,1,0,0,1,2,5,3,4,1,0,2,4,12,8,11,11,10,29,87,78,81,77,35,20,24,20,11,18,16,14,11,13,9,2,1,7,5,0,4,2,0,1,0,0,0,0,1,0,0,0,0,0,0,1,0,0,0,0,0,1,1,1,4,1,2,1,1,3,1,0,0,0,1,1,1,3,4,8,4,4,7,4,5,6,4,6,13,16,38,49,32,46,44,37,39,38,27,8,13,7,8,16,11,9,7,4,6,12,8,8,6,8,5,6,5,8,4,5,2,0,0,1,4,3,1,4,0,0,2,2,0,2,0,0,0,1,0,0,0,0,0,0,0,0,0,1,0,0
20231244916-00,175470588,13466536,87.745,1054,+2% ~ -2%,기/A값/순,현대그룹빌딩 서관 교수실 조성 공사(통신),서울대학교병원,서울,0.31401,1,15,19,69,382,120,63,15,7,1,0,1,7,8,2,17,24,45,209,173,82,38,35,28,7,8,6,1,0,1,0,0,1,0,0,1,2,5,3,4,1,0,2,4,12,8,11,11,10,29,87,78,81,77,59,47,24,20,11,18,16,14,11,13,9,2,1,7,5,0,4,2,0,1,0,0,0,0,1,0,0,0,0,0,0,1,0,0,0,0,0,1,1,1,4,1,2,1,1,3,1,0,0,0,1,1,1,3,4,8,4,4,7,4,5,6,4,6,13,16,38,49,32,46,44,37,39,38,30,29,30,17,8,16,11,9,7,4,6,12,8,8,6,8,5,6,5,8,4,5,2,0,0,1,4,3,1,4,0,0,2,2,0,2,0,0,0,1,0,0,0,0,0,0,0,0,0,1,0,0
20231243445-00,38772000,0,87.745,950,+2% ~ -2%,수의,수도전기공고 관리실 및 기타 환경개선 통신공사,서울특별시교육청,서울,0.07666,1,2,6,37,65,116,89,32,5,0,1,0,0,2,3,3,14,23,30,35,64,52,58,31,20,12,5,0,0,0,0,0,1,0,0,0,0,0,1,1,2,0,1,0,3,6,4,8,10,9,9,13,14,16,13,22,28,21,19,26,14,34,19,10,12,8,10,5,6,3,2,2,1,0,0,0,0,0,0,0,0,0,0,0,1,0,0,0,0,0,0,0,0,0,0,0,1,0,1,0,1,1,0,0,1,0,0,0,1,2,2,4,4,0,4,4,5,5,6,3,5,4,6,7,8,6,10,6,9,4,4,18,13,15,14,7,14,5,11,15,8,6,16,18,10,9,5,5,6,6,6,2,4,6,2,3,2,4,1,2,2,0,2,0,1,0,0,0,0,0,0,0,0,0,0,0,0,0,0,0
20231241878-00,62655000,2883709,87.745,1004,+2% ~ -2%,기/A값/순,[긴급] 등촌중학교 내진보강 및 기타 통신공사 (긴급공고),서울특별시강서교육청,서울,0.42857,1,15,19,69,359,93,63,15,7,1,0,1,7,8,2,17,24,45,209,150,55,38,35,28,7,8,6,1,0,1,0,0,1,0,0,1,2,5,3,4,1,0,2,4,12,8,11,11,10,29,87,78,81,77,36,20,24,20,11,18,16,14,11,13,9,2,1,7,5,0,4,2,0,1,0,0,0,0,1,0,0,0,0,0,0,1,0,0,0,0,0,1,1,1,4,1,2,1,1,3,1,0,0,0,1,1,1,3,4,8,4,4,7,4,5,6,4,6,13,16,38,49,32,46,44,37,39,38,28,8,13,7,8,16,11,9,7,4,6,12,8,8,6,8,5,6,5,8,4,5,2,0,0,1,4,3,1,4,0,0,2,2,0,2,0,0,0,1,0,0,0,0,0,0,0,0,0,1,0,0
