id,공고번호,공고제목,발주처(수요기관),지역제한,기초금액,예정가격,예가범위,A값,투찰률(%),참여업체수,공고구분표시,정답사정률(%)
1,20191238693-00,2020년 남양주시 도서관 정보화시스템 유지보수 용역,경기도,서울/경기,46382000,46237575,+3% ~ -3%,0,88,16,수의,-0.31139
2,20191237939-00,대림대학교 실습실 및 강의실 환경 개선 공사(1차)-통신공사,대림대학교,서울/인천/경기,23742000,23646250,+2% ~ -2%,1018128,87.745,2040,A값,-0.40330
3,20191232970-00,체육관 방송장비개선 공사,서울특별시교육청,서울,34507000,34360550,+2% ~ -2%,0,87.745,933,수의,-0.42441
4,20191235488-00,2020년 터널 및 지하차도 CCTV시스템 유지관리 용역,서울특별시,서울,38940000,39242550,+3% ~ -3%,0,88,117,기/수의,0.77696
5,20191238770-00,"2020년 터널 및 지하차도 라디오, DMB 재방송설비 유지관리 용역(연간단가)-강서 (긴급공고)",서울특별시,서울,68371600,68995200,+3% ~ -3%,0,87.745,97,기,0.91207
6,20191234325-01,2020년 통신장비 유지보수 용역업체 선정,성동구도시관리공단,서울/경기,53780000,54671725,+3% ~ -3%,0,-,17,물품/기/정,1.65809
7,20191233293-00,잠실새내역 역사환경개선(냉방) PSD공사,서울교통공사,서울,442218150,443864350,+3% ~ -3%,0,86.745,930,기,0.37225
8,20191232440-00,서울의료원 가임클리닉 시술연구부 구축 통신공사,서울특별시,서울,72644000,71968825,+3% ~ -3%,0,87.745,1081,수의,-0.92943
9,20191231870-00,구립옥수푸른숲어린이집(가칭) 건립 신축공사(통신),서울특별시,서울,62777000,62393150,+3% ~ -3%,0,87.745,1084,,-0.61146
10,20191213257-00,ICT 로봇 벤처리빙랩 통신공사,서울지방조달청/재단법인서울디지털재단,서울,122489000,122665750,+3% ~ -3%,0,87.745,938,기/협정,0.14429
11,20191234333-00,2020년 광진문화재단 전광판 유지관리 용역,(재)광진문화재단,서울/경기,18000000,17915000,+3% ~ -3%,0,90,43,수의,-0.47223
12,20191235156-00,2호선 역사 내진보강공사에 따른 정보통신공사 (긴급공고),서울교통공사,서울,232232550,228174925,+3% ~ -3%,0,87.745,966,기,-1.74723
13,20191235094-00,3호선 역사 내진보강공사에 따른 정보통신공사 (긴급공고),서울교통공사,서울,219620610,219397750,+3% ~ -3%,0,87.745,973,기,-0.10148
14,20191235034-00,4호선 역사 내진보강공사에 따른 정보통신공사 (긴급공고),서울교통공사,서울,122011450,122617600,+3% ~ -3%,0,87.745,972,기,0.49679
15,20191234766-00,2020년 다기능사무기기 유지보수 (긴급공고),서울특별시/서울특별시,서울,107250650,107409425,+3% ~ -3%,0,87.745,45,기/협정,0.14804
16,20191233375-00,통합방범모듈 제조·구매 설치,서울특별시,서울,193658000,193137100,+3% ~ -3%,0,87.945,79,물품,-0.26898
17,20191231460-00,승강장안전문 장애물검지센서 모니터링 시스템 설치 공사(2차),서울교통공사,서울,505079970,507332700,+3% ~ -3%,0,86.745,314,기,0.44601
18,20191229226-00,중앙선 청량리역 승강장 개량에 따른 통신설비 개량공사,한국철도공사,서울,164813000,164998450,+2% ~ -2%,6926279,87.745,947,기/A값,0.11252
19,20191228716-01,서울대학교 의과대학 의학도서관 이전 통신 공사 (긴급공고) (정정공고),서울대학교,서울,249689000,248394400,+2% ~ -2%,9916486,87.745,970,기/정/A값,-0.51849
20,20191226211-01,2020년 서초구립도서관(5개관) 정보화시스템 유지보수[긴급] (긴급공고) (정정공고),재단법인,서울/인천/경기,143200000,141670300,+3% ~ -3%,0,87.745,32,기/정,-1.06823
21,20191226982-00,2020년 음향설비 유지관리 용역,서울특별시/서울특별시,서울,165880000,165940200,+3% ~ -3%,0,87.745,54,기,0.03629
22,52768,20-Y-IP교환기 유지보수 용역,연평부대,서울/인천/경기,21332000,21190910,0.0% ~ -2.0%,0,88,54,기/수의,-0.66141
23,20191229364-01,2020년 시흥시 도서관 자동화장비 통합유지보수 용역,경기도,서울/경기,66791000,66957375,+3% ~ -3%,0,87.745,18,기/정/연기,0.24909
24,20191228277-00,2020년 중랑구시설관리공단 전산시스템 통합유지보수 용역(긴급),중랑구시설관리공단,서울,98741000,98095525,+3% ~ -3%,0,87.745,22,기/연기,-0.65371
25,20191212101-00,잠실새내역 역사 환경개선(냉방) 정보통신공사,서울교통공사,전국/서울,2078092110,2067535450,+3% ~ -3%,0,86.745,909,기/연기/의무,-0.50800
26,20191208982-01,[변경공고]게임인재원 교육공간 구축 통신공사 (정정공고),한국콘텐츠진흥원,서울/인천/경기,21140000,21162450,+2% ~ -2%,1212832,87.745,1943,기/정/A값/연기,0.10619
27,20191224873-00,남가좌2동주민센터 리모델링 통신공사,서울특별시,서울,35040000,34647950,+3% ~ -3%,0,87.745,1015,수의,-1.11887
28,20191226640-00,2020년 대기오염 옥외전광판 유지보수 용역,인천광역시,서울/인천/경기,29986000,29897750,+3% ~ -3%,0,88,16,기/수의,-0.29431
29,20191224738-00,신월중 시청각실 환경개선 통신공사,서울특별시교육청,서울,35535000,35088725,+3% ~ -3%,0,87.745,993,기/수의,-1.25588
30,20191224735-00,수명유치원 외 1원(신정유) 환경개선 통신공사,서울특별시교육청,서울,39943000,39962525,+3% ~ -3%,0,87.745,1004,기/수의,0.04888
31,20191222329-00,성내도서관 정보통신시설 이전 및 설치 공사,서울특별시,서울,39358000,39417100,+3% ~ -3%,0,87.745,1006,수의,0.15016
32,20191221738-00,2020년도 강남지사 수질분석설비 유지보수용역,한국지역난방공사,서울,27049000,27251650,+2% ~ -2%,0,87.995,30,기,0.74919
33,20191223028-00,2020년도 주차검지시스템 유지보수 용역,서울시설공단,서울/경기,40689000,39962850,+3% ~ -3%,0,88,126,수의,-1.78464
34,20191224325-00,남대문시장 삼익패션타운 CCTV 설치공사,서울특별시,서울,48532000,47872750,+3% ~ -3%,0,87.745,1025,기/수의,-1.35839
35,20191223845-00,통합민원실 설치 및 정비 통신공사 (긴급공고),서울특별시,서울,256700000,256978600,+3% ~ -3%,0,87.745,989,기,0.10853
36,20191219192-00,내곡동종합시설 리모델링공사(통신),서울특별시,서울,145750000,146021875,+3% ~ -3%,0,87.745,1011,기,0.18653
37,20191216670-00,2019년 북한산 사기막야영장 조성공사(통신),국립공원공단,서울/경기,103570000,102999875,+2% ~ -2%,5249780,87.745,2239,기/A값,-0.55048
38,2019-24947,00부대 취사식당 통신공사(신-19-4),특수전사령부,서울,44897990,44351567,0.0% ~ -2.0%,0,87.745,769,기/수의,-1.21704
39,20191221516-00,2020년 서울시설공단 행정통신망 유지보수 용역,서울시설공단,서울,22768000,23024550,+3% ~ -3%,0,88,12,기/수의,1.12680
40,20191217737-00,교통정보시스템 센터 전산장비(서버 등) 유지보수,성남도시개발공사,서울/경기,49612000,50201450,+3% ~ -3%,0,88,11,기/수의,1.18811
41,20191210796-01,서울잠일초등학교 방송시설개선 통신공사 (공고),서울특별시강동교육청,서울,179462000,178176200,+3% ~ -3%,0,87.745,1038,정,-0.71648
42,20191221573-00,염창중 급식시설 증축 통신공사,서울특별시교육청,서울,31556000,31783950,+3% ~ -3%,0,87.745,925,수의,0.72236
43,20191220768-00,강서구 청소년상담복지센터 신축 통신공사,서울특별시,서울,61083000,60993875,+3% ~ -3%,0,87.745,1086,수의,-0.14591
44,20191220034-00,목동중 소통어울림 교무행정실 개선 통신공사,서울특별시교육청,서울,43768000,43725150,+3% ~ -3%,0,87.745,1022,수의,-0.09791
45,20191219177-00,동일여상고 비중확대 실습실 개선공사(통신),서울특별시교육청,서울,44084000,44187425,+2% ~ -2%,0,87.745,1026,수의,0.23460
46,20191223205-01,(긴급)청원고등학교 석면 해체 제거에 따른 본관동 통신 공사 (긴급공고) (정정공고),서울특별시교육청,서울,62970000,62833575,+2% ~ -2%,0,87.745,870,기/정/수의,-0.21666
47,20191218373-00,대진디자인고 방송선로개선공사 입찰공고 (긴급공고),서울특별시교육청,서울,170033000,168964400,+2% ~ -2%,2173518,87.745,956,A값,-0.62847
48,20191212591-00,2020년 터널 라디오 재방송설비 유지관리 용역(연간단가),서울특별시,서울,23768000,23719450,+3% ~ -3%,0,88,89,기/수의,-0.20427
49,20191217765-00,(긴급)강동송파교육지원청 청사 증축 통신공사 입찰 공고 (긴급공고),서울특별시교육청,서울,92046000,91918325,+3% ~ -3%,0,87.745,961,기,-0.13871
50,50321,19년 전산부수장비 구매 설치,국군수도병원,서울/경기,42512400,42836238,2.0% ~ -2.0%,0,87.995,23,물품/기,0.76174
51,20191212881-02,서울디자인창업센터 및 마포출판문화진흥센터 인테리어 공사(보통신) (긴급공고) (공고),서울특별시,서울,238232000,236149300,+3% ~ -3%,0,87.745,1001,정,-0.87424
52,20191212585-00,2020년 터널 및 지하차도 비상벨시스템 유지관리 용역,서울특별시,서울,23530000,23225300,+3% ~ -3%,0,88,99,기/수의,-1.29495
53,20191213653-00,2020년 본회의장 전광판 영상표출시스템 유지보수,서울특별시,서울,29627000,29921475,+3% ~ -3%,0,88,23,기/수의/협정,0.99394
54,20191212838-00,하계문화복지센터 신축 통신공사 (긴급공고),서울특별시,서울,128920000,128359250,+3% ~ -3%,0,87.745,1000,기,-0.43496
55,20191212581-00,2020년 터널 및 지하차도 CCTV 유지보수 용역(연간단가),서울특별시,서울,25204000,25142025,+3% ~ -3%,0,88,121,수의,-0.24590
56,49177,20년 전산장비 정비 용역,국군수도병원,서울/경기,91336960,91930779,2.0% ~ -2.0%,0,87.745,28,,0.65014
57,20191209884-00,2020년 공해차량 운행제한 단속시스템 유지관리 용역,인천광역시,서울/인천/경기,73520000,72912225,+3% ~ -3%,0,87.745,13,기/협정,-0.82668
58,20191207370-00,청소년수련관 키움센터 어린이도서관 통신공사,서울특별시,서울,16852000,16741875,+3% ~ -3%,0,87.745,791,기/수의,-0.65349
59,20191210054-00,중계마을복지센터 신축 통신공사 (긴급공고),서울특별시,서울,289195000,292650950,+3% ~ -3%,0,87.745,1025,기,1.19502
60,20191212291-00,청소년 문화의 집 건립 정보통신공사 (긴급공고),서울특별시,서울,214540000,212936350,+3% ~ -3%,0,87.745,1006,기,-0.74749
61,2019-24202,00부대 통신공사(19-152),제1596부대,서울,166037160,164824162,0.0% ~ -2.0%,0,87.745,773,,-0.73056
62,E011909077,2019년 계통보호용 전송설비 구축관련 전원설비 교체공사,한국전력공사,서울,30503152,30401439,2% ~ -2%,0,87.745,618,기/수의,-0.33346
63,20191210196-00,태랑초 급식실 증축 통신공사,서울특별시교육청,서울,29062000,28938150,+3% ~ -3%,0,87.745,904,기/수의,-0.42616
64,20191210174-00,시흥5동 새뜰마을사업 CCTV 설치공사,서울특별시,서울,67276000,67217675,+3% ~ -3%,0,87.745,1059,수의,-0.08670
65,20191209769-00,치매안심센터 증축 및 리모델링 통신공사,서울특별시,서울,64856000,63720925,+3% ~ -3%,0,87.745,1082,기/수의,-1.75015
66,20191204746-00,중앙선 청량리역 승강장 개량 관련 열차행선안내장치 신설기타공사,한국철도공사,서울,251668000,252680350,+2% ~ -2%,14329591,87.745,931,기/A값,0.40225
67,20191203862-00,2020년 본관 청사 통신공사(연간단가),서울특별시,서울,205871000,206580275,+3% ~ -3%,0,87.745,998,기,0.34452
68,20191203057-00,2019년 하반기 CCTV 통합영상관리 S/W 구매 및 설치,서울특별시,서울,55385000,55021725,+3% ~ -3%,0,87.945,25,물품/기,-0.65591
69,20191145478-00,경륜·경정 장안지점 리모델링공사 관급자재(82인치 이상급 방송용 모니터) 구매,서울올림픽기념국민체육진흥공단,서울,152306000,151420400,+2% ~ -2%,0,84.245,55,물품,-0.58147
70,20191145470-00,경륜·경정 장안지점 리모델링공사 관급자재(비디오월 사이니지) 구매,서울올림픽기념국민체육진흥공단,서울,68783000,69094825,+2% ~ -2%,0,84.245,55,물품,0.45334
71,20191145435-00,경륜·경정 장안지점 리모델링공사 관급자재(CCTV) 구매,서울올림픽기념국민체육진흥공단,서울,139396000,138835350,+2% ~ -2%,0,87.995,108,물품,-0.40220
72,2019-24123,00지역 통신공사(19-156),제1596부대,서울,230652770,228846112,0.0% ~ -2.0%,0,87.745,709,기,-0.78329
73,20191207446-00,신동중 무선망 구축 통신공사 (긴급공고),서울특별시강남서초교육지원청,서울,231339000,232397425,+3% ~ -3%,0,87.745,999,기,0.45752
74,20191202111-00,2020년 한강공원 나들목 CCTV 유지관리 용역,서울특별시,서울,110000000,111449525,+3% ~ -3%,0,87.745,72,기,1.31775
75,20191207652-01,서울상신중 방송시설 개선 통신 공사 (긴급공고) (정정공고),서울특별시교육청,서울,112607000,111500950,+3% ~ -3%,0,87.745,1010,기/정,-0.98223
76,20191207326-00,(장기계속) 송중초 급식실 증축 통신공사,서울특별시교육청,서울,28594000,28524000,+3% ~ -3%,0,87.745,890,기/수의,-0.24481
77,20191204233-00,"교사동(본관,서관) 전관 방송시설 개선공사",서울특별시중부교육청,서울,102520000,102582325,+2% ~ -2%,1979727,87.745,949,기/A값,0.06079
78,20191200896-00,서울양동초 다목적강당 및 급식시설 증축 통신공사,서울특별시교육청,서울,111982000,111491850,+3% ~ -3%,0,87.745,1026,,-0.43771
79,20191200875-00,서울등현초 다목적강당 및 급식시설 증축 통신공사,서울특별시교육청,서울,142880000,141533050,+3% ~ -3%,0,87.745,1028,,-0.94272
80,20191200858-00,서울등서초 다목적강당 및 급식시설 증축 통신공사,서울특별시교육청,서울,117839000,117880875,+3% ~ -3%,0,87.745,1028,,0.03553
81,20191144601-01,2020년 영상음향 시스템 유지보수 용역 (정정공고),서울특별시,서울,287543000,283916425,+3% ~ -3%,0,86.745,30,기/정,-1.26123
82,20191205341-00,덕암초 체육관 증축 통신공사,서울특별시교육청,서울,73139000,72592325,+3% ~ -3%,0,87.745,1070,기,-0.74745
83,20191205331-00,[긴급]한강중 특별교실 증축 통신공사 (긴급공고),서울특별시교육청,서울,26730000,26844725,+3% ~ -3%,0,87.745,878,기,0.42919
84,20191205186-00,중앙계획통제단 사무실 영상시스템 개선 공사,행정안전부,서울/경기,10000000,10095875,+2% ~ -2%,0,87.745,502,기,0.95875
85,20191200180-00,노원 IP마을방송시스템 방송케이블 설치공사,서울특별시,서울,212800000,211369500,+3% ~ -3%,0,87.745,979,기,-0.67223
86,E011908831,남서울본부 EV충전소 디지털 현장관리장치 설치공사(ICT운영부),한국전력공사,서울,29337000,29280206,2% ~ -2%,0,87.745,603,기,-0.19360
87,20191202634-00,신성초외 1교 장애인편의시설 및 기타 통신공사,서울특별시교육청,서울,51900000,51951425,+3% ~ -3%,0,87.745,1040,,0.09908
88,20191143163-00,2020년 터널 및 지하차도 CCTV시스템 유지관리 용역,서울특별시,서울,54197000,54014000,+3% ~ -3%,0,88,184,,-0.33766
89,20191143049-00,중앙선 청량리역 승강장개량 역무자동화설비 신설 공사,한국철도공사,서울,504431000,503257000,+2% ~ -2%,28878418,86.745,898,기/A값,-0.23274
90,20191142453-00,동자동 쪽방주민지원시설 리모델링 통신공사,서울특별시,서울,45210000,44504450,+3% ~ -3%,0,87.745,1013,기,-1.56061
91,20191141617-00,인베스트서울센터 조성 리모델링 통신공사,서울특별시,서울,16940000,16854275,+3% ~ -3%,0,87.745,778,기,-0.50606
92,20191144424-00,손기정체육공원 재조성 통신공사(긴급) (긴급공고),서울특별시,서울,76452000,75527175,+3% ~ -3%,0,87.745,990,,-1.20969
93,20191201270-00,면목고 체육관 리모델링 통신공사,서울특별시교육청,서울,60248000,60451225,+3% ~ -3%,0,87.745,1057,기,0.33731
94,20191145090-00,품질시험소 별관 대수선 통신공사 (긴급공고),서울특별시,서울,61730000,61527900,+3% ~ -3%,0,87.745,980,기,-0.32740
95,20191140090-00,2020년 유량계 자동제어설비 유지보수 용역(연간단가),서울특별시/서울특별시,서울,317900000,317437500,+3% ~ -3%,0,86.745,17,기,-0.14549
96,20191144881-00,분당선 가천대 등 3개소 환실 원격제어용 통신케이블 개량공사,한국철도공사,서울/경기,69921000,69807275,+2% ~ -2%,0,87.745,2396,기,-0.16265
97,20191144403-00,길음중 교실증축 통신공사,서울특별시교육청,서울,61877000,62952025,+3% ~ -3%,0,87.745,1069,,1.73735
98,20191140442-00,2020년도 불법주정차 단속용 고정식 CCTV 유지보수 용역,서울특별시,서울,89520000,90053825,+3% ~ -3%,0,87.745,50,,0.59631
99,20191144720-02,잠실광역 버스환승센터 안내전광판 구매설치(긴급) (긴급공고) (정정공고),(주)서울메트로환경,서울/경기,36400000,36608275,+3% ~ -3%,0,87.745,1419,기/정,0.57218
100,20191143455-00,2020년 대환경정보전광판 유지보수 용역 (재공고),서울특별시,서울/경기,36500000,35959925,+3% ~ -3%,0,88,33,기,-1.47966
101,20191143274-00,전통시장 화재알림시설 구매 설치(긴급),서울특별시,서울,217598000,217470775,+3% ~ -3%,0,84.245,28,물품,-0.05847
102,20191143211-00,(긴급) 가산중 방송장비 및 선로 교체 통신공사 (긴급공고),서울특별시교육청,서울,119900000,119911150,+3% ~ -3%,0,87.745,1026,기,0.00929
103,20191143159-00,(긴급) 시흥중 방송장비 및 선로 교체 통신공사 (긴급공고),서울특별시교육청,서울,112200000,113132125,+3% ~ -3%,0,87.745,1022,기,0.83077
104,20191142765-00,이수중 체육관 및 급식실 증축 통신공사 (긴급공고),서울특별시강남서초교육지원청,서울,90761000,90217850,+3% ~ -3%,0,87.745,983,,-0.59844
105,20191141493-00,2020년 은평병원 정보통신 및 정보보안 통합유지관리 용역 (긴급공고),서울특별시,서울,129320000,127863575,+3% ~ -3%,0,87.745,16,기,-1.12622
106,20191141282-00,영신고 외 1교(여의도여고) 후관동/정보관 재구조화 통신공사,서울특별시교육청,서울,33275000,33725850,+3% ~ -3%,0,87.745,943,기,1.35492
107,20191139606-00,TV 중계방송시스템 유지관리 용역,서울특별시,서울,47097600,46821175,+3% ~ -3%,0,88,22,,-0.58692
108,20191135646-00,철도교통관제센터 구간망 광전송설비 개량공사,한국철도공사,서울/대전/경기/충북/충남,751827498,752267375,+2% ~ -2%,20661046,86.745,2645,기/A값,0.05850
109,20191135107-00,신월6동 복합청사 건립 정보통신 공사,서울특별시,전국/서울,608088000,611575450,+3% ~ -3%,0,86.745,1116,의무,0.57351
110,20191135101-00,2020년 불법 주정차 무인단속시스템 유지보수 용역,서울특별시,서울,160980000,161924600,+3% ~ -3%,0,87.745,49,기,0.58678
111,20191134818-00,종로구 치매안심센터 리모델링 공사(통신) (긴급공고),서울특별시,서울,61143000,61333650,+3% ~ -3%,0,87.745,1086,기,0.31181
112,20191124801-01,디지털문화유산나눔방 리모델링 공사(건축) 영상체험실 관급자재(프로젝터) 구매 및 설치,문화재청,서울,162240000,161539575,+2% ~ -2%,0,84.245,36,물품/기/정,-0.43173
113,20191134059-00,신구중 외1교(서울정애학교) 급식실 증축 및 타 통신공사,서울특별시강남서초교육지원청,서울,87514000,87512300,+3% ~ -3%,0,87.745,1076,기,-0.00195
114,20191133429-00,2020년 한강공원 엘리베이터 영상정보처리기기(CCTV)유지관리 용역,서울특별시,서울,46500000,46988425,+3% ~ -3%,0,88,211,,1.05037
115,20191136195-00,강남힐링센터 구축을 위한 통신공사,서울특별시,서울,42189000,42495875,+3% ~ -3%,0,87.745,1012,,0.72738
116,20191131634-00,2020년 한양도성 통합관제망 유지보수 용역,서울특별시,서울,172167160,174913275,+3% ~ -3%,0,87.745,51,기,1.59502
117,20191136589-00,구립 김영삼도서관 리모델링 정보통신공사,서울특별시,서울,62970000,62265400,+3% ~ -3%,0,87.745,1068,,-1.11895
118,20191136273-00,2처리장 오니처리계열 소화가스 감시설비 공사,주식회사,서울,41316000,40630100,+3% ~ -3%,0,87.745,869,,-1.66014
119,20191132022-01,2020년 다기능사무기기 유지보수 (정정공고),서울특별시/서울특별시,서울,107250650,107787225,+3% ~ -3%,0,87.745,52,기/정/협정,0.50029
120,20191131481-00,경륜경정 장안지점 리모델링 정보통신공사,서울올림픽기념국민체육진흥공단,서울,546370000,547147275,+2% ~ -2%,39655728,86.745,940,기/A값,0.14226
121,E011908698,남서울본부 변전소간 광통신선로 시설공사(전자제어부),한국전력공사,서울,121321699,120307942,2% ~ -2%,0,87.745,770,기,-0.83560
122,E011908682,EV충전소 디지털 현장관리장치 구축공사,한국전력공사,서울,27651360,27725084,2% ~ -2%,0,87.745,650,기,0.26661
123,20191133198-00,철도교통관제선테 영상감시 안전사다리 개량공사,한국철도공사,서울,79860000,79327150,+2% ~ -2%,0,87.745,1006,기,-0.66724
124,20191133110-00,학생교육원 본원 식당동 증축 통신공사,서울특별시교육청,서울/경기,61455000,61009800,+3% ~ -3%,0,87.745,2513,,-0.72444
125,20191132469-00,공사 전자수의견적 제출안내공고(다산동 작은도서관 공간개선 통신공사),서울특별시,서울,14407800,14203375,+3% ~ -3%,0,87.745,715,,-1.41885
126,20191129548-00,2020년 행정정보통신망 설치공사(연간단가),서울특별시,서울,88800000,90155575,+3% ~ -3%,0,87.745,915,기,1.52654
127,20191133299-00,예일초등학교 조립식 컴퓨터(모니터포함) 구매 전자 입찰 공고,서울특별시서부교육청,서울,27839760,27780575,+2% ~ -2%,0,-,11,물품/기,-0.21260
128,20191130554-00,서북병원 안심격리병동 치료시설 구축사업 통신공사 (긴급공고),서울특별시,서울,275211000,272205050,+3% ~ -3%,0,87.745,1017,기,-1.09224
129,20191125268-00,숙명여자중학교 방송시설개선공사(긴급),서울특별시강남교육청,서울,82280000,82011800,+2% ~ -2%,1548610,87.745,1033,기/A값,-0.32597
130,20191131659-00,미아사거리역 등 2개역 변전실 노후설비 개량에 따른 정보통신공사,서울교통공사,서울,34493200,34628800,+3% ~ -3%,0,87.745,984,기,0.39312
131,20191130748-00,통일로 외 1개소 교통량 측정용 지자기검지기 복구공사,서울특별시,서울/경기,41151000,40827400,+3% ~ -3%,0,87.745,2013,,-0.78638
132,20191122500-00,정부서울청사 사무실 출입통제시스템 추가 설치,서울지방조달청/행정안전부,서울,66000000,65640675,+2% ~ -2%,0,87.995,31,물품/기,-0.54444
133,20191129639-00,2019년 CCTV 설치공사(3차),서울특별시,서울,292820000,290264475,+3% ~ -3%,0,87.745,612,기,-0.87273
134,20191130026-00,구민친화형 녹지광장 조성 공사(통신) (긴급공고),서울특별시,서울,148590000,146952950,+3% ~ -3%,0,87.745,1029,기,-1.10173
135,20191128594-00,2020년 한강교량 CCTV 영상감시출동시스템 유지관리 용역,서울특별시/서울특별시,서울,223848000,222744475,+3% ~ -3%,0,86.745,53,기,-0.49298
136,20191130003-00,2020년 정보화시스템 유지보수용역 (긴급공고),서울특별시/서울특별시,서울,115588000,117844050,+3% ~ -3%,0,87.745,46,기/연기,1.95180
137,20191129540-00,서울세륜초등학교 병설유치원 증축 통신공사(장기계속),서울특별시교육청,서울,43195000,42814075,+3% ~ -3%,0,87.745,1008,기/연기,-0.88188
138,20191128848-00,도봉동 다목적체육센터 건립 통신공사(장기계속공사) (긴급공고),서울특별시,서울,270138000,269326950,+3% ~ -3%,0,87.745,1012,연기,-0.30024
139,20191125080-00,강일2지구 커뮤니티시설 인테리어 통신공사,서울특별시,서울,50330000,49820200,+3% ~ -3%,0,87.745,1065,연기,-1.01292
140,20191123806-00,김포공항 관제수신소 증축 및 리모델링 정보통신공사,한국공항공사,서울,64018317,64009575,+2% ~ -2%,2997785,87.745,1022,기/A값/연기,-0.01366
141,20191122192-00,노들섬 특화공간 공연장 음향장비 설치공사,서울특별시,서울,399410000,399629725,+3% ~ -3%,0,86.745,547,기/연기,0.05501
142,E011908630,‘19년 무인에너지센터 출입리더 교체공사,한국전력공사,서울,13459132,13507124,2% ~ -2%,0,87.745,471,기,0.35657
143,E011908477,동서울-미금등 3개T/L 과학화장비 설치공사,한국전력공사,서울/경기,331602700,331911019,2% ~ -2%,0,86.745,1169,기/정/협정,0.09297
144,20191123230-01,전통시장 화재알림시설 구매 설치 시행,서울특별시,서울,103500000,103647525,+3% ~ -3%,0,84.245,24,물품/정,0.14253
145,20191119517-00,구파발9-1단지 등 24개단지 비상방송 단락보호장치 설치공사,서울주택도시공사,서울,79750000,80170150,+3% ~ -3%,0,87.745,945,기,0.52683
146,20191117354-00,제한신아파트 외 5개단지 인터폰설비 교체공사,서울주택도시공사,서울,274177000,274530700,+3% ~ -3%,0,87.745,987,기,0.12900
147,20191125986-00,군자차량지 북부사무검수동 등 2동 네트워크 증설 정보통신공사,서울교통공사,서울,21489380,21185475,+3% ~ -3%,0,87.745,826,기,-1.41422
148,20191108327-00,나라키움 서대문세무서 개발사업 정보통신공사,한국자산관리공사,전국/서울,1217260000,1232159325,+2% ~ -2%,76351039,86.745,1004,기/A값/의무,1.22400
149,20191121586-00,노원구민회관 리모델링 통신공사 (긴급공고),서울특별시,서울,126720000,126753650,+3% ~ -3%,0,87.745,1048,기,0.02655
150,20191120978-00,서울천동초등학교 급식실·학생식당 증축 및 타시설 통신공사 견적 공고,서울특별시교육청,서울,43540000,43953025,+3% ~ -3%,0,87.745,996,기,0.94861
151,20191124479-00,20년 인천세관 공항 소란방지용 CCTV시스템 유지보수 위탁 용역,관세청,서울/인천/경기,51750000,51733225,+2% ~ -2%,0,88,214,기,-0.03242
152,1903787-00,서울수서역세권 A-3BL 아파트 정보통신공사 1공구(공분/행복 597호),한국토지주택공사,전국/서울,4995205000,4991555000,+2% ~ -2%,265472400,86.745,861,기/A값/의무,-0.07308
153,20191119824-00,"통합상황실 어댑터, 디코더 구매",안산도시공사,서울/인천/경기,130449000,129911900,+3% ~ -3%,0,84.245,77,물품,-0.41174
154,20191118872-00,무중력지대 동대문 신축 통신공사,서울특별시,서울,32980000,32830575,+3% ~ -3%,0,87.745,967,기,-0.45308
155,20191115804-00,스마트워크센터 및 회의공간 등 사무환경 구축(네트워크) 공사,건강보험심사평가원,서울,64000000,63719075,+2% ~ -2%,6281578,87.745,642,기/A값,-0.43895
156,20191115073-00,통합상황실 영상모니터 구매설치,안산도시공사,서울/인천/경기,72182000,72088225,+3% ~ -3%,0,84.245,252,물품/기,-0.12992
157,20191114313-00,서울 광역푸드뱅크센터 이전 건립 통신공사,서울특별시,서울,59895000,59844900,+3% ~ -3%,0,87.745,1102,,-0.08365
158,20191119748-00,데이터사이언스대학원(942동) 환경개선 통신공사 (긴급공고),서울대학교,서울,398892000,396869675,+2% ~ -2%,23835063,86.745,975,A값,-0.50699
159,20191115880-00,다목적CCTV 추가설치를 위한 정보통신공사,서울특별시,서울,86350000,86599825,+3% ~ -3%,0,87.745,1118,,0.28931
160,20191116683-00,서울숲 와이파이 설치공사,서울특별시,서울,88000000,88221375,+3% ~ -3%,0,87.745,1074,,0.25156
161,20191113105-00,마포구 거점형 공공직장어린이집 신축공사(통신),서울지방조달청/근로복지공단본부,서울,41578000,41617650,+2% ~ -2%,0,87.745,74,기/협정/여성,0.09536
162,20191107708-01,간호간병통합서비스병동 조성공사 44병동(통신) (정정공고),서울대학교병원,서울,58235294,58787125,+2% ~ -2%,1256729,87.745,1005,기/정/A값,0.94758
163,20191035318-00,(서울수서경찰서) 환경개선공사(통신),서울지방조달청/경찰청,서울,940514000,937111725,+2% ~ -2%,65201558,86.745,922,기/A값/협정,-0.36175
164,20191115432-00,도농도서관 전산실 이전,경기도,서울/경기,55000000,55418725,+3% ~ -3%,0,88,76,연기,0.76131
165,20191008873-00,서울개포 상록아파트 정보통신공사,공무원연금공단,전국/서울,0,10195040000,+2% ~ -2%,10282717400,1,430,A값/연기/의무,85.495
166,20191111429-00,서울종암초 급식실 및 학생식당 증축 통신공사,서울특별시교육청,서울,58443000,58440850,+3% ~ -3%,0,87.745,1024,기,-0.00368
167,20191111399-00,강남구수어통역센터 내 농아인쉼터 조성공사(통신),서울특별시,서울,34320000,34403250,+3% ~ -3%,0,87.745,964,기,0.24256
168,20191110202-00,★장애인업만 투찰★구로차량지 등 5개소 방송설비 능 개량공사,한국철도공사,서울/경기,22985000,22922700,+2% ~ -2%,0,87.745,31,기,-0.27105
169,20191107340-00,개화산변전소 노후 전력설비 개량 통신공사,서울교통공사,서울,7672700,7731650,+3% ~ -3%,0,87.745,411,기,0.76830
170,20191102767-00,강동역 등 4역 건축관리소 통합사무실 조성 전산네트워크 공사,서울교통공사,서울/경기,53403350,52885375,+3% ~ -3%,0,87.745,2186,기,-0.96993
171,20191102343-00,5호선 양평역 PSD 관리소 전산네트워크 공사,서울교통공사,서울,16005000,16145450,+3% ~ -3%,0,87.745,691,기,0.87753
172,20191101191-00,한국거래소 서울사옥 주차관제시스템 구매 설치계약,(주)한국거래소,서울,139040000,138457825,+2% ~ -2%,0,84.245,53,물품,-0.41872
173,20191105735-01,마포경찰서 환경개선공사(통신) (정정공고),경찰청,서울,598279000,597927550,+2% ~ -2%,42483052,86.745,957,기/정/A값/협정,-0.05875
174,20191104543-00,"정부과천청사 1,2동 내진보강 통신공사",행정안전부,서울/경기,31053000,31347575,+2% ~ -2%,0,87.745,2201,,0.94862
175,20191102186-00,대왕초교 공영주차장 외 1개소 비상방송 시스템 구축공사,서울특별시,서울,31383000,31525000,+3% ~ -3%,0,87.745,894,기,0.45247
176,20191039464-00,이화충신권 낙산성곽길 정비사업 통신공사,서울특별시/서울특별시,서울,132360000,132971200,+3% ~ -3%,0,87.745,999,기,0.46177
177,20191103553-00,문화사업처 사무실 이전에 따른 통신공사,서울교통공사,서울,8089800,8171525,+3% ~ -3%,0,87.745,436,기,1.01022
178,20191103072-00,5호선 양평역 PSD관리소 근무환경 개선 통신공사,서울교통공사,서울,25490630,25424600,+3% ~ -3%,0,87.745,889,기,-0.25904
179,20191100982-00,이대역 노후에스컬레이터 교체 전자공사,서울교통공사,서울,27344300,27454825,+3% ~ -3%,0,87.745,832,,0.40419
180,20191101445-00,강화군 노인문화센터 회원관리시스템 구축,인천광역시,서울/인천/경기,49797000,49851350,+3% ~ -3%,0,88,11,물품,0.10914
181,20191100838-00,★장애인업만 투찰★경원선 서빙고남부건널목 통신설비 보완공사,한국철도공사,서울,37551000,37563450,+2% ~ -2%,0,87.745,15,기,0.03315
182,20191038155-00,광역전철 자동발매기 이설·철거 및 비상게이트 회전모듈 개량공사,한국철도공사,서울/인천/경기/강원/충남,136592000,137951500,+2% ~ -2%,1629890,87.745,2757,기/A값,0.99529
183,20191037263-00,탄천물재생센터 전화 교환 교체공사,(주)탄천환경,서울,219600000,218745250,+3% ~ -3%,0,87.745,103,기,-0.38924
184,20191040124-00,가리봉동 마을활력소2관 리모델링 정보통신공사,서울특별시,서울,29582000,29502325,+3% ~ -3%,0,87.745,938,,-0.26934
185,20191036167-00,염리종합사회복지관 건립공사(정보통신),서울특별시,전국/서울,846519000,858897275,+3% ~ -3%,0,86.745,1120,기/의무,1.46225
186,20191035313-00,온수역 스피커 회선분리 등 정보통신공사,서울교통공사,서울,35696000,35883650,+3% ~ -3%,0,87.745,914,기,0.52568
187,20191035834-00,평창동 미술문화복합공간 건립 통신공사 (긴급공고),서울특별시/서울특별시,서울,267960000,265138425,+3% ~ -3%,0,87.745,1029,기,-1.05299
188,E011907917,154kV 신양재-교대 등 4개T/L 운영시스템 과학화장비 설치공사,한국전력공사,서울,307362000,306422622,2% ~ -2%,0,87.745,402,협정,-0.30563
189,20191032036-00,신용보증기금 직원 합숙소(연림재) 재건축 정보통신공사,신용보증기금,서울,50611000,49530650,+0% ~ -5%,43460669,87.745,972,기/A값,-2.13462
190,20191033621-00,경인선 부평역 등 16역 방송설비 능 개선공사,한국철도공사,서울/인천/경기,62279000,62943100,+2% ~ -2%,0,87.745,2508,기,1.06633
191,20191030929-00,2019년 하반기 공공 CCTV 자가통신망 구축공사,서울특별시,서울,171431000,170791600,+3% ~ -3%,0,87.745,1036,,-0.37298
192,20191030678-00,정보통신 인프라 개선공사,대통령경호처,서울,136720000,136203250,+2% ~ -2%,1619656,87.745,982,기/A값/협정,-0.37797
193,20191029810-00,교통약자 출입동선 개선에 따른 7호선 마들역 전자설비공사,서울교통공사,서울,223100000,222269550,+3% ~ -3%,0,87.745,1010,기,-0.37224
194,20191029381-00,서울특별시보라매병원 중앙연구실 리모델링공사(네트워크),서울시,서울,106480000,106363450,+3% ~ -3%,0,87.745,1010,기,-0.10946
195,20191029226-00,건축관리소 통합사무실 조성 통신공사,서울교통공사,서울/경기,62991800,62465250,+3% ~ -3%,0,87.745,2329,기,-0.83591
196,20191024835-01,루터대학교 언어치료 실습실 개선 공사(통신),루터대학교,서울/경기,61930000,61689600,+2% ~ -2%,0,87.745,1384,정,-0.38819
197,2019-01-000157-00,중앙선 청량리~용문외 1개노선 재난방송수신설비 개량 케이블 설치공사,국가철도공단,전국/서울/경기,5278317000,5232955539,+2.5% ~ -2.5%,0,85.495,866,기/의무,-0.85940
198,20191029436-00,(긴급) 서울중앙지검 출입통제 CCTV설비 교체공사,대검찰청,서울,190300000,189161575,+2% ~ -2%,4920145,87.745,603,기/A값,-0.59823
199,20191014749-00,강빛초·중 통합학교 신축 정보통신공사,서울주택도시공사,전국/서울,1263953000,1252615400,+3% ~ -3%,0,86.745,1016,기/의무,-0.89700
200,20191027265-00,서울남부지방법원 별관 신축 공사 교환기 교체 및 증설 설치,대법원,서울,95480000,95463100,+2% ~ -2%,0,87.995,45,물품/기,-0.01771
201,20191024153-00,나라키움 구로 복합관사 개발사업 정보통신공사,한국자산관리공사,서울,1064415000,1068579550,+2% ~ -2%,63071680,86.745,918,기/A값/협정,0.39125
202,20191020856-00,「디지털도서관 이용공간 재구성」통신공사,서울지방조달청/문화체육관광부,서울,106805000,107462450,+2% ~ -2%,6232551,87.745,976,기/A값/협정,0.61556
203,20191028066-00,공사 전자수의견적 제출안내 공고(손정 체육공원 키움센터 통신공사),서울특별시,서울,8965000,8857100,+3% ~ -3%,0,87.745,420,기,-1.20357
204,20191028983-00,★장애인업만 투찰★경원선 광운대역 등 18개소 비상방송설비 능 개선공사,한국철도공사,서울/경기,47884000,47856175,+2% ~ -2%,0,87.745,33,기,-0.05811
205,20191022738-00,2019년 통신케이블 증설 및 개량공사,서울교통공사,서울,184958630,189072625,+3% ~ -3%,0,87.745,1006,기,2.22427
206,20191022980-02,중계용 방송장비 구매,서울특별시,서울,54184460,53897900,+3% ~ -3%,0,88,30,물품/정,-0.52887
207,20191020901-00,2019년 비상방수문 CCTV 카메라 설치공사,서울교통공사,서울,7187700,7081975,+3% ~ -3%,0,87.745,431,기,-1.47092
208,20191020817-00,사물인터넷 자가통신망 광케이블 수용공사,서울특별시,서울,142325000,141519850,+3% ~ -3%,0,87.745,974,,-0.56572
209,20191020084-00,중앙선 청량리역 방송설비 개량공사,한국철도공사,서울,423350000,425224425,+2% ~ -2%,19422356,86.745,944,A값,0.44276
210,2019-01-000148-00,분당선 왕십리~서현간 재난방송수신설비 개량 케이블 설치공사,국가철도공단,전국/서울/경기,0,9734986000,+2.5% ~ -2.5%,0,-,505,기/의무,85.495
211,20191021806-00,2019년 통합전산 백업시스템 구축 소액수의견적 입찰,재단법인,서울/경기,47000000,47177825,+3% ~ -3%,0,88,40,협정,0.37835
212,20191022184-00,노들섬 특화공간 리허설룸 음향장비설치공사,서울특별시,서울,83230000,83158700,+3% ~ -3%,0,87.745,545,기,-0.08567
213,20191022268-00,공원내 CCTV 시설개선공사 (긴급공고),서울특별시,서울,34298000,34220950,+3% ~ -3%,0,87.745,913,,-0.22465
214,20191021770-00,B-1 OO상황실 통신보수공사,서울지방조달청/행정안전부,서울,56186000,56114975,+2% ~ -2%,0,87.745,1013,기/협정,-0.12642
215,20191018980-00,경부선 노량진역 환승통로 통신설비 신설공사,한국철도공사,서울,111017000,110519975,+2% ~ -2%,4244428,87.745,975,기/A값,-0.44771
216,20191018296-00,청사 3층 대강당 음향설비 교체공사,환경부,서울/인천/경기,139732000,140473350,+2% ~ -2%,2864693,87.745,2453,A값,0.53055
217,20191022959-00,스토리지 등 방송장비 구매,서울특별시,서울,30092560,29812525,+3% ~ -3%,0,88,17,물품,-0.93058
218,20191022929-00,라디오 주조정실 방송장비 구매,서울특별시,서울,31460000,31487500,+3% ~ -3%,0,88,24,물품,0.08741
219,20191022905-00,라디오 방송용 마이크 등 장비 구매,서울특별시,서울,54857000,54262825,+3% ~ -3%,0,88,23,물품,-1.08314
220,20191020190-00,★장애인업대상★수도권동부본부 네트워크 고도화에 따른 전송망설비 신설공사,한국철도공사,서울/경기/강원,29877000,29728850,+2% ~ -2%,0,87.745,38,기,-0.49587
221,20191019359-00,경부선 영등포역 네트워크설비 고도화에 따른 통신설비 신설공사,한국철도공사,서울,60551000,60722550,+2% ~ -2%,0,87.745,1058,기,0.28331
222,20191016781-00,경부선 용산역 방송설비 개량공사,한국철도공사,서울,389615000,393053400,+2% ~ -2%,12370791,86.745,931,기/A값,0.88251
223,20191014358-00,서울특별시 장애인치과병원 4층 진료의 연구실 증축공사(통신),서울특별시립장애인치과병원,서울,15185000,15165375,+3% ~ -3%,0,87.745,709,,-0.12924
224,20191015017-00,노원구청소년상담복지센터 신축 통신공사,서울특별시,서울,143770000,144543200,+3% ~ -3%,0,87.745,1044,기,0.53780
225,20191012707-00,문자발생기 등 방송장비 구매,서울특별시/서울특별시,서울,214479100,215410525,+3% ~ -3%,0,87.945,22,물품/기,0.43427
226,E011907646,무인변전소 출입리더기 교체공사,한국전력공사,서울,21974700,21857065,2% ~ -2%,0,87.745,615,,-0.53533
227,E011907545,345kV 양주-중부T/L 전력구 운영시스템 과학화장비 설치공사,한국전력공사,서울,461233142,462961598,2% ~ -2%,0,86.745,392,협정,0.37474
228,20191015583-00,대현문화공원 정비공사(통신) (긴급공고),서울특별시,서울,32637000,32712675,+3% ~ -3%,0,87.745,956,,0.23186
229,20191015041-00,월계중 통신선로 개선공사,서울특별시교육청,서울,312014000,313308125,+3% ~ -3%,0,87.745,1017,기,0.41476
230,20191012757-00,7호선 마들역 출입동선 개선 통신공사,서울교통공사,서울,110192000,108982975,+3% ~ -3%,0,87.745,1035,기,-1.09720
231,20191012733-00,방화차량지 검수고 현장대실 전산네트워크 공사,서울교통공사,서울,15994330,15971000,+3% ~ -3%,0,87.745,711,기,-0.14587
232,38082,보안 및 출입설비 구매 설치,4284부대,서울,31723500,31380462,0.0% ~ -2.0%,0,88,17,물품,-1.08134
233,20191010177-00,약제팀 공간재배치 공사(통신),국민건강보험공단,서울/인천/경기,23000000,23086050,+2% ~ -2%,1039161,87.745,2240,기/A값,0.37413
234,20191007357-00,서대문보훈회관 신축공사(정보통신),서울특별시,서울,147752000,148066775,+3% ~ -3%,0,87.745,1050,기,0.21304
235,2019-18392,246_00단 경계시설 통신망 보강공사,제1596부대,서울,26754080,26580338,0.3% ~ -2.0%,0,87.745,674,기,-0.64941
236,20191011095-00,한옥마을 24시간 화재감시체계 시스템 구매설치,서울특별시/서울특별시,서울,95770000,97255450,+3% ~ -3%,0,84.245,23,물품/기,1.55105
237,20191009998-00,희경빌딩 인테리어 통신공사 (긴급공고),서울특별시,서울,77886000,78857275,+3% ~ -3%,0,87.745,1002,,1.24704
238,20191008509-00,수원시자원회수시설 덕트버너 PLC 구입 교체,한국시거스주식회사,서울/인천/경기,21813000,21847450,+3% ~ -3%,0,88,58,물품/기,0.15793
239,20191010421-00,경의선 수색역등 1개소 네트워크설비 고도화에 따른 통신설비 신설공사,한국철도공사,서울/경기,59379000,59925200,+2% ~ -2%,0,87.745,2360,기,0.91985
240,20191009527-00,1인가구 커뮤니티센터(가칭) 인테리어공사(통신),서울특별시,서울,25343000,25521200,+3% ~ -3%,0,87.745,921,기,0.70315
241,20191007864-00,제2자유로 종점부(난지도길) 입체화 통신공사 (긴급공고),서울특별시/서울특별시,서울,434643000,434533300,+3% ~ -3%,0,86.745,981,기,-0.02524
242,2019-17975,00단 통신반시설 구축공사,4284부대,서울,158426810,157007356,0.0% ~ -2.0%,0,87.745,774,기,-0.89597
243,20191007817-00,1처리장 농축동 프로세스제어반 교체공사,주식회사,서울,249810000,247038425,+3% ~ -3%,0,87.745,150,기,-1.10948
244,20191006169-00,서울캠퍼스 전자교환기 구매설치(마이그레이션),한국과학기술원,서울,177100000,177488800,+2% ~ -2%,0,84.245,35,물품/기,0.21953
245,20191001342-00,삼양동 청년주택 정보통신공사,서울주택도시공사,서울,62283000,62143075,+3% ~ -3%,0,87.745,976,기/협정,-0.22467
246,E011907391,성동S/S-상봉S/S간 광케이블 시설공사,한국전력공사,서울,68039675,68387365,2% ~ -2%,0,87.745,812,,0.51101
247,36205,00지역 감시장비 통합관제 시스템 교체,제7016부대,서울,96967000,96191594,0.0% ~ -2.0%,0,87.995,51,물품,-0.79966
248,20191003195-00,2019년 승강장 스크린TV 철거공사,서울교통공사,서울/경기,417313400,418493425,+3% ~ -3%,0,86.745,2185,기,0.28276
249,20191003147-00,경인선 부평역 등 32역 자동개집표기 통신방식 개선 기타공사,한국철도공사,서울/인천/경기/강원/충남,444250000,442760700,+2% ~ -2%,19379636,86.745,2813,기/A값,-0.33524
250,20190928403-00,이노베이션 아카데미 교육시설 인테리어 공사(통신),서울지방조달청/한국연구재단,서울,501203000,502501175,+2% ~ -2%,31522994,86.745,944,기/A값/협정,0.25901
251,E011907188,19년 변압기공동이용 자고객 원격검침 통신망 시설공사(ICT운영부),한국전력공사,서울,108583200,108306792,2% ~ -2%,0,87.745,730,,-0.25456
252,20191002996-00,동작대교 감시 시스템 설치 정보통신공사,서울교통공사,서울,289674980,291002475,+3% ~ -3%,0,87.745,1019,기,0.45827
253,20191001205-00,온수역 등 3개소 분부 감시용 CCTV 개량 공사,서울교통공사,서울,23404160,23434875,+3% ~ -3%,0,87.745,823,기,0.13123
254,20190924331-01,한국거래소 서울사옥 전산실 CCTV 증설공사 (정정공고),(주)한국거래소,서울,168212000,168327700,+2% ~ -2%,147699141,87.745,155,정/A값,0.06878
255,20191002411-00,서울로7017 야간경관조명 빛의캔버스 설치 공사 (긴급공고),서울특별시/서울특별시,서울,281000000,279348450,+3% ~ -3%,0,87.745,975,기,-0.58775
256,20191000839-00,시립동대문 실버케어센터 건립 통신공사 (긴급공고),서울특별시/서울특별시,서울,198469000,199023750,+3% ~ -3%,0,87.745,1032,기,0.27951
257,20191000829-00,노들섬 안전시설 설치 통신공사,서울특별시,서울,49258000,49266300,+3% ~ -3%,0,87.745,1053,,0.01685
258,20191000232-00,블록체인 창업거점공간조성 리모델링 통신공사 (긴급공고),서울특별시,서울,150058000,148368400,+3% ~ -3%,0,87.745,1053,기,-1.12597
259,E011907242,송변전통신망[Giga네트워크] 구축공사(전자제어부),한국전력공사,서울/경기,275512600,277269034,2% ~ -2%,0,87.745,1850,,0.63751
260,20191002432-00,본관 산부인과 외래 및 EICU 재배치공사(통신) (긴급공고),서울대학교병원,서울,92235294,92422125,+2% ~ -2%,5612938,87.745,884,A값,0.20255
261,20191001630-00,2019년 서울송파경찰서 통합민원실 리모델링(통신),경찰청,서울,83710000,83449500,+2% ~ -2%,3339013,87.745,989,A값,-0.31120
262,20190929582-00,2019년 하반기 CCTV 신규설치 공사,서울특별시,전국/서울,699197000,692750425,+3% ~ -3%,0,86.745,1109,기/의무,-0.92200
263,20190928991-00,중앙선 운길산~양평간 외 1구간 광케이블 개량공사,한국철도공사,서울/경기,581177000,584661225,+2% ~ -2%,40764251,86.745,2164,기/A값,0.59951
264,20190926225-00,정부서울청사 장·차관 스마트워크센터 기반시설 통신공사,서울지방조달청/행정안전부,서울,98081000,98906150,+2% ~ -2%,5732517,87.745,942,기/A값/협정,0.84129
265,2019-01-000140-00,진접선(당고개~진접) 복선전철 통신설비 신설공사,국가철도공단,전국/서울/경기,0,6329592000,+2.5% ~ -2.5%,0,-,789,기/의무,85.495
266,20190929198-00,4호선 상계~노원 방음벽 교체 정보통신공사,서울교통공사,서울,241966500,243094700,+3% ~ -3%,0,87.745,994,기,0.46626
267,20190927200-01,오산소방서 상황실 이전 통신공사 (공고),경기도,서울/인천/경기,222420000,219461300,+3% ~ -3%,0,87.745,2161,정,-1.33024
268,20190924826-01,금천구립 독산도서관 리모델링 통신공사 (공고),서울특별시,서울,108600000,107693500,+3% ~ -3%,0,87.745,1022,정,-0.83472
269,20190926806-00,경계공고 드론교육원 조성공사(통신),서울특별시교육청,서울,23983000,24146075,+3% ~ -3%,0,87.745,879,기,0.67996
270,2019-17337,000 아파트 환경개선 통신공사,국군제1068부대,서울,34744000,34934649,2.0% ~ -2.0%,0,87.745,784,기,0.54872
271,20190922159-00,한국방송통신대학교 서울지역대학 CCTV설비 교체공사,한국방송통신대학교,서울,30929000,30953975,+2% ~ -2%,0,87.745,532,기,0.08074
272,20190920995-00,"2019년 방범용 CCTV 구매, 설치(3차)",서울지방조달청/서울특별시,서울,347000000,347021725,+3% ~ -3%,0,87.995,117,물품/기,0.00626
273,20190915519-00,공릉2-6외 3개단지 인터폰설비 교체공사,서울주택도시공사,서울,509877000,503708800,+3% ~ -3%,0,86.745,960,기,-1.20975
274,20190923636-00,서강보건지소 및 서강도서관 리모델링 공사(정보통신),서울특별시,서울,59433000,59336150,+3% ~ -3%,0,87.745,1102,,-0.16296
275,20190920688-00,경부선 영등포역 등 2역 방송설비 개량 기타공사,한국철도공사,서울/경기,340568000,338876275,+2% ~ -2%,13185481,86.745,2173,기/A값,-0.49674
276,2019-01-000159-00,국가중요시설 한강철교외 1개소 영상감시설비 기타공사,국가철도공단,서울/경기,571371000,576297389,+2.5% ~ -2.5%,0,86.335,1589,기/연기/협정,0.86220
277,20190919547-00,김포공항 국제선청사 업무시설 구획 정보통신공사,한국공항공사,서울,44053007,43758700,+2% ~ -2%,2337999,87.745,958,기/A값,-0.66808
278,20190922704-00,경부선 노량진역 환승통로 역무자동화설비 신설 공사,한국철도공사,서울,63205000,63404775,+2% ~ -2%,0,87.745,1035,기,0.31607
279,20190922577-00,시청(2)역 내진보강에 따른 대체상가(시청(1)역)신설 정보통신공사,서울교통공사,서울,47289440,46859000,+3% ~ -3%,0,87.745,1028,기,-0.91023
280,E011906961,154kV 서초-이수T/L 전력통신설비 시설공사,한국전력공사,서울,116237000,116139096,2% ~ -2%,0,87.745,746,,-0.08423
281,20190921589-00,국립고궁박물관 별관 및 전시동 진입부 등 시설개선 공사 (통신),서울지방조달청/문화재청,서울,37527000,37237350,+2% ~ -2%,0,87.745,72,기/협정/여성,-0.77185
282,20190921267-00,분뇨처리시설 차량정차실 CCTV 설치공사,주식회사,서울,19558000,19428975,+3% ~ -3%,0,87.745,754,,-0.65971
283,20190916021-01,[긴급]공릉초 체육관 증축공사 방송장치 관급자재 구매,서울특별시교육청,서울,58837000,59209950,+3% ~ -3%,0,87.945,51,물품/정,0.63386
284,20190919778-00,★장애인업만 투찰★경부선 노량진역 열차행선안내장치 신설공사,한국철도공사,서울,48118000,48121900,+2% ~ -2%,0,87.745,19,기,0.00810
285,20190919502-00,서울신곡초 체육관 및 급식시설 증축 통신공사,서울특별시교육청,서울,70760000,69676175,+3% ~ -3%,0,87.745,1066,기,-1.53170
286,20190915246-00,주택도시보증공사 서울북부지사 이전사무실 인테리어공사(통신),주택도시보증공사,서울,32602900,32229825,+2% ~ -2%,28280060,87.745,727,A값,-1.14431
287,20190915053-00,등명중 다목적강당 및 급식시설 증축 통신공사,서울특별시교육청,서울,147795000,148414675,+3% ~ -3%,0,87.745,1033,기,0.41928
288,20190912760-00,본관 통신케이블 교체 공사,국회,서울,249239000,248593525,+2% ~ -2%,12254162,87.745,983,A값/협정,-0.25898
289,20190912512-00,"2019년 불법주정차단속 CCTV 구매, 설치",서울지방조달청/서울특별시,서울,134000000,134704525,+3% ~ -3%,0,87.995,99,물품/기,0.52576
290,20190913202-00,김포공항 국제선 주차빌딩 신축 정보통신공사,한국공항공사,전국/서울,813475808,821022900,+2% ~ -2%,49157359,86.745,1093,기/A값/의무,0.92775
291,20190913189-00,관급자재(낙원상가 하부 과속단속카메라) 제조구매설치,서울특별시/서울특별시,서울,78254000,77897425,+3% ~ -3%,0,84.245,11,물품/기,-0.45567
292,20190914823-01,광나루수난구조대 청사 신설 통신 공사 (공고),서울특별시,서울,103783000,103844550,+3% ~ -3%,0,87.745,932,정,0.05930
293,20190914449-00,염리2구역 주민편익시설 건립공사(정보통신),서울특별시,서울,275400000,274403775,+3% ~ -3%,0,87.745,1051,,-0.36174
294,20190913249-00,한국예술종합학교 별관 학습장 환경개선 통신공사,서울지방조달청/문화체육관광부,서울,373805000,377468350,+2% ~ -2%,26244808,86.745,989,기/A값/협정,0.98001
295,20190824841-00,2019년 지능형 CCTV 설치공사,서울지방조달청/서울특별시,서울,152943000,152274300,+3% ~ -3%,0,87.745,1006,기/협정,-0.43723
296,20190824834-00,2019년 생활안전 CCTV설치 공사,서울지방조달청/서울특별시,서울,236161000,233679025,+3% ~ -3%,0,86.745,972,기/협정,-1.05097
297,2019-01-000133-00,진접선(당고개~진접) 복선전철 역무통신설비 신설 기타공사,국가철도공단,전국/서울/경기,5025795000,5057495704,+2.5% ~ -2.5%,0,85.495,858,기/의무,0.63075
298,20190907306-00,2호선 홍대입구역 유인보관소 구축 공사(통신),서울도시철도엔지니어링주식회사,서울,15784810,15703550,+3% ~ -3%,0,87.745,787,기,-0.51480
299,20190913812-00,불암초 급식실 및 장애인편의시설 증축 통신공사,서울특별시교육청,서울,33237000,33248100,+3% ~ -3%,0,87.745,936,,0.03339
300,20190907390-00,국립극장 지하주차장 건립 주차관제 시스템 통신공사,서울지방조달청/문화체육관광부,서울,293369000,295433625,+2% ~ -2%,19224502,87.745,935,기/A값/협정,0.70376
301,20190908357-00,경춘선 청량리역 등 7역 승하차처리 단말기 이설 기타공사,한국철도공사,서울/경기/강원,125504000,125055050,+2% ~ -2%,1564091,87.745,2467,기/A값,-0.35772
302,20190828714-00,공덕동 행복주택 및 지역편의시설 정보통신공사 (주차타워 포함),서울주택도시공사,전국/서울,2419805000,2415975725,+3% ~ -3%,0,86.745,896,의무,-0.15825
303,20190906241-00,김근태 기념도서관 신축 통신공사(장기계속공사) (긴급공고),서울특별시,서울,91439000,91824225,+3% ~ -3%,0,87.745,985,,0.42129
304,20190904548-00,염곡동서 지하차도 라디오재방송장비 제작구매설치(강남순환도시고속도로(8공구)전기공사용),서울특별시/서울특별시,서울/경기,251691000,251007075,+3% ~ -3%,0,80.495,12,물품/기,-0.27174
305,20190906929-00,신규 도로전광표지 부대시설 설치공사,서울시설공단,서울,123499000,124263200,+3% ~ -3%,0,87.745,957,,0.61879
306,20190824765-01,서울남부출입국외국인사무소 신축청사 보호실 전자잠금시스템 구매설치,서울지방조달청/법무부,서울,80700000,80539450,+2% ~ -2%,0,87.995,33,물품/기/정,-0.19895
307,20190905762-00,2019년 다목적 CCTV 설치공사(1차) 관급자재(보안용카메라) 구매,서울특별시,서울,331760000,327939850,+3% ~ -3%,0,87.995,81,물품/기,-1.15148
308,20190833038-00,은평센터 신축 정보통신공사,서울주택도시공사,서울,352165000,352835925,+3% ~ -3%,0,86.745,997,기/협정,0.19051
309,20190903130-00,서울동교초등학교 급식시설 증축 및 병설유치원 신설 통신 공사,서울특별시교육청,서울,64717000,64880300,+3% ~ -3%,0,87.745,1093,기/연기,0.25232
310,E011906603,19년 서울본부 송변전광단말장치 시설공사,한국전력공사,서울,143200090,142668176,2% ~ -2%,0,87.745,774,,-0.37145
311,20190900284-00,제3처리장 초침 계면측정 제어시스템 구축공사,서울특별시,서울,87966000,87769650,+3% ~ -3%,0,87.745,947,기,-0.22322
312,20190900278-00,광명사거리역 승강편의시설 설치 통신공사(34공구),서울교통공사,서울/경기,46045900,46731675,+3% ~ -3%,0,87.745,2161,기,1.48932
313,E011906538,항동 택지지구 배전계통 자가광통신망 구축공사(ICT운영부),한국전력공사,서울,200250600,199835400,2% ~ -2%,0,87.745,788,,-0.20735
314,20190832382-00,강북문화예술회관 리모델링 공사(통신) 수의견적 제출 안내,서울특별시강북구도시관리공단,서울,66000000,66115375,+3% ~ -3%,0,87.745,658,,0.17481
315,20190900513-00,불광보건분소 증축 및 리모델링 통신공사,서울특별시,서울,60423000,61096900,+3% ~ -3%,0,87.745,1107,,1.11530
316,20190833003-00,서울대학교 인문대 7동 및 사범대 9동 리모델링 통신공사,서울대학교,서울,1001770000,1003195075,+2% ~ -2%,74008551,86.745,922,기/A값,0.14225
317,20190827230-00,금화터널 재난방송 중계설비(FM) 교체,서울특별시/서울특별시,서울,192587000,192570675,+3% ~ -3%,0,87.945,93,물품/기,-0.00848
318,20190832188-00,구립 갈현노인복지관 증축 및 리모델링 통신공사,서울특별시,서울,35618000,36039150,+3% ~ -3%,0,87.745,1020,,1.18240
319,20190832846-00,수술장 리모델링 네트워크 공사 (긴급공고),서울대학교병원,서울,123127451,123615400,+2% ~ -2%,7574870,87.745,975,A값,0.39629
320,20190832017-00,금호역 승강편의시설 설치에 따른 전자공사,서울교통공사,서울,23093760,22899300,+3% ~ -3%,0,87.745,885,기,-0.84205
321,20190830798-00,"내진보강공사(15, 21,22공구)지장물 이설 정보통신공사",서울교통공사,서울,27507260,27718500,+3% ~ -3%,0,87.745,904,기,0.76794
322,20190828463-01,행정망 백본 스위치 구매,서울특별시,서울,99154000,98890800,+3% ~ -3%,0,87.945,51,물품/정,-0.26545
323,20190827900-00,김포공항 신관제탑 지하층 개량 정보통신공사,한국공항공사,서울,33052599,33472075,+2% ~ -2%,1204332,87.745,921,기/A값,1.26911
324,20190828884-00,응급의료센터 리노베이션 공사(통신),국민건강보험공단,서울/인천/경기,255000000,253633250,+2% ~ -2%,13955567,87.745,2574,기/A값,-0.53599
325,32740,00지역 키폰교환기 교체사업,국방부,서울,32983333,32961199,2.0% ~ -2.0%,0,87.995,26,물품,-0.06711
326,20190826746-00,서울의료원 로비편의시설 개선(인테리어) 통신 공사,서울특별시,서울,82234000,82563000,+3% ~ -3%,0,87.745,1103,,0.40007
327,20190826405-00,9호선 3단계 물품보관함 CCTV설치 공사,서울교통공사,서울,43680590,43678775,+3% ~ -3%,0,87.745,944,기,-0.00416
328,20190819096-00,서울가정행정법원 청사 보안게이트 구매설치,서울지방조달청/대법원,서울,79600000,79850775,+2% ~ -2%,0,87.995,30,물품/기,0.31504
329,20190827849-00,NCS교육과정운영 및 실험실습기자재 구매(긴급),서울특별시교육청,서울/경기,85823550,84864950,+2% ~ -2%,0,-,12,물품,-1.11695
330,2019-15386,관사 리모델링 공사(통신),제7016부대,서울,236586250,234095156,0.0% ~ -2.0%,0,87.745,762,기/정,-1.05294
331,20190823552-00,김포공항 다목적 체육시설 조성 정보통신공사,한국공항공사,서울,356584881,357565525,+2% ~ -2%,13207282,86.745,969,기/A값,0.27500
332,20190823175-00,동부지사 원격검침설비(TCS) 통신모뎀 교체공사,서울에너지공사,서울,135674000,136171975,+3% ~ -3%,0,87.745,193,기,0.36703
333,20190820014-00,목감천 수문 유량계 설치에 따른 계장제어장치 제작구매 설치,서울지방조달청/서울특별시,서울,58690000,58497400,+3% ~ -3%,0,87.995,32,물품/기,-0.32817
334,20190826050-00,냉각탑 설치 자동제어 공사,문화체육관광부,서울,38744000,38909400,+2% ~ -2%,0,87.745,490,,0.42690
335,20190824306-00,서울대길초 강당 겸 체육관 및 급식시설 증축 통신공사,서울특별시교육청,서울,116270000,116222950,+3% ~ -3%,0,87.745,1022,기,-0.04047
336,20190825275-00,중소기업유통센터 비상방송 단락 보호장치,(주)중소기업유통센터,서울,7689000,7680300,+2% ~ -2%,0,90,25,물품,-0.11315
337,20190817772-00,경찰병원 병동(65) 시설개선공사(통신),서울지방조달청/경찰청,서울,96884000,96608650,+2% ~ -2%,4645403,87.745,946,기/A값/협정,-0.28421
338,20190819027-00,에너지관리시스템(BEMS) 물품 제조구매,서울특별시/서울특별시,서울,126912000,126640450,+3% ~ -3%,0,87.945,16,물품/기/협정,-0.21397
339,20190818899-00,지하도상가 영상감시설비 성능개선(교체) 공사,서울시설공단,서울,250445038,248769600,+3% ~ -3%,0,87.745,1029,,-0.66899
340,20190818529-00,구의정수센터 탈수설비 개량 자동제어 공사,서울특별시/서울특별시,서울,119800000,119978550,+3% ~ -3%,0,87.745,909,기,0.14904
341,32051,박물관 특별전시회 비디오월 구매 설치,육군사관학교,서울,29411764,29461795,2.0% ~ -2.0%,0,88,40,물품/기,0.17010
342,20190818971-00,관악산(송) 노후 CCTV 교체공사,한국방송공사,서울,62000000,62662975,+2% ~ -2%,0,85,1055,기,1.06931
343,E011906206,자고객 원격검침망 구축공사,한국전력공사,서울,74855000,74313244,2% ~ -2%,0,87.745,764,,-0.72375
344,20190822881-00,남부초외 4교 장애인편의시설 설치 통신공사,서울특별시교육청,서울,29610000,29657350,+3% ~ -3%,0,87.745,857,기,0.15991
345,20190820748-00,"내진보강공사(19,20,24공구)지장물 이설 정보통신공사",서울교통공사,서울,31572530,31978750,+3% ~ -3%,0,87.745,903,기,1.28662
346,20190817137-00,서울법원종합청사 출입통제용 게이트 구매 및 설치,대법원,서울,54440000,54276750,+2% ~ -2%,0,87.945,33,물품/기,-0.29988
347,20190819341-00,두빛나래문화체육센터 증축 정보통신공사,서울특별시,서울,45100000,44823350,+3% ~ -3%,0,87.745,1003,,-0.61342
348,20190818671-00,★장애인대상업만 투찰★중앙선 용문역등 5개역 홈대합실 통신설비 신설공사,한국철도공사,서울/경기,29016000,28988400,+2% ~ -2%,0,87.745,32,기,-0.09512
349,20190802775-00,신대방1동 구립 데이케어센터 신축 정보통신공사,서울특별시,서울,36270000,36133500,+3% ~ -3%,0,87.745,962,,-0.37635
350,20190814533-00,9호선 3단계 수유실 인터폰공사,서울교통공사,서울,36790090,36356375,+3% ~ -3%,0,87.745,898,기,-1.17890
351,2019-01-000132-00,경부선 구로역승강설비 및 금정역홈지붕 개량 통신공사,국가철도공단,서울/경기,561573000,559149643,+2.5% ~ -2.5%,0,86.335,1591,기/협정,-0.43154
352,20190817503-00,원당초 강당 겸 체육관 증축 통신공사,서울특별시교육청,서울,63205000,64247300,+3% ~ -3%,0,87.745,1035,기,1.64907
353,20190814615-00,서울방화초 정보종합센터 통신선로 이설공사,서울특별시교육청,서울,33553000,33572175,+3% ~ -3%,0,87.745,960,기,0.05714
354,20190812681-00,제2월곡인조잔디구장 CCTV 설치공사,서울시,서울,19250000,19442075,+3% ~ -3%,0,87.745,798,,0.99779
355,1902638-01,서울 공공리모델링 정보통신공사 2공구,한국토지주택공사,서울,318963000,318636000,+2% ~ -2%,0,86.745,885,기/정,-0.10252
356,20190809810-00,김포공항 항공유저장소 출하대 포스시스템 교체공사,한국공항공사,서울,42893000,42862825,+2% ~ -2%,236969,87.745,842,기/A값,-0.07035
357,20190811864-00,2019년 여직원 침실 조성 정보통신공사,서울교통공사,서울,57531670,57239300,+3% ~ -3%,0,87.745,1046,기,-0.50819
358,20190810150-00,"내진보강공사(17-1공구, 17-2공구, 23공구) 지장물 이설 정보통신공사",서울교통공사,서울,230600040,232451225,+3% ~ -3%,0,87.745,985,기,0.80276
359,20190809287-01,덕산파출소 신축공사(통신) (정정공고),경찰청,서울,24210230,24006250,+2% ~ -2%,0,87.745,887,기/정,-0.84254
360,20190809271-00,고속터미널(3)역 CCTV 신설 및 이설공사,서울교통공사,서울,8939520,8960650,+3% ~ -3%,0,87.745,457,기,0.23636
361,20190806839-00,둔촌도서관 신축 통신공사,서울특별시,서울,97835000,97279600,+3% ~ -3%,0,87.745,979,기,-0.56770
362,1902644-00,서울 공공리모델링 정보통신공사 6공구,한국토지주택공사,서울,213420000,213344000,+2% ~ -2%,0,87.745,936,기,-0.03562
363,1902642-00,서울 공공리모델링 정보통신공사 5공구,한국토지주택공사,서울,269066000,270436000,+2% ~ -2%,0,87.745,934,기,0.50916
364,1902640-00,서울 공공리모델링 정보통신공사 4공구,한국토지주택공사,서울,200021000,199781000,+2% ~ -2%,0,87.745,940,기,-0.11999
365,1902639-00,서울 공공리모델링 정보통신공사 3공구,한국토지주택공사,서울,331750000,331772000,+2% ~ -2%,0,86.745,901,기,0.00663
366,1902637-00,서울 공공리모델링 정보통신공사 1공구,한국토지주택공사,서울/경기,305078000,305242000,+2% ~ -2%,0,87.745,2181,기,0.05375
367,20190807674-00,청년창업꿈터 2호점 리모델링 공사(통신) (긴급공고),서울특별시,서울,63360000,62484250,+3% ~ -3%,0,87.745,1091,기,-1.38219
368,20190806835-00,금호로 확장 통신공사(정보통신) (긴급공고),서울특별시,서울,104434000,103798575,+3% ~ -3%,0,87.745,1017,,-0.60845
369,20190805779-00,2019년 조직개편에 따른 본사 사무실 재배치 통신공사,서울교통공사,서울,10747600,10741000,+3% ~ -3%,0,87.745,545,기,-0.06141
370,20190808772-00,신현초 다목적강당 겸 체육관 증축 통신공사,서울특별시교육청,서울,61306000,61272025,+3% ~ -3%,0,87.745,1047,기,-0.05542
371,20190808763-00,서울군자초 다목적강당 겸 체육관 증축 통신공사,서울특별시교육청,서울,67419000,67252050,+3% ~ -3%,0,87.745,1047,기,-0.24764
372,20190806842-00,"내진보강공사(16공구,17-3공구)지장물 이설 정보통신공사",서울교통공사,서울,26098820,25679575,+3% ~ -3%,0,87.745,877,기,-1.60638
373,20190805501-00,방배느티나무쉼터 신축공사(통신),서울특별시,서울,54393000,54391800,+3% ~ -3%,0,87.745,1048,기,-0.00221
374,20190804918-00,용산구 장애인커뮤니티센터 건립 공사(통신),서울특별시,서울,62046000,62245825,+3% ~ -3%,0,87.745,1084,,0.32205
375,20190805857-00,2019년 제1차 통신시설물 성능개선공사(연간단가) 소액수의 견적 공고,서울과학기술대학교,서울,50000000,49606625,+2% ~ -2%,0,87.745,958,기,-0.78675
376,20190804002-02,통합민원실 설치공사(통신) (정정공고),경찰청,서울/경기,57530000,57344350,+2% ~ -2%,2921621,87.745,2317,정/A값,-0.32271
377,20190801321-00,고속터미널(3)역 혼잡도 개선 전자공사,서울교통공사,서울,94769000,94858125,+3% ~ -3%,0,87.745,959,,0.09404
378,20190740968-03,역촌119안전센터 증축사업 통신공사 (공고),서울특별시,서울,49431000,49653375,+3% ~ -3%,0,87.745,1017,정,0.44986
379,20190802580-00,중랑구 도로관리 및 제설자재 보관센터 신축공사(정보통신),서울특별시,서울,45430000,45741000,+3% ~ -3%,0,87.745,974,기,0.68456
380,20190738562-00,남부여성발전센터 주차관제시스템 교체 작업,서울지방조달청/서울특별시,서울,61000000,61145850,+3% ~ -3%,0,87.995,17,물품/기,0.23909
381,E011905742,영등포전력지사 송변전광단말장치 시설공사,한국전력공사,서울,77979000,77891511,2% ~ -2%,0,87.745,764,,-0.11220
382,20190736545-00,강남70+라운지(가칭) 내부 리모델링 공사(통신),서울특별시,서울,10314000,10293625,+3% ~ -3%,0,87.745,531,기,-0.19755
383,20190741161-00,1처리장 발전동 감시제어 모자이크판넬 정비공사,주식회사,서울,165924000,163874900,+3% ~ -3%,0,87.745,861,기,-1.23497
384,20190741093-00,창동 신창시장 고객지원센터 및 마을활력소 신축공사(통신),서울특별시,서울,67760000,67821525,+3% ~ -3%,0,87.745,1072,,0.09079
385,20190741122-00,잠일고등학교 방송환경개선공사(통신공사) (긴급공고),서울특별시교육청,서울/경기,21670000,21646150,+3% ~ -3%,0,87.745,1913,,-0.11006
386,20190738148-00,2019년 다목적 CCTV 설치공사 (긴급공고),서울특별시,전국/서울,855596000,856103000,+3% ~ -3%,0,86.745,654,기/의무,0.05925
387,20190740718-00,당곡초 디자인중심 유치원공간 신설 통신공사,서울특별시교육청,서울,31482000,31616100,+3% ~ -3%,0,87.745,889,기,0.42595
388,20190739615-00,"간호간병통합서비스병동 조성공사(54,115병동)-(통신) (긴급공고)",서울대학교병원,서울,106666667,105784075,+2% ~ -2%,0,87.745,899,,-0.82743
389,20190733125-00,국회 본관 및 외곽 CCTV 설치공사,국회,서울,153180000,155089425,+2% ~ -2%,0,87.745,897,협정,1.24652
390,20190733033-00,2019년도 교통정보용 CCTV카메라 확대설치 공사,서울특별시,서울,303306000,304075700,+3% ~ -3%,0,87.745,189,협정,0.25377
391,20190730288-00,"한국조폐공사 영업개발처 사옥 신축 공사(통신,보안)",한국조폐공사,서울,192808000,195322275,+2% ~ -2%,0,87.745,950,,1.30403
392,20190736221-00,성덕고등학교 구관 도서관문화공간 인테리어공사(통신) (긴급공고),서울특별시교육청,서울,49239000,49352425,+2% ~ -2%,0,87.745,901,,0.23035
393,20190734647-00,신원중 체육관 환경개선 통신공사,서울특별시교육청,서울,39906000,39489325,+3% ~ -3%,0,87.745,965,기,-1.04415
394,20190731027-00,2019년 고객서비스분야 여직원침실 신규조성 통신공사,서울교통공사,서울,46482400,46636650,+3% ~ -3%,0,87.745,951,기,0.33184
395,20190729357-00,시민의숲 노후건축물 정비 통신공사,서울특별시/서울특별시,서울,103400000,102838850,+3% ~ -3%,0,87.745,1000,기,-0.54270
396,20190735081-00,2019 대림대학교 LINC+사업 협약반 실습실 구축 및 시설개선공사(통신공사),대림대학교,서울/인천/경기,18355000,18439275,+2% ~ -2%,0,87.745,1755,,0.45913
397,20190726493-00,노후 백본 스위치 교체,서울특별시,서울,67500000,66632500,+3% ~ -3%,0,87.945,63,물품/기/협정,-1.28519
398,20190734919-00,"봉현초외 2교(원당초, 인헌초) 강당 리모델링 및 타 통신공사",서울특별시교육청,서울,28470000,28415025,+3% ~ -3%,0,87.745,771,기,-0.19310
399,20190728052-00,"대도초 외2교(대치중,포이초) 방송시설 개선 및 기타 통시공사 (긴급공고)",서울특별시강남서초교육지원청,서울,116052000,117692750,+3% ~ -3%,0,87.745,997,,1.41380
400,20190729607-00,서울동부구치소 수용동 CCTV(보안용카메라) 구매 소액수의 견적제출 안내,법무부,서울,495000,494250.08,+2% ~ -2%,0,88,41,물품/기,-0.15150
401,20190730606-00,202경비단 본관 리모델링 통신공사,경찰청,서울,26592000,26355300,+2% ~ -2%,0,87.745,869,기,-0.89012
402,20190729535-00,남도학숙(동작관) 노후 CCTV 녹화장비 및 카메라 교체공사,재단법인,서울/경기,30286000,30396750,+3% ~ -3%,0,87.745,372,기,0.36568
403,20190729316-00,윤중중 외 1교(대동초) 학교공간 재구조화 통신공사,서울특별시교육청,서울,28544000,28551400,+3% ~ -3%,0,87.745,884,기,0.02592
404,20190727870-00,인헌고 방송장비 및 선로교체 통신공사 (긴급공고),서울특별시교육청,서울,246296000,245942000,+3% ~ -3%,0,87.745,981,,-0.14373
405,20190727713-00,[긴급]방학초 외벽개선 통신공사 (긴급공고),서울특별시교육청,서울,220370000,219464900,+3% ~ -3%,0,87.745,989,기,-0.41072
406,20190728286-00,중화고 외 1교(상봉초) 샌드위치판넬해소 및 타 통신 공사,서울특별시교육청,서울,38599000,38595875,+3% ~ -3%,0,87.745,926,기,-0.00810
407,20190725850-00,북한산국립공원 구기분소 정비(통신) 공사,국립공원공단,서울,53477000,53131875,+2% ~ -2%,0,87.745,1060,,-0.64538
408,20190721539-00,5~8호선 망분리 네트워크 추가공사,서울교통공사,서울/경기,85167940,84590125,+3% ~ -3%,0,87.745,2200,기,-0.67845
409,20190727874-00,봉원중외 1교(영등포중) 바닥개선 통신공사,서울특별시교육청,서울,19970000,20144650,+3% ~ -3%,0,87.745,735,,0.87456
410,20190719777-00,최초침전지 NH4측정 데이터 통신 및 송풍 제어프로그램 보완,(주)탄천환경,서울/경기,89496000,90549200,+3% ~ -3%,0,87.745,1589,기,1.17681
411,20190703733-01,미림여자정보과학고등학교 비중확대 관련 실습실 리모델링 공사 입찰 공고(통신) (긴급공고) (정정공고),서울특별시교육청,서울,33000000,33103600,+2% ~ -2%,0,87.745,853,기/정,0.31393
412,20190717267-00,서울방이초등학교 통신시설 개선공사,서울특별시교육청,서울,208689000,210323075,+3% ~ -3%,0,87.745,1012,기,0.78301
413,20190717260-00,서울중대초등학교 방송선로 교체 공사,서울특별시교육청,서울,152312000,150197200,+3% ~ -3%,0,87.745,1006,,-1.38847
414,20190726359-00,삼일초 방송선로 교체 통신공사,서울특별시교육청,서울,62370000,62154100,+3% ~ -3%,0,87.745,915,,-0.34617
415,20190722792-00,서울월정초 병설유치원 증설 통신공사,서울특별시교육청,서울,51274000,50853975,+3% ~ -3%,0,87.745,1041,,-0.81918
416,20190718701-00,서울문래초 강당 겸 체육관 및 급식실 증축 통신 공사,서울특별시교육청,서울,111419000,112470550,+3% ~ -3%,0,87.745,983,기,0.94377
417,20190710200-00,2019년 CCTV 자가통신망 통신장비 구매 설치,서울지방조달청/서울특별시,서울,123000000,123640250,+3% ~ -3%,0,84.245,76,물품/기,0.52052
418,20190716329-00,김포공항 통합변전실 신축 정보통신공사,한국공항공사,서울,219983114,221263475,+2% ~ -2%,0,87.745,959,기,0.58202
419,20190720743-00,서울신초 병설유치원 증설 통신공사,서울특별시교육청,서울,28189000,28431175,+3% ~ -3%,0,87.745,911,기,0.85911
420,20190715684-00,건강보험심사평가원 서울지원 신사옥 사무환경 구축(네트워크) 공사,건강보험심사평가원,서울,140000000,140675500,+2% ~ -2%,0,87.745,637,기,0.48250
421,20190712447-00,서울목동초 방송장비 관급자재 구매 의뢰,서울지방조달청/서울특별시강서교육청,서울,173900000,171550200,+3% ~ -3%,0,87.995,54,물품/기,-1.35124
422,20190717249-00,서울거원초등학교 시청각실 환경개선 통신공사 견적 공고,서울특별시교육청,서울,50289000,50220675,+3% ~ -3%,0,87.745,1055,기,-0.13587
423,20190718730-00,서울영서초 강당 겸 체육관 및 급식시실 증축 통신 공사,서울특별시교육청,서울,80674000,78915975,+3% ~ -3%,0,87.745,1086,기,-2.17918
424,20190718532-00,2019년 소규모주택 CCTV 설치공사,서울주택도시공사,서울,83556000,83243750,+3% ~ -3%,0,87.745,965,기,-0.37371
425,20190717994-00,경원선 한남등 12역 홈대합실 통신설비 신설공사,한국철도공사,서울/경기,57857000,57986950,+2% ~ -2%,0,87.745,2366,기,0.22460
426,20190715637-00,동탄아름드림센터 건립공사 비콘 구매 설치,화성도시공사,서울/경기,84073000,84124975,+3% ~ -3%,0,84.245,89,물품,0.06182
427,27715,"00부대 보안용카메라,TRS중계기 제조설치납품",육군,서울/경기,27264494,27297305,3.0% ~ -3.0%,0,88,93,물품/기,0.12034
428,20190718504-00,예술의전당 콘서트홀 노후 스피커 교체 구매설치(견적공고),예술의전당,서울,50000000,50107750,+2% ~ -2%,0,88,51,물품,0.21550
429,20190717133-01,2019년 CCTV 자가통신망 수용 공사 (긴급공고) (정정공고),서울특별시,서울,113410000,111412900,+3% ~ -3%,0,87.745,987,기/정,-1.76096
430,20190713615-00,삼성동 제2공영주차장 통신공사,서울특별시,서울,40926000,40943950,+3% ~ -3%,0,87.745,1012,기,0.04385
431,20190633019-00,가칭)신길중학교 교사신축 통신공사,서울지방조달청/서울특별시교육청,전국/서울,613737000,623616675,+3% ~ -3%,0,86.745,1102,기/의무,1.60975
432,2019-12202,노후 케이블 교체 공사,제7016부대,서울,154021000,152128976,0.0% ~ -3.0%,0,87.745,805,기/정,-1.22842
433,20190711433-00,6호선 신내기지 환승시설 방송장치 구매설치,서울교통공사,서울,68068190,68183950,+3% ~ -3%,0,87.945,47,물품/기,0.17006
434,20190715197-00,양재역 화장실 개량 정보통신공사,서울교통공사,서울,19863660,19889150,+3% ~ -3%,0,87.745,816,기,0.12832
435,20190703096-00,서울중대초등학교 관급자재(방송장비) 구매,서울특별시교육청,서울,67988000,67990450,+3% ~ -3%,0,87.995,48,물품,0.00360
436,20190710355-01,송파소방서 본서 증축 정보통신공사 (정정공고),서울특별시,서울,66418000,66249850,+3% ~ -3%,0,87.745,1105,기/정,-0.25317
437,20190711966-00,서울 성남고 방송선로개선 공사,서울특별시교육청,서울,80740000,81051075,+3% ~ -3%,0,87.745,1096,,0.38527
438,20190709242-00,"서운중 외2교(구룡초,원명초) 통신공사",서울특별시강남서초교육지원청,서울,17761000,17670600,+3% ~ -3%,0,87.745,791,,-0.50899
439,20190711155-00,★장애인업만 투찰★경원선 청량리역 신호계전실 신축 통신설비 신설공사,한국철도공사,서울,52706000,52496800,+2% ~ -2%,0,87.745,14,기,-0.39692
440,20190706816-00,김포공항 종합상황실 노후통신시스템 고도화,한국공항공사,서울,84351646,84151575,+2% ~ -2%,0,84.245,70,물품/기,-0.23719
441,20190705901-00,안천중 방송선로 교체 통신공사,서울특별시교육청,서울,151700000,151797125,+3% ~ -3%,0,87.745,1033,기,0.06402
442,20190705899-00,여의도중 방송시설 개선 및 급식실 개선 통신공사,서울특별시교육청,서울,199375000,202030700,+3% ~ -3%,0,87.745,1025,기,1.33201
443,20190705891-00,영원중 방송선로 교체 통신공사,서울특별시교육청,서울,245960000,246281650,+3% ~ -3%,0,87.745,1021,기,0.13077
444,20190703894-00,2019년 방범용 CCTV 자가통신망 공사,서울특별시,서울,127740000,129788350,+3% ~ -3%,0,87.745,1030,기,1.60353
445,20190703684-00,대림3동 어린이집 신축 통신공사,서울특별시,서울,35200000,35375700,+3% ~ -3%,0,87.745,999,기,0.49914
446,20190703252-00,2019년 5호선 화곡역 등 4개소 전산네트워크 공사,서울교통공사,서울/경기,21689200,21490825,+3% ~ -3%,0,87.745,1749,기,-0.91463
447,20190638322-00,2019년 불법주정차 단속 CCTV 구매 설치,서울지방조달청/서울특별시,서울,80600000,79989100,+3% ~ -3%,0,87.995,11,물품/기,-0.75795
448,20190704383-02,서울역사박물관 전시실 보안설비(초음파센서) 통신공사 (공고),서울특별시,서울,32500000,32288325,+3% ~ -3%,0,87.745,935,정,-0.65131
449,20190632326-00,정부합동민원센터 민원실 등 시설공사(통신),서울지방조달청/국민권익위원회,서울,205449000,204513725,+2% ~ -2%,0,87.745,964,기/협정,-0.45524
450,20190700222-00,본관동 별관동 실습실 통신 개선공사,서울특별시교육청,서울,31680000,31725350,+2% ~ -2%,0,87.745,957,,0.14315
451,E011904868,강동송파지사 리모델링 사옥 통신공사(ICT운영부),한국전력공사,서울,552728000,548343845,2% ~ -2%,0,86.745,740,,-0.79319
452,20190701136-00,오니처리계열 계측 교체 공사,주식회사,서울,72196300,71749625,+3% ~ -3%,0,87.745,850,기,-0.61870
453,20190638778-00,한국은행 강남본부 통신설비 유지보수 용역,한국은행,서울,169488000,170922325,+2% ~ -2%,0,87.995,96,,0.84626
454,20190612185-00,한국거래소 서울사옥 본관 및 국제회의장 리모델링 통신공사,서울지방조달청/(주)한국거래소,전국/서울,3008109000,2986247650,+2% ~ -2%,0,86.745,912,기/의무,-0.72675
455,20190637051-00,성동공업고등학교 방송설비 개선 공사,서울특별시교육청,서울,68537117,68594050,+3% ~ -3%,0,87.745,983,기,0.08306
456,20190639112-00,진관중학교 교실증축 통신공사,서울특별시교육청,서울,45849000,45540275,+3% ~ -3%,0,87.745,1057,,-0.67336
457,20190632620-00,교사동 전관 및 특별시 방송시설 개선공사,서울특별시교육청,서울,141680000,142999800,+2% ~ -2%,0,87.745,1005,기,0.93153
458,20190636697-00,서울도시철도ENG(주) 현장대실 조성 통신공사,서울교통공사,서울,11397500,11443825,+3% ~ -3%,0,87.745,623,기,0.40644
459,20190634981-00,음악이 흐르는 불광천 조성공사,서울특별시,서울,82596000,81975150,+3% ~ -3%,0,87.745,990,기,-0.75168
460,20190629839-01,장지동길 신설 도로개설 정보통신공사 (정정공고),서울주택도시공사,서울,437492000,435936775,+3% ~ -3%,0,86.745,947,기/정/협정,-0.35549
461,20190634495-00,구로고등학교 방송선로 교체 통신공사,서울특별시교육청,서울,245127300,243558550,+3% ~ -3%,0,87.745,1022,기,-0.63998
462,20190634485-00,난곡중학교 방송선로 교체 통신공사,서울특별시교육청,서울,96758000,96847550,+3% ~ -3%,0,87.745,1016,기,0.09255
463,20190633486-00,수락산 외 1역 승강편의시설 설치 통신공사(36공구),서울교통공사,서울,61895700,61768575,+3% ~ -3%,0,87.745,991,기,-0.20539
464,20190631350-00,청담대교 케이블 장력 계측시스템 용역,서울교통공사,서울,18510230,18408200,+3% ~ -3%,0,87.745,87,기,-0.55121
465,2019-11972,00시설 음향시스템 개선공사,국방부근무지원단,서울,34688000,34791158,3.0% ~ -3.0%,0,87.745,698,기,0.29738
466,20190636367-00,신남성초 강당 겸 체육관 증축 통신공사 소액수의 견적 제출,서울특별시교육청,서울,56146000,55855350,+3% ~ -3%,0,87.745,1003,기,-0.51767
467,20190631035-00,2019년 북한산도봉 낙석계측시스템 구매 및 설치,국립공원공단,서울/경기,99160000,99315250,+2% ~ -2%,0,84.245,102,물품,0.15656
468,20190634025-00,손정 체육공원 러닝센터 증축 통신공사,서울특별시,서울,71643000,72110350,+3% ~ -3%,0,87.745,1098,기,0.65233
469,20190633266-00,DDP패션몰 영상송출설비 구매설치,서울시설공단,서울,39270000,39408575,+3% ~ -3%,0,88,24,물품/기,0.35287
470,20190627441-00,2019년 엘리베이터 안내시스템 설치공사 소액수의 공고,서울과학기술대학교,서울,46487030,46580875,+2% ~ -2%,0,87.745,906,기,0.20187
471,20190627082-00,경부선 금천구청~수원간 강대외장형 광케이블 개량공사,한국철도공사,서울/경기,1055087000,1054633400,+2% ~ -2%,0,86.745,1969,기,-0.04300
472,20190628669-00,서울 소방행정타운 건립(2단계) 정보통신공사 (긴급공고),서울특별시/서울특별시,서울,146205200,145331300,+3% ~ -3%,0,87.745,1019,기,-0.59773
473,20190629639-00,★장애인업만 투찰★경원선 외대앞역 열차행선안내장치 신설공사,한국철도공사,서울,29363000,29141575,+2% ~ -2%,0,87.745,14,기,-0.75410
474,20190629580-00,경원선 외대앞역 역무자동화설비 신설 타공사,한국철도공사,서울,70407000,69920350,+2% ~ -2%,0,87.745,1015,기,-0.69120
475,20190624513-00,경부선 안양역 등 3역 영상감시설비 개량 타공사,한국철도공사,서울/경기,596906000,598341625,+2% ~ -2%,0,86.745,2087,기,0.24051
476,20190622621-00,남산2호터널 구간단속 카메라 설치공사,서울특별시,서울,195655000,191830975,+3% ~ -3%,0,87.745,72,기,-1.95448
477,20190628155-00,윤중중학교 강당 겸 체육관 증축 통신공사,서울특별시교육청,서울,47300000,47875825,+3% ~ -3%,0,87.745,1020,,1.21738
478,20190622849-00,서울대조초등학교 방송시설개선 통신 공사,서울특별시교육청,서울,141215000,141688825,+3% ~ -3%,0,87.745,1046,기,0.33553
479,20190618698-00,경부선 안양 등 9역 방송설비 개량 타공사,한국철도공사,서울/인천/경기,514480000,515098725,+2% ~ -2%,0,86.745,2334,기,0.12026
480,20190615941-00,관리본관 행정망 데이터 통신장비 이설공사,서울특별시,서울/경기,21450000,21612325,+3% ~ -3%,0,87.745,1901,기,0.75675
481,20190622817-02,"성사중 체육관,급식실 증축 및 기타 통신 공사 (긴급공고) (정정공고)",서울특별시교육청,서울,159830000,160415825,+3% ~ -3%,0,87.745,1024,기/정,0.36653
482,20190613145-00,신용보증기금 마포사옥 리모델링 정보통신공사 (긴급공고),신용보증기금,전국/서울,2464479000,2394740450,0% ~ -5%,0,86.745,797,기/의무,-2.82975
483,20190623198-00,원촌초 체육관 증축 및 승강 설치 통신공사,서울특별시강남서초교육지원청,서울,81686000,81943575,+3% ~ -3%,0,87.745,1085,기,0.31532
484,20190617786-00,남성사계시장 고객지원센터 리모델링 정보통신공사,서울특별시,서울,17300000,17410375,+3% ~ -3%,0,87.745,770,,0.63800
485,20190617647-00,승강장안전문 장애물검지센서 모니터링 시스템 설치 공사,서울교통공사,서울,472297850,463593425,+3% ~ -3%,0,86.745,304,,-1.84300
486,20190616433-00,국립국악원 풍류사랑방 및 예악당 통신케이블공사,서울지방조달청/문화체육관광부,서울,87174000,87495500,+2% ~ -2%,0,87.745,924,기/협정,0.36880
487,20190616106-00,응급 및 감염관리센터 시설확충공사 관급자재(출입통제시스템) 납품 및 설치,국민건강보험공단,서울/인천/경기,52900000,52978750,+2% ~ -2%,0,87.995,45,물품/기,0.14886
488,20190613580-00,신도초 방송시설개선 통신 공사,서울특별시교육청,서울,196108000,194621050,+3% ~ -3%,0,87.745,1033,기,-0.75824
489,20190612155-00,학내 재난안전 방송설비 구축 통신공사,서울교육대학교,서울,135979000,137543500,+2% ~ -2%,0,87.745,980,기,1.15054
490,20190609608-00,서울역사박물관 수장고 재배치 통신공사,서울특별시/서울특별시,서울,134736000,135659650,+3% ~ -3%,0,87.745,1032,기,0.68552
491,20190612582-00,정부합동민원센터 사무실 설치공사(통신) (긴급공고),서울지방조달청/국민권익위원회,서울,90421000,90770325,+2% ~ -2%,0,87.745,936,기/협정,0.38633
492,20190610856-00,안산선 대야미역 외 10역 시각장애인용음성유도 신설공사,한국철도공사,서울/경기,298851000,299745375,+2% ~ -2%,0,87.745,2112,기,0.29927
493,20190606274-00,창동 임시주차장 조성 정보통신공사,서울주택도시공사,서울,107536000,106427625,+3% ~ -3%,0,87.745,987,기/협정,-1.03071
494,20359,전자감시장비 교체,제7016부대,서울,98218300,98592357,3.0% ~ -3.0%,0,87.995,78,물품/기,0.38084
495,20190612211-00,UC메신저 및 모바일UC 시스템 구매 설치(긴급),서울특별시,서울,120890000,120718050,+3% ~ -3%,0,87.995,14,물품,-0.14224
496,20190601959-00,2019년 임대아파트 CCTV 교체 공사(2권역),서울주택도시공사,전국/서울,909637000,898378025,+3% ~ -3%,0,86.745,1068,기/의무,-1.23775
497,20190601944-00,2019년 임대아파트 CCTV 교체 공사(1권역),서울주택도시공사,전국/서울,904853000,914304250,+3% ~ -3%,0,86.745,1069,기/의무,1.04450
498,20190611209-00,압구정초 외1교(봉은중) 급식실 증축 및 타 통신공사,서울특별시강남서초교육지원청,서울,70723000,70975200,+3% ~ -3%,0,87.745,1077,기,0.35660
499,20190611103-00,서초 Wee센터 리모델링 통신 공사,서울특별시강남서초교육지원청,서울,6897000,6862775,+3% ~ -3%,0,87.745,429,기,-0.49624
500,20190609962-00,서울목동초 방송시설 개선공사,서울특별시교육청,서울,45976000,45751100,+3% ~ -3%,0,87.745,1013,기,-0.48917
501,2019-09079,육사 도서관 개수 통신공사,육군사관학교,서울/경기,185853293,184106359,0.2% ~ -3.0%,0,87.745,2013,,-0.93996
502,2019-09242,00부대 통신공사(19-1111),국군재정관리단,서울,425324410,415978642,0.1% ~ -3.0%,0,86.745,790,기,-2.19733
503,20190603518-00,교육연구정보원 냉난방개선 및 타 통신공사,서울특별시교육청,서울,39518000,39991675,+3% ~ -3%,0,87.745,984,기,1.19863
504,20584,비디오월 구축사업,국군화생방방호사령부,서울/경기,175041138,173855118,3.0% ~ -3.0%,0,87.995,187,물품/기,-0.67757
505,20190602696-00,국립국악원 공연연습장 통신공사,서울지방조달청/문화체육관광부,서울,327604000,330567200,+2% ~ -2%,0,86.745,919,기/협정,0.90450
506,20190601581-00,서울의료원 외래진료과 개설 통신 공사,서울특별시,서울,21460000,21301825,+3% ~ -3%,0,87.745,862,,-0.73707
507,20190604414-00,구립송파청소년수련관 시설능보강 공사(정보통신),서울특별시,서울,81873000,82023675,+3% ~ -3%,0,87.745,1119,기,0.18403
508,20190603616-00,★장애인대상업만투찰★역곡구분소 등 5개소 CCTV강관주 안전작업대 설치공사,한국철도공사,서울/인천/경기,19513000,19386475,+2% ~ -2%,0,87.745,30,기,-0.64842
509,20190602258-00,서울연가초등학교 서관동 개축 통신 공사,서울특별시교육청,서울,261140000,260171875,+3% ~ -3%,0,87.745,1006,기,-0.37074
510,20190601469-00,네트워크 스위치 교체설치(긴급),서울특별시,서울,79596000,79647400,+3% ~ -3%,0,84.245,58,물품,0.06457
511,20190544657-00,서대문독립공원 등 공공와이파이 설치공사,서울특별시,서울,87967000,88085575,+3% ~ -3%,0,87.745,999,기,0.13479
512,20190542341-03,환경산업연구단지 연구사무실 임대면적 축소 리모델링(통신) (긴급공고) (공고),한국환경산업기술원,서울/인천,56870000,56569050,+2% ~ -2%,0,87.745,1221,정,-0.52919
513,20190600664-00,교육시설관리본부 이전리모델링 통신공사 (긴급공고),서울특별시교육청,서울,178970000,178889525,+3% ~ -3%,0,87.745,1010,기,-0.04497
514,20190544753-00,강서구민올림픽체육센터 리모델링 통신공사,서울특별시,서울,58550000,58246900,+3% ~ -3%,0,87.745,1056,,-0.51768
515,20190540574-00,5호선 마곡역 신설 출입구 통신설비 설치공사,서울교통공사,서울,206331060,208680725,+3% ~ -3%,0,87.745,1003,기,1.13878
516,20190542930-00,서울분원 네트워크 추가설치 공사,국방기술품질원,서울,33597000,33563375,+2% ~ -2%,0,87.745,847,,-0.10009
517,20190544921-00,상도중 강당겸체육관 및 급식실 증축 통신공사 소액수의 견적제출 공고,서울특별시교육청,서울,79504000,79472850,+3% ~ -3%,0,87.745,954,기,-0.03919
518,20190537329-00,2019년 공원등 양방향 무선원격 감시제어시스템 구축공사 시행,서울특별시,서울,30650000,30607600,+3% ~ -3%,0,87.745,723,,-0.13834
519,20190537232-00,전자(AFC) 노후 분전반 개선공사,서울교통공사,서울,191169540,190407750,+3% ~ -3%,0,87.745,1521,기,-0.39849
520,20190543135-00,구룡중학교 급식실 증축 및 타 통신공사,서울특별시강남서초교육지원청,서울,19129000,19120625,+3% ~ -3%,0,87.745,766,기,-0.04379
521,20190536832-00,석촌지하차도외 2개소 노후 CCTV 개량공사,서울특별시,서울,45360000,45703100,+3% ~ -3%,0,87.745,1012,기,0.75639
522,20190537790-00,관악구청 라이브 방송시스템 구매설치,서울특별시,서울,41767000,41485875,+3% ~ -3%,0,88,33,물품/기,-0.67308
523,2019-07191,19년 사령부 노후케이블 교체공사(본공사),국군화생방방호사령부,서울/경기,724835000,712125765,0.0% ~ -3.0%,0,86.745,1900,기,-1.75340
524,20190537138-00,무중력지대-영등포 공간리모델링 통신공사 (긴급공고),서울특별시,서울,23837000,23614925,+3% ~ -3%,0,87.745,832,,-0.93164
525,20190525657-00,2019년 방범용 CCTV 구매설치 (2차),서울지방조달청/서울특별시,서울,439100000,438959550,+3% ~ -3%,0,87.995,113,물품/기,-0.03199
526,20190529027-00,서울강덕초 관급자재(방송장비) 구매,서울지방조달청/서울특별시교육청,서울,247800000,250013525,+3% ~ -3%,0,87.995,52,물품/기,0.89327
527,20190529603-00,2019년 정보통신장비 구매(교체) 설치,서울특별시,서울,175833350,176615850,+3% ~ -3%,0,84.245,76,물품/기,0.44502
528,20190528483-00,도림천 산책로 진출입 차단 게이트 제작.구매 설치,서울특별시,서울,211040000,209635600,+3% ~ -3%,0,87.995,18,물품,-0.66547
529,20190524490-00,서울대학교 외국인기숙사 CCTV 구매설치,서울대학교,서울,79150000,79281625,+2% ~ -2%,0,87.995,119,물품/기,0.16629
530,2019-07061,00지역 통신공사(19-078),제1596부대,서울,142855550,141011025,0.0% ~ -3.0%,0,87.745,724,기,-1.29119
531,20190525812-00,송파구 치매안심센터 기능보강공사(통신),서울특별시,서울,82990000,81893150,+3% ~ -3%,0,87.745,1024,,-1.32167
532,20190530522-00,구내 정보통신장비 교체,서울특별시,서울,99984500,99431650,+3% ~ -3%,0,84.245,35,물품/협정,-0.55294
533,E011903875,아트센터 무대 영상장치 설치공사,한전사옥건설처,서울,285923000,283893366,2% ~ -2%,0,87.745,768,,-0.70986
534,20190526867-00,스피드게이트 및 통화장치 수리용역 단가계약,서울교통공사,서울/경기,906666,915363.2,+3% ~ -3%,0,87.745,19,기,0.95925
535,20190529619-00,서울특별시 중구시설관리공단 노외주차장 저화질 CCTV 성능개선 공사 (긴급공고),서울특별시중구시설관리공단,서울,105700000,105956350,+3% ~ -3%,0,87.745,468,기,0.24252
536,20190527208-00,서울고일초 관급자재(주차관제장치) 구매,서울특별시교육청,서울/경기,52236000,51311200,+3% ~ -3%,0,88,30,물품/기,-1.77043
537,20190527187-00,서울강덕초 관급자재(CCTV) 구매,서울특별시교육청,서울,89977000,89881650,+3% ~ -3%,0,87.995,119,물품/기,-0.10598
538,20190526711-00,2019년 전자설비(발매 등 3종) 케이블 신설공사,서울교통공사,서울,58685000,58866100,+3% ~ -3%,0,87.745,951,기,0.30859
539,20190525631-00,용산구 CCTV 자가정보통신망 노후 정보통신장비 교체,서울특별시,서울,191653000,189749950,+3% ~ -3%,0,84.245,87,물품,-0.99297
540,E011903818,남서울 직할 송변전 광단말장치 시설공사(전자제어부),한국전력공사,서울,65777800,65682422,2% ~ -2%,0,87.745,774,,-0.14501
541,20190521470-00,반포역 복합문화공간 조성 통신공사,서울교통공사,서울,24434300,24678425,+3% ~ -3%,0,87.745,836,기,0.99910
542,20190522407-00,용산구 치매안심센터 기능보강공사(통신)(긴급공고) (긴급공고),서울특별시,서울,36960000,36755925,+3% ~ -3%,0,87.745,990,,-0.55216
543,20190521463-00,인터넷방송국(JBN) IP-TV셋탑BOX 재구축,서울특별시,서울,27082000,26944950,+3% ~ -3%,0,88,19,물품/기,-0.50606
544,20190517828-00,삼각지역 승강장편의시설 설치에 따른 전자공사,서울교통공사,서울,134797990,133267750,+3% ~ -3%,0,87.745,994,,-1.13521
545,1900983-00,"서울양원 S1BL 아파트 정보통신공사 1공구(영구,국임,행복 1,216호)",한국토지주택공사,전국/서울,0,5802531000,+2% ~ -2%,0,-,563,기/의무,85.495
546,20190518590-00,공원 내 재난안전시설(CCTV) 설치 공사,서울특별시,서울,40125280,39833425,+3% ~ -3%,0,87.745,1025,기,-0.72736
547,20190515558-00,2019년 상반기 공공 CCTV 자가정보통신망 수용공사,서울특별시,서울,190267000,190493950,+3% ~ -3%,0,87.745,1035,,0.11927
548,20190515323-00,경부선 남영 등 6역 승강장 비상통화장치 신설공사,한국철도공사,서울,159137000,158599575,+2% ~ -2%,0,87.745,952,기,-0.33772
549,E011903637,영등포 등 4개 전력구 유압 감시시스템 설치공사(송전운영부),한국전력공사,서울,56006733,56137508,2% ~ -2%,0,87.745,271,협정,0.23349
550,20190512488-00,학생종합복지센터(서울) 리모델링 정보통신공사,한국장학재단,서울,227051000,227033450,+2% ~ -2%,0,87.745,999,기,-0.00773
551,20190517977-00,개화산 가압장(2개소) 및 관로부설 통신공사,서울특별시,서울,62740000,63132475,+3% ~ -3%,0,87.745,1068,,0.62555
552,20190510477-00,경영대학 무선 네트워크 시스템 구매설치,한국과학기술원,서울,107000000,106172125,+2% ~ -2%,0,84.245,18,물품/기,-0.77372
553,20190511938-00,남동 다목적 실내체육관 음향시스템 구매 설치,인천광역시,서울/인천/경기,88533500,88118975,+3% ~ -3%,0,87.945,29,물품,-0.46822
554,20190508464-00,서울고일초 관급자재(주차관제장치) 구매,서울특별시교육청,서울/경기,52236000,52662575,+3% ~ -3%,0,88,26,물품,0.81663
555,2019-01-000049-00,광역철도 급행정차역 안양외 14개역 승강장안전문 통신설비 공사,국가철도공단,서울/경기/강원/충남,849633000,853573830,+2.5% ~ -2.5%,0,86.335,1435,기/협정,0.46382
556,20190507150-00,김포공항 외곽울타리 경비과학화 시스템 교체 및 설치공사 (긴급공고),한국공항공사,전국/서울,2145410034,2143725950,+2% ~ -2%,0,86.745,827,기/의무,-0.07850
557,20190512250-00,국사봉터널 라디오 재방송설비 누설동축케이블 교체 공사,서울특별시,서울,65000000,65129225,+3% ~ -3%,0,87.745,1006,기,0.19880
558,20190504877-01,한국거래소 서울사옥 신관 및 별관 통신케이블 공사 (정정공고),(주)한국거래소,서울,43800000,43569325,+2% ~ -2%,0,87.745,57,정/현필,-0.52666
559,20190507188-00,CCTV 자가광케이블 구성 변경공사,서울특별시,서울,128272000,127397250,+3% ~ -3%,0,87.745,1017,,-0.68195
560,20190511456-00,(가칭)관악구 가족문화복지센터 신축공사(통신) (긴급공고),서울특별시,서울,224270000,223642650,+3% ~ -3%,0,87.745,994,기,-0.27973
561,20190507417-00,2019년 방범 및 불법주정차 단속용 CCTV 성능개선 공사(연간단가) (긴급공고),서울특별시,전국/서울,706479000,712086725,+3% ~ -3%,0,86.745,625,기/의무,0.79375
562,20190449114-00,기상청 청사 지진가속도계측 시스템 구축·설치,서울지방조달청/기상청,서울,132600000,131290600,+2% ~ -2%,0,84.245,67,물품/기,-0.98749
563,20190506879-00,"수,오니처리시설 계측기 구매설치",(주)탄천환경,서울/경기,194062000,193284850,+3% ~ -3%,0,87.995,96,물품/기,-0.40047
564,20190450300-00,내곡지구 주차장(2)부지 주차전용건축물(복합시설) 정보통신공사,서울주택도시공사,서울,523880000,529885000,+3% ~ -3%,0,86.745,931,협정,1.14625
565,20190505558-00,자원봉사센터 인테리어 통신공사,서울특별시,서울,15870000,15696875,+3% ~ -3%,0,87.745,771,기,-1.09090
566,20190502440-00,빔프로젝터 구매,서울특별시/서울특별시,서울,92400000,92854925,+3% ~ -3%,0,84.245,36,물품,0.49234
567,20190501300-00,망원동 도로확장 및 공영주차장 건설 통신공사,서울특별시,서울,410844000,412936250,+3% ~ -3%,0,86.745,977,기,0.50925
568,20190500807-00,2019년 강남구 노상 공영주차장 무인주차 관리시스템 설치 공사 (긴급공고),서울특별시,서울,159259000,159472050,+3% ~ -3%,0,87.745,182,기,0.13377
569,20190505057-00,e-Eunpyeong Net 고도화 구축공사 (긴급공고),서울특별시,서울,345763000,343046225,+3% ~ -3%,0,86.745,890,,-0.78574
570,20190501018-00,정부서울청사 비상방송 안전성강화를 위한 전관방송시설 개선공사,행정안전부,서울,36833000,36934050,+2% ~ -2%,0,87.745,926,,0.27434
571,20190447510-00,"조사실 진술녹화장비 구매, 교체",서울특별시,서울,32340000,32511450,+3% ~ -3%,0,88,15,물품,0.53014
572,20190441041-00,서울 신사업창업사관학교 복합기능체험점포 통신 공사,서울지방조달청/소상공인시장진흥공단,서울,136581000,136195550,+2% ~ -2%,0,87.745,946,기/협정,-0.28222
573,2019-05378,19-3여-2.00진지간부숙소개선공사(통신),공군,서울,86227184,87056193,3.0% ~ -3.0%,0,87.745,647,기,0.96142
574,20190501907-00,민바위경보사이렌 이전설치,서울특별시,서울,11242000,11302950,+3% ~ -3%,0,87.745,482,,0.54216
575,20190441942-00,전쟁기념관 사무공간 조성 통신공사,국방부,서울,24109000,24427700,+2% ~ -2%,0,87.745,825,,1.32191
576,20190450632-00,종로소방서 노후 행정교환기 교체사업,서울특별시/서울특별시,서울,129170000,130445925,+3% ~ -3%,0,84.245,63,물품/기,0.98778
577,20190449993-00,영등포소방서 상황실 수보대 교체,서울특별시/서울특별시,서울,126654000,126359900,+3% ~ -3%,0,84.245,33,물품,-0.23221
578,20190450091-00,2019년 7호선 노원 등 7역 전자설비 이설공사,서울교통공사,서울,52215100,52389925,+3% ~ -3%,0,87.745,925,기,0.33481
579,20190448227-00,한남유수지 공영주차장 복층화사업 통신공사,서울특별시,서울,26394000,26246900,+3% ~ -3%,0,87.745,898,,-0.55733
580,20190445382-00,남부터미널역 등 4역 외부출입구 캐노피 개량에 따른 정보통신공사,서울교통공사,서울,11363550,11322800,+3% ~ -3%,0,87.745,632,기,-0.35861
581,20190443225-00,경부선 서울등 2역 광역무선방송설비 개량 및 타공사,한국철도공사,서울,129716000,129002625,+2% ~ -2%,0,87.745,903,기,-0.54996
582,20190440933-00,2019년 북한산 재해문자전광판 제조·구매·설치,국립공원공단,서울/경기,80000000,80250200,+2% ~ -2%,0,87.945,60,물품,0.31275
583,20190443492-00,클러스터 시스템 네트워크스위치 구매설치,한국과학기술원,서울,193941000,191942475,+2% ~ -2%,0,-,29,물품/기,-1.03049
584,20190442582-01,서울대학교 사범대학 부설초 신관 및 부설중 본관 리모델링 통신공사 (긴급공고) (정정공고),서울대학교,서울,525665000,528020050,+2% ~ -2%,0,86.745,883,기/정,0.44801
585,20190439824-00,경영대학 관문라우터 및 9호관 백본스위치 구매설치,한국과학기술원,서울,153000000,151447075,+2% ~ -2%,0,84.245,19,물품/기,-1.01499
586,20190443344-00,"2019년 무단투기 예방용 CCTV형 블랙박스 구매, 설치",서울특별시,서울,46480000,45786925,+3% ~ -3%,0,88,38,물품,-1.49113
587,E011903112,154㎸ 성동왕십리(증)T/L 전력통신설비 시설공사,한국전력공사,서울,72908000,72817685,2% ~ -2%,0,87.745,781,,-0.12388
588,20190437394-00,중앙선 회~중랑 등 4개소 영상감시설비 개량 타공사,한국철도공사,서울/경기/강원,160607000,160715475,+2% ~ -2%,0,87.745,2404,기,0.06754
589,20190436013-00,2019년 CCTV 통합영상관리 S/W 구매·설치,서울특별시,서울,72600000,71697825,+3% ~ -3%,0,87.945,33,물품/기,-1.24267
590,20190433740-00,제4처리장 초침 계면측정기 제어시스템 구축공사,서울특별시,서울,82460000,82606000,+3% ~ -3%,0,87.745,874,,0.17705
591,2019-04662,00시설 CCTV 설치공사,국방부근무지원단,서울,22299000,22003154,3.0% ~ -3.0%,0,87.745,662,기,-1.32673
592,1900984-01,"서울양원 S-2BL 아파트 정보통신공사 2공구(공분,공임 403호)",한국토지주택공사,전국/서울,3283368000,3280669000,+2% ~ -2%,0,86.745,919,기/정/의무,-0.08221
593,20190432602-00,면진테이블 구매설치,한국공항공사,서울,35494800,35363875,+2% ~ -2%,0,84.245,41,물품/기,-0.36886
594,20190431734-00,신림3증압장 외 3개소 유량계 설치 및 부대공사,서울특별시,서울,25941350,25973900,+3% ~ -3%,0,87.745,199,,0.12547
595,20190431330-00,까치산 외 1역 캐노피 설치 통신공사,서울교통공사,서울,25181200,25247600,+3% ~ -3%,0,87.745,810,,0.26368
596,20190432264-00,강동구보건소 치매안심센터 리모델링 통신공사 (긴급공고),서울특별시,서울,22570000,22327275,+3% ~ -3%,0,87.745,858,,-1.07544
597,2019-04528,00부대 진지 통신공사(19-047),제1596부대,서울,26940000,26702280,0.0% ~ -3.0%,0,87.745,672,기,-0.88241
598,E011902845,154kV 구공대림T/L(증) 전력통신설비 시설공사,한국전력공사,서울,105215000,105005326,2% ~ -2%,0,87.745,707,,-0.19929
599,20190427158-00,일자산 제2체육관 주차장 주차관제시스템 구매설치,서울특별시,서울,56215000,55955750,+3% ~ -3%,0,87.945,18,물품/기,-0.46118
600,20190428613-00,경찰병원 통합진료센터등 통신시설 개선공사,서울지방조달청/경찰청,서울,34122000,33889925,+2% ~ -2%,0,87.745,76,기/협정/여성,-0.68014
601,20190425400-00,영상정보(CCTV) 자가정보통신망 고도화(2차) 통신공사,서울특별시,서울,114000000,115757650,+3% ~ -3%,0,87.745,1016,,1.54179
602,20190424945-00,경의선 신촌등 11역 영상설비 개량공사,한국철도공사,서울/경기,862125000,862793200,+2% ~ -2%,0,86.745,2033,기,0.07750
603,20190424861-00,경원선 이촌등 2역 영상설비 개량공사,한국철도공사,서울,179867000,179027975,+2% ~ -2%,0,87.745,958,기,-0.46647
604,20190424781-00,서울사옥 등 2개소 영상감시설비 개량공사,한국철도공사,서울,156850000,156183425,+2% ~ -2%,0,87.745,967,기,-0.42498
605,20190408971-01,신정도시개발구역 행복주택 정보통신공사 (정정공고),서울주택도시공사,전국/서울,1066585000,1062830675,+3% ~ -3%,0,86.745,1029,기/정/의무,-0.35200
606,20190426153-00,경영대학 관문라우터 및 9호관 백본스위치 구매설치,한국과학기술원,서울,0,153000000,,0,-,12,물품,-
607,20190422126-00,성동구 옥수동 공공복합청사 신축 통신공사,한국자산관리공사,서울,127147073,127720250,+3% ~ -3%,0,87.745,995,협정,0.45079
608,20190420488-00,청년주택 복합건물 신축 정보통신공사,서울특별시,서울,166529000,167997825,+3% ~ -3%,0,87.745,1023,,0.88202
609,20190420132-00,길동복합청사 신축 통신공사(장계속),서울특별시,서울,199936000,199016875,+3% ~ -3%,0,87.745,1025,기,-0.45971
610,20190422253-00,관급자재-(가칭)나래학교 신축 CCTV 구매설치,서울특별시강남서초교육지원청,서울,41055000,41317400,+3% ~ -3%,0,88,100,물품,0.63914
611,20190422298-00,상황판 영상모니터 구매,성남도시개발공사,서울/인천/경기,61248000,61664700,+3% ~ -3%,0,84.245,176,물품,0.68034
612,20190422255-00,비디오믹서 디코더 구매설치 소액수의 전자견적 제출 공고,성남도시개발공사,서울/인천/경기,40590000,40146100,+3% ~ -3%,0,88,87,물품,-1.09362
613,20190422194-00,영상전송장치(관급자재) 구매,성남도시개발공사,서울/인천/경기,84480000,82908500,+3% ~ -3%,0,87.945,128,물품,-1.86021
614,20190416491-00,2019년 방범용 CCTV 구매설치(1차),서울지방조달청/서울특별시,서울,272800000,273735075,+3% ~ -3%,0,87.995,111,물품/기,0.34276
615,20190412428-00,방배권역 여성가족시설 신축공사(통신),서울특별시,서울,89210000,89978375,+3% ~ -3%,0,87.745,994,기,0.86131
616,20190411045-01,서북병원 자가통신망 운영을 위한 통신장비 구매,서울특별시,서울,220990000,220497225,+3% ~ -3%,0,80.495,67,물품/기/정/협정,-0.22299
617,20190419739-00,압구정428 공영주차장 외 1개소 CCTV 설치 및 교체공사,서울특별시,서울,94506000,94138150,+3% ~ -3%,0,87.745,942,기,-0.38924
618,20190413180-00,2019년 CCTV 카메라 이설공사,서울교통공사,서울/경기,94739900,95667475,+3% ~ -3%,0,87.745,2237,기,0.97907
619,20190409776-00,통합 상황실 이전 및 확장(시스템) 공사,성남도시개발공사,서울/인천/경기,39820000,40040750,+3% ~ -3%,0,87.745,163,,0.55436
620,10729,00지역 음향시스템 구매/설치,국방부,서울,53748410,53368460,0.0% ~ -3.0%,0,87.945,54,물품/기,-0.70691
621,20190404591-00,2019년 상반기 CCTV 신규설치 공사,서울특별시,전국/서울,725700000,723330650,+3% ~ -3%,0,86.745,1141,기/의무,-0.32650
622,20190404454-00,출입통제게이트 및 부대설비 유지보수 용역,서울교통공사,서울/경기,141515240,141175275,+3% ~ -3%,0,87.745,143,기,-0.24024
623,20190350107-01,어울림복지센터 건립 통신공사 (긴급공고) (공고),서울특별시,서울,206360000,205524800,+3% ~ -3%,0,87.745,1034,정,-0.40473
624,20190402246-00,시립마포 실버케어센터 건립 통신공사 (긴급공고),서울특별시/서울특별시,전국/서울,889408000,880462850,+3% ~ -3%,0,86.745,1069,기/의무,-1.00575
625,20190336456-00,서울대학교치과병원 융복합치의료센터 방송설비 구매 설치,서울대학교치과병원,서울,74775000,74361750,+2% ~ -2%,0,87.995,50,물품/기,-0.55266
626,09718,19-Y-무인감시장비(CCTV) 유지보수 용역,연평부대,서울/인천/경기,74873260,73556157,0.0% ~ -3.0%,0,87.745,44,기,-1.75911
627,20190346039-00,IP전화기 구매 설치,서울특별시,서울,59400000,59719925,+3% ~ -3%,0,84.245,24,물품,0.53859
628,20190345784-00,경원선 청량리역 신호계전실 통신설비 이설 타공사,한국철도공사,서울,392023000,393145225,+2% ~ -2%,0,86.745,928,기,0.28626
629,20190345747-00,2019년도 매봉역 등 4개역 화장실 개량 정보통신공사,서울교통공사,서울,125033000,125780750,+3% ~ -3%,0,87.745,1039,기,0.59804
630,20190345532-00,경의선 곡산등 15역 승강장 난반사 모니터 개량공사,한국철도공사,서울/경기,99837000,99492350,+2% ~ -2%,0,87.745,2048,기,-0.34522
631,20190343887-00,2019년 현장 교통관리시스템 세척 용역,서울시설공단,서울,115470000,114787050,+3% ~ -3%,0,87.745,140,기,-0.59146
632,20190343900-00,자가정보통신망 광 전송장비 교체 설치,서울특별시,서울,26378000,26846450,+3% ~ -3%,0,88,49,물품/기,1.77591
633,20190343020-00,경원선 외대앞역 증축에 따른 통신설비 신설공사,한국철도공사,서울,20707000,20700450,+2% ~ -2%,0,87.745,787,기,-0.03164
634,20190339388-00,마포장애인복지회관 리모델링 공사(정보통신) (긴급공고),서울특별시,서울,66275000,65366925,+3% ~ -3%,0,87.745,977,기,-1.37017
635,20190336198-00,"2019년 올림터, 배수지 자동제어설비 유지보수 용역(장계속)",서울특별시,서울,147455000,147929875,+3% ~ -3%,0,87.745,33,기,0.32204
636,20190336790-00,천왕역 일자리 토털플랫폼 리모델링 정보통신공사,서울특별시,서울,217254000,217315400,+3% ~ -3%,0,87.745,1019,기,0.02826
637,20190330222-00,김포공항 경항공지역 오수처리시설 개선 정보통신공사,한국공항공사,서울,92582510,93032300,+2% ~ -2%,0,87.745,911,기,0.48582
638,20190329743-00,강동구의회 본회의장 및 상임위실 영상장비 교체사업,서울특별시,서울,87549000,88740150,+3% ~ -3%,0,84.245,80,물품/기,1.36055
639,20190335815-00,2019년 터널 및 지하차도 CCTV시스템 유지관리 용역,서울특별시,서울,27964200,28132300,+3% ~ -3%,0,88,143,기,0.60112
640,20190300333-00,영등포구 총괄 우체국 정보통신공사,서울지방조달청/과학기술정보통신부,전국/서울,1954352000,1969068300,+2% ~ -2%,0,86.745,944,기/의무,0.75300
641,20190327667-00,"2019년 아리수올림터, 배수지 CCTV 및 방송설비 유지관리 용역",서울특별시,서울,36795000,36665725,+3% ~ -3%,0,87.745,40,기,-0.35134
642,20190333802-00,방화1오수중계펌프장 외 4개동 CCTV 교체 및 설치공사 (긴급공고),주식회사,서울,120000000,119111400,+3% ~ -3%,0,87.745,990,기,-0.74050
643,20190328778-00,노동권익센터 인테리어 통신공사,서울특별시,서울,17819000,17814775,+3% ~ -3%,0,87.745,820,기,-0.02372
644,20190304339-01,신내동 640 행복주택 아파트 주차관제 구매설치,서울주택도시공사,서울,37197000,37829950,+3% ~ -3%,0,87.945,15,물품/정,1.70161
645,20190328509-00,구로구 치매안심센터 리모델링 정보통신공사,서울특별시,서울,28600000,28325200,+3% ~ -3%,0,87.745,885,,-0.96084
646,20190321991-00,군자 외 2역 승강편의시설 설치 통신공사(37공구),서울교통공사,서울,94187000,94452175,+3% ~ -3%,0,87.745,976,기,0.28154
647,20190323166-00,세운상가군 공공공간(2단계) 조성 통신공사 (긴급공고),서울특별시/서울특별시,전국/서울,833921000,828467200,+3% ~ -3%,0,86.745,1090,기/의무,-0.65400
648,KRA2019031140,용산 장학관 건립 3차 정보통신공사(소액수의),한국마사회,서울,58983000,58499000,2% ~ -2%,0,87.745,824,기,-0.82058
649,20190321060-00,서울의료원 권역응급의료센터 증축 통신공사 (긴급공고),서울특별시/서울특별시,전국/서울,682772000,679694450,+3% ~ -3%,0,86.745,1089,기/의무,-0.45075
650,20190321946-00,자동화시스템 무정전전원장치 BMS 구축공사 (긴급공고),(주)탄천환경,서울/경기,125136000,125350325,+3% ~ -3%,0,87.745,1927,기,0.17127
651,20190318837-00,2019년 도로터널 및 지하차도 재난방송중계설비 유지보수용역,서울특별시,서울,49665000,49802375,+3% ~ -3%,0,88,154,기,0.27660
652,20190314095-00,"남태령역 변전실, 전실 노후설비 개량에 따른 정보통신공사",서울교통공사,서울,29677150,29718975,+3% ~ -3%,0,87.745,924,기,0.14093
653,20190315007-00,천호동 마을활력소 신축 통신공사,서울특별시,서울,53020000,52759325,+3% ~ -3%,0,87.745,1006,기,-0.49166
654,20190306040-00,노후장비 교체 및 이중화용 L4스위치 구매,서울특별시,서울,242000000,243110825,+3% ~ -3%,0,80.495,58,물품/기/협정,0.45901
655,20190308692-00,동대문구민체육센터 구조보강 및 리모델링 통신공사 (긴급공고),서울특별시,서울,127300000,127899000,+3% ~ -3%,0,87.745,1050,기/연기,0.47054
656,20190306429-00,2019년 자동제어설비 유지관리용역,서울특별시,서울,31867000,31152100,+3% ~ -3%,0,88,34,기,-2.24339
657,20190300775-00,"본관 1,2층 NPS 편집시설 증설공사(통신) 입찰",한국방송공사,서울,50000000,50047125,+2% ~ -2%,0,85,990,기,0.09425
658,06550,"19년 CCTV 외주정비 용역(서울, 인천, 경)",제5378부대,서울/인천/경기,20000000,19610251,0.0% ~ -3.0%,0,88,27,기,-1.94875
659,20190305821-00,남산 회현자락 한양도성 현장유적박물관 조성 통신공사 (긴급공고),서울특별시,서울,125290000,124660800,+3% ~ -3%,0,87.745,1024,,-0.50220
660,20190303086-00,2019년 자동제어설비 유지관리 용역(장계속),서울특별시,서울,52448000,52455500,+3% ~ -3%,0,88,31,기,0.01429
661,20190303076-00,2019년 도서관 장비 및 운영시스템 유지보수,서울특별시,서울,39081000,38799275,+3% ~ -3%,0,87.745,12,협정,-0.72088
662,20190302663-00,경복궁역 노후 전실 개량에 따른 전자공사,서울교통공사,서울,21965280,21840775,+3% ~ -3%,0,87.745,731,기,-0.56683
663,20190238602-00,노원어린이도서관 증축 통신공사 (긴급공고),서울특별시,서울,143924000,142524025,+3% ~ -3%,0,87.745,1036,기,-0.97272
664,20190238542-00,2019년 교통신호제어용 차량검지 설치(연간단가) 공사,서울특별시,서울,297419000,296029350,+3% ~ -3%,0,87.745,179,기,-0.46724
665,20190238278-00,2019년 터널 및 지하차도 FM 라디오재방송설비 유지보수용역,서울특별시,서울/경기,49665000,49928625,+3% ~ -3%,0,88,17,낙찰정정/기,0.53080
666,20190237296-01,라디오재방송설비 제작구매설치(강남순환도시고속도로(4공구)전기공사용),서울특별시/서울특별시,서울/경기,318505000,320021150,+3% ~ -3%,0,80.495,12,물품/기/정,0.47602
667,20190236708-00,광화문역 승강편의시설 설치 전자공사(35공구),서울교통공사,서울,123733200,122501475,+3% ~ -3%,0,87.745,968,기,-0.99547
668,20190236860-00,2019년 CCTV시스템 유지보수공사(연간단가) 시행,서울특별시,서울,27300000,26985050,+3% ~ -3%,0,87.745,686,,-1.15367
669,20190236928-00,신원동 복합청사 신축공사(통신) (긴급공고),서울특별시,서울,133430000,133077800,+3% ~ -3%,0,87.745,1010,,-0.26396
670,20190236943-02,2019학년도 홍대부초 강당 및 학생식당 증축공사(보통신) (긴급공고) (공고),서울특별시서부교육청,서울,58388000,58181075,+2% ~ -2%,0,87.745,986,정,-0.35440
671,20190234796-00,행정용 인터넷전화기 구매,서울특별시,서울,29990000,30091650,+3% ~ -3%,0,88,22,물품,0.33894
672,20190235050-00,중평초 교사증축 통신공사,서울특별시교육청,서울,79442000,78800350,+3% ~ -3%,0,87.745,1053,기,-0.80770
673,20190231609-02,IP 전자교환기 구매 증설공사 (정정공고),과학기술정보통신부,서울,90000000,89943075,+2% ~ -2%,0,87.745,19,기/정,-0.06325
674,20190226244-00,(가칭)서울고이초등학교 및 병설유치원 신축 통신공사,서울특별시교육청,전국/서울,873697000,870809475,+3% ~ -3%,0,86.745,1096,기/의무,-0.33050
675,20190230868-00,영림초내 남부 거점형다문화지원센터 및 급식실 증축 통신공사,서울특별시교육청,서울,49281000,49102025,+3% ~ -3%,0,87.745,991,기,-0.36318
676,20190224151-00,2019년 강남수도사업소 자동제어설비 유지관리용역(장계속단가계약),서울특별시,서울,89360000,89077225,+3% ~ -3%,0,87.745,30,기,-0.31645
677,20190222172-00,김포공항 청원경찰 본대 이전 정보통신공사,한국공항공사,서울,59498136,59586525,+2% ~ -2%,0,87.745,975,기,0.14855
678,20190223375-00,공공도서관·평생학습관 무선인터넷 확대 구축,서울특별시교육청,서울,120713000,122008900,+3% ~ -3%,0,87.745,49,기,1.07353
679,20190220348-00,양재도서관 건립공사 2차공사(통신),서울특별시,서울,330990000,328514250,+3% ~ -3%,0,86.745,1006,기,-0.74799
680,20190222553-00,2019년 터널 라디오 재방송설비 유지보수,서울특별시,서울/경기,43367280,42796400,+3% ~ -3%,0,88,12,기,-1.31639
681,20190219979-00,2019년 쓰레 무단투 단속용 CCTV임대 용역,인천광역시,서울/인천/경기,26400000,26382500,+3% ~ -3%,0,88,77,기,-0.06629
682,20190227644-00,민방위경보사이렌 이전설치 공사,서울특별시,서울,10483000,10536775,+3% ~ -3%,0,87.745,397,,0.51297
683,20190215857-00,동부간선로 언더패스 CCTV설비 설치공사,서울시설공단,서울,165308000,164581100,+3% ~ -3%,0,87.745,992,,-0.43973
684,20190221443-00,서울월드컵경기장 무선마이크 구매설치,서울시설공단,서울/경기,25310000,25262175,+3% ~ -3%,0,88,50,물품/기,-0.18896
685,20190219373-00,동부간선로 월릉교 레이더수위계 구매설치,서울시설공단,서울/경기,36650000,36209875,+3% ~ -3%,0,88,56,물품/기,-1.20089
686,20190210937-01,2019년 IP교환기 및 부대장비 유지관리 용역 (공고),서울특별시,서울,42000000,42384675,+3% ~ -3%,0,87.745,19,정,0.91589
687,20190211324-00,신정역 노후 에스컬레이터 교체 통신공사,서울교통공사,서울,80587600,81012725,+3% ~ -3%,0,87.745,972,기,0.52753
688,20190211262-00,공덕역 외 3역 화장실 시설개량 통신공사,서울교통공사,서울,75582400,74376925,+3% ~ -3%,0,87.745,994,기,-1.59492
689,20190211116-00,종로5가역 등 6개역 노후 전실 개량에 따른 정보통신공사,서울교통공사,서울,50335100,50566950,+3% ~ -3%,0,87.745,1007,기,0.46061
690,20190127376-00,한국방송통신대학교 디지털미디어센터 통신공사,서울지방조달청/한국방송통신대학교,서울,389613000,394197825,+2% ~ -2%,0,86.745,901,기/협정,1.17676
691,20190208979-00,철산역 외 3역 화장실 시설개량 통신공사,서울교통공사,서울/경기,68608100,68910550,+3% ~ -3%,0,87.745,2235,기,0.44083
692,20190203376-00,북아현 문화체육센터 신축공사(정보통신)-장기계속계약,서울특별시,서울,423357000,426616875,+3% ~ -3%,0,86.745,973,,0.77000
693,20190211227-02,신길4동 공공복합청사 건립 통신공사 (긴급공고) (정정공고),서울특별시,서울,307780000,305716375,+3% ~ -3%,0,87.745,961,기/정,-0.67049
694,20190205057-00,서대문소방서 (가칭)북아현119안전센터 신축 정보통신공사,서울특별시,서울,81155000,81510725,+3% ~ -3%,0,87.745,1068,,0.43832
695,20190203947-00,2019년 통신시스템 유지보수 용역 수의계약 견적제출,재단법인,서울/경기,40875000,40754875,+3% ~ -3%,0,88,49,기,-0.29389
696,20190200019-00,2019년 중랑물재생센터 CCTV 유지관리 용역,서울특별시/서울특별시,서울,76189000,76748100,+3% ~ -3%,0,87.745,174,기,0.73383
697,20190201192-00,한국도박문제관리센터 이전 청사 통신 공사,한국도박문제관리센터,서울,102377000,102388050,+2% ~ -2%,0,87.745,943,,0.01079
698,20190132985-00,2019년 중랑물재생센터 수질계측 유지관리 용역,서울특별시/서울특별시,서울,174270000,174693075,+3% ~ -3%,0,87.745,143,기,0.24276
699,1900213-00,서울강남지구(2BL) 고정식 다차로 무인교통단속장비(속도위반) 구매 및 설치공사,한국토지주택공사,서울,60610000,60236000,+2% ~ -2%,0,87.745,313,기,-0.61706
700,20190130537-00,동부간선도로 침수대비 교통차단 감시용 CCTV 영상설비 구축공사,서울시설공단,서울,259687900,258769325,+3% ~ -3%,0,87.745,942,,-0.35373
701,20190128895-00,2019년 수원법원 종합청사 전산장비 이전 사업,대법원,서울/경기,126134000,126108475,+2% ~ -2%,0,87.745,1795,,-0.02024
702,20190133522-00,자동제어시스템 정비(연간단가),(주)탄천환경,서울/경기,250000000,250990000,+3% ~ -3%,0,87.745,1623,기,0.39600
703,20190130061-00,서울신성초등학교 방송설비개선 공사 소액(수의)견적 제출 공고,서울특별시동작교육청,서울,13090000,13197375,+3% ~ -3%,0,87.745,657,,0.82028
704,20190127264-00,서울남명초등학교 체육관 및 타 증축 통신공사,서울특별시교육청,서울,97904000,97980675,+3% ~ -3%,0,87.745,929,기,0.07831
705,20190127203-00,강서소방서 마곡119안전센터 신축 통신수보대 구축공사,서울특별시,서울,55225500,55553700,+3% ~ -3%,0,87.745,633,,0.59429
706,20190124677-00,강서소방서 마곡119안전센터 신축 정보통신공사,서울특별시,서울,105500000,103905675,+3% ~ -3%,0,87.745,1067,기,-1.51121
707,20190125302-00,(긴급)서울강덕초등학교 교사 증축 및 리모델링 통신공사 (긴급공고),서울특별시교육청,전국/서울,790194000,799291125,+3% ~ -3%,0,86.745,1080,기/의무,1.15125
708,20190124040-00,2019년 IPT교환 및 통신장비 유지보수용역 연간단가계약 (긴급공고),서울특별시,서울,93940000,95567125,+3% ~ -3%,0,87.745,21,기,1.73208
709,20190123971-00,상계1동 청사 증축 통신공사,서울특별시,서울,65670000,65513750,+3% ~ -3%,0,87.745,1069,기,-0.23794
710,20190116808-00,수원지방법원 전자법정 이전 구축 사업,대법원,서울/경기,178255000,178729200,+2% ~ -2%,0,87.745,1921,,0.26602
711,20190119330-00,2019년 정보통신 공사(연간단가),서울특별시,서울,70000000,70299775,+3% ~ -3%,0,87.745,909,기,0.42825
712,20190118633-00,구립 진관어린이집 신축 통신공사,서울특별시,서울,54362000,54100725,+3% ~ -3%,0,87.745,1037,,-0.48063
713,20190122644-00,2019년도 파주시도서관 도서정보시스템 유지보수용역(긴급) (긴급공고),경기도,서울/경기,90674100,89950125,+3% ~ -3%,0,87.745,14,,-0.79844
714,20190116893-00,2019년 본관 청사 통신공사(연간단가),서울특별시,서울,225043000,224108550,+3% ~ -3%,0,87.745,945,기,-0.41524
715,20190117012-00,6호선 신내기지 환승시설 건설 통신공사,서울교통공사,전국/서울,551959100,554249775,+3% ~ -3%,0,86.745,1073,기/의무,0.41500
716,E011900300,구로금천지사 구내 네트워크 구축공사(ICT운영부),한국전력공사,서울,116490000,116068524,2% ~ -2%,0,87.745,787,,-0.36182
717,20190112897-00,김포공항 제2공항감시레이더송신소 개량 정보통신공사,한국공항공사,서울,73337907,73991575,+2% ~ -2%,0,87.745,962,기,0.89130
718,20190115702-00,서울매봉초등학교 강당 겸 체육관 증축 통신공사,서울특별시교육청,서울,62150000,61852375,+3% ~ -3%,0,87.745,1030,기,-0.47889
719,20190113876-00,2019년도 센터 내 정보통신설비 유지관리 용역,서울특별시,서울,49720000,50509225,+3% ~ -3%,0,88,20,기,1.58733
720,20190114487-00,2019년 터널 및 지하차도 라디오 재방송설비 유지관리 용역(연간단가),서울특별시,서울,54600000,54786525,+3% ~ -3%,0,88,157,기,0.34162
721,20190115461-00,인천병원 외래재활센터 설치공사(통신) (긴급공고),근로복지공단본부,서울,62847400,62493775,+2% ~ -2%,0,87.745,963,기,-0.56268
722,20190105902-01,서울시립대학교 생활관 IPT 교환기 설치,서울특별시서울시립대학교국제교육원생활관,서울,200860000,198576775,+3% ~ -3%,0,84.245,48,물품/기/정,-1.13673
723,E011900232,구로금천지사 자가광케이블 시설공사(ICT운영부),한국전력공사,서울,38374600,38420340,2% ~ -2%,0,87.745,719,,0.11919
724,20190109413-00,2019년도 서울남부지방검찰청 정보통신시설 유지보수용역,대검찰청,서울,43018150,42825575,+2% ~ -2%,0,88,15,,-0.44766
725,20190110825-00,국공립 상도2동어린이집 신축 정보통신공사,서울특별시,서울,42160000,42421125,+3% ~ -3%,0,87.745,923,,0.61936
726,20190109730-00,2019년 터널 및 지하차도 CCTV시스템 유지관리용역,서울특별시,서울,43846780,43541325,+3% ~ -3%,0,88,159,기,-0.69665
727,20190107840-00,2019년 교통관리시스템 통신공사(연간단가),서울시설공단,서울/경기,436000000,437944600,+3% ~ -3%,0,86.745,1953,,0.44600
728,20190108378-00,(긴급)신명중학교 강당 겸 체육관 증축 통신공사 (긴급공고),서울특별시교육청,서울,100491000,99933800,+3% ~ -3%,0,87.745,979,기,-0.55448
729,20190104969-00,서대문구청 별관 신축공사(정보통신),서울특별시,서울,297671000,295460100,+3% ~ -3%,0,87.745,984,기,-0.74274
730,20190104662-00,미아사거리역 청춘테마 역사 조성사업 전자공사,서울교통공사,서울,35228460,35623675,+3% ~ -3%,0,87.745,859,,1.12186
731,E011900058,서울본부 본관 사옥 리모델링 통신공사,한국전력공사,서울,569224700,569049008,2% ~ -2%,0,86.745,744,정,-0.03087
732,20181234133-01,방송(NPS)시스템 네트워크 장비 구입,한국방송통신대학교,서울,78431000,78303800,+2% ~ -2%,0,-,18,물품/기/정,-0.16219
733,20190102335-00,2019년 홍지문 · 정릉 · 구룡터널 자동제어시스템 유지관리 점검 용역,서울시설공단,서울,27773000,27805900,+3% ~ -3%,0,88,12,기,0.11846
734,20190102203-00,국회 CCTV시스템 시설 유지보수용역 (긴급공고),국회,서울,32270000,32535050,+2% ~ -2%,0,88,19,,0.82135
735,20190101058-00,2019년 터널 및 지하차도 라디오재방송설비 유지관리 점검 용역,서울시설공단,서울/인천/경기,37114000,37377950,+3% ~ -3%,0,88,14,기,0.71118
736,20181237587-00,2019년 한강공원 나들목 감시장치 유지관리 용역,서울특별시/서울특별시,서울,110000000,110955350,+3% ~ -3%,0,87.745,66,기,0.86850
737,20181238187-02,서울시립대학교 전농관 인테리어 통신공사 (공고),서울특별시,서울,99330000,98413250,+3% ~ -3%,0,87.745,958,정,-0.92294
738,20181238316-00,한국에너지재단 신규사옥 네트워크 공사(긴급) (긴급공고),(재)한국에너지재단,서울,120727000,121800025,+2% ~ -2%,0,87.745,882,기,0.88880
739,20181238188-00,미아사거리역 청춘테마 역사 조성 정보통신공사,서울교통공사,서울,9787300,9719350,+3% ~ -3%,0,87.745,468,기,-0.69427
740,20181237426-00,2019년 공영주차장 주차관제 및 CCTV시스템 유지보수(연간단가),서울특별시,서울,37380000,37608725,+3% ~ -3%,0,88,12,기,0.61189
741,20181236077-00,2019년 승용차요일제시스템 고정형RFID리더외 5종 유지보수용역,서울특별시,서울,22570000,22763300,+3% ~ -3%,0,88,11,기,0.85644
