순위,사업자 등록번호,업체명,대표,경쟁사 분석,투찰금액,예가대비 투찰률(%)  A,기초대비 투찰률(%),순공사대비 사정률(%),추첨번호,투찰일시,비고
1,1308640307,케이씨전기주식회사,김선주,분석,2551946700,87.187,87.862,0.3878 (100.3878),10 9,2023/01/13 17:35:43,
2,6058166688,(주)세계아이티씨,김황기,분석,2551949200,87.187,87.863,0.3878 (100.3878),3 7,2023/01/16 08:52:28,
3,5022461061,경북통신,정해덕,분석,2551961000,87.188,87.863,0.3883 (100.3883),12 8,2023/01/13 10:15:23,낙찰
4,1068127039,진명이엔씨(주),박창호,분석,2552034906,87.19,87.866,0.3912 (100.3912),13 3,2023/01/13 16:53:19,
5,6218130159,네오콤 주식회사,김태환,분석,2552046500,87.191,87.866,0.3917 (100.3917),10 12,2023/01/13 15:12:11,
6,7148800617,주식회사 성진정보통신,문계철,분석,2552124642,87.193,87.869,0.3948 (100.3948),2 9,2023/01/13 15:51:58,
7,1068133832,(주)동양이엔씨,최두현,분석,2552127000,87.193,87.869,0.3948 (100.3948),7 9,2023/01/17 08:34:29,
8,2138634018,(주)비트정보통신,송재화,분석,2552167850,87.195,87.87,0.3964 (100.3964),12 5,2023/01/16 11:29:58,
9,1208111644,주식회사 광신전설,이범선,분석,2552277200,87.199,87.874,0.4008 (100.4008),5 6,2023/01/16 14:39:13,
10,4488100569,주식회사 엔에스테크,박현수,분석,2552373766,87.202,87.877,0.4045 (100.4045),6 9,2023/01/12 13:54:33,
11,1308632559,(주)소리통신기술,구기성,분석,2552424609,87.204,87.879,0.4066 (100.4066),12 6,2023/01/12 16:42:21,
12,4468801407,(주)큐엔큐,장나미,분석,2552574600,87.209,87.884,0.4125 (100.4125),6 9,2023/01/13 13:17:06,
13,1018675701,주식회사 두이정보통신,정영희,분석,2552617000,87.211,87.886,0.4141 (100.4141),15 7,2023/01/13 16:16:51,
14,1058199938,삼호전자통신(주),이경희,분석,2552668430,87.212,87.887,0.4161 (100.4161),13 7,2023/01/16 11:04:47,
15,4118124915,(주)부원정보통신,이인중,분석,2552706781,87.214,87.889,0.4177 (100.4177),13 7,2023/01/17 08:42:15,
16,5088101201,(주)삼영전업사,권준찬,분석,2552711870,87.214,87.889,0.4179 (100.4179),12 5,2023/01/17 09:13:06,
17,1098610416,(주)네시비스,이은섭,분석,2552727118,87.215,87.889,0.4185 (100.4185),11 8,2023/01/13 10:00:21,
18,5148146407,참조은정보통신주식회사,차중은,분석,2552732000,87.215,87.89,0.4186 (100.4186),4 7,2023/01/16 17:30:53,
19,2118698428,테크노빌리지 주식회사,유인목,분석,2552805930,87.217,87.892,0.4216 (100.4216),12 6,2023/01/13 13:59:12,
20,1138611108,(주)도원디에스,이정우,분석,2552821175,87.218,87.893,0.4222 (100.4222),12 6,2023/01/16 09:35:54,
21,2212764122,아림통신건설,강신기,분석,2552844434,87.219,87.893,0.4231 (100.4231),15 7,2023/01/16 11:34:13,
22,4098606490,서경정보통신 주식회사,김연화,분석,2552848600,87.219,87.894,0.4232 (100.4232),8 9,2023/01/16 16:27:09,
23,4128102608,주식회사 남양에스티엔,최승곤,분석,2552877230,87.22,87.895,0.4244 (100.4244),1 8,2023/01/16 08:46:39,
24,5048156117,동진통신주식회사,김영섭,분석,2552892350,87.22,87.895,0.4249 (100.4249),3 4,2023/01/16 18:14:02,
25,2208191439,주식회사 디투에스,이상현,분석,2552906500,87.221,87.896,0.4255 (100.4255),12 2,2023/01/17 08:31:52,
26,3178122949,주식회사 진정보,김소진,분석,2552927940,87.222,87.896,0.4263 (100.4263),2 7,2023/01/16 17:09:41,
27,4318600057,주식회사 엘제이텍,임재우,분석,2552930484,87.222,87.896,0.4265 (100.4265),1 15,2023/01/16 15:15:24,
28,2078129117,경우전기(주),김한정,분석,2552958450,87.223,87.897,0.4276 (100.4276),15 9,2023/01/17 08:59:32,
29,1198153493,(주)경성네트웍,편해용,분석,2552967315,87.223,87.898,0.4279 (100.4279),13 2,2023/01/16 08:57:42,
30,1298600983,대주씨앤에스 주식회사,이종원,분석,2552981320,87.224,87.898,0.4284 (100.4284),1 15,2023/01/16 10:00:00,
31,1078165206,앤아이에스(주),정성호,분석,2553042337,87.226,87.9,0.4309 (100.4309),12 5,2023/01/16 15:41:03,
32,4048132324,주식회사 오션,김길용,분석,2553118600,87.228,87.903,0.4339 (100.4339),10 5,2023/01/17 09:39:10,
33,1328148275,재영전기 주식회사,오세화,분석,2553314340,87.235,87.91,0.4416 (100.4416),14 2,2023/01/16 22:26:36,
34,2108156959,두레에스텍 주식회사,유의근,분석,2553326160,87.236,87.91,0.4420 (100.442),14 9,2023/01/16 14:17:32,
35,1218140540,영현정보통신(주),김두식,분석,2553365709,87.237,87.911,0.4436 (100.4436),4 9,2023/01/17 08:39:47,
36,6458700672,주식회사 비앤아이테크,김혜용,분석,2553596512,87.245,87.919,0.4527 (100.4527),4 5,2023/01/13 09:22:41,
37,2068663169,(주)지엠케이정보통신,현익재,분석,2553728700,87.25,87.924,0.4579 (100.4579),10 6,2023/01/11 10:19:33,
38,2138180142,서울아이디시스템(주),김동수,분석,2553835470,87.254,87.928,0.4621 (100.4621),1 11,2023/01/13 13:46:36,
39,6068151738,성일통신 주식회사,서성열,분석,2553842510,87.254,87.928,0.4623 (100.4623),7 8,2023/01/13 14:11:51,
40,1198123174,주식회사 도래정보시스템,이은숙,분석,2553842740,87.254,87.928,0.4623 (100.4623),11 2,2023/01/16 09:58:29,
41,1068194348,(주)퓨젼아이앤씨,임영출,분석,2553847500,87.254,87.928,0.4625 (100.4625),15 4,2023/01/16 15:07:53,
42,2368601897,주식회사 대방지,이은주,분석,2553879530,87.255,87.929,0.4638 (100.4638),2 6,2023/01/17 00:46:29,
43,2268102180,정화통신(주),우동명,분석,2553983670,87.259,87.933,0.4679 (100.4679),12 9,2023/01/16 15:29:35,
44,3018110579,대원전기 주식회사,권세원,분석,2554016970,87.26,87.934,0.4692 (100.4692),13 5,2023/01/12 16:40:59,
45,6108600214,(주)철탑,권용선,분석,2554090236,87.263,87.936,0.4721 (100.4721),13 14,2023/01/16 09:53:24,
46,1238160810,(주)비전정보통신,김현식,분석,2554117690,87.264,87.937,0.4732 (100.4732),10 13,2023/01/16 10:52:26,
47,1138611622,(주)이담에스티,최명순,분석,2554229500,87.267,87.941,0.4776 (100.4776),5 7,2023/01/17 08:18:20,
48,2208804175,주식회사 예준시스템,이인애,분석,2554258418,87.268,87.942,0.4787 (100.4787),5 8,2023/01/16 18:21:00,
49,1338137048,주식회사 도아(到我),박기덕,분석,2554347750,87.272,87.945,0.4822 (100.4822),11 7,2023/01/16 15:42:41,
50,6075760026,강서정보,김재용,분석,2554379470,87.273,87.946,0.4834 (100.4834),12 14,2023/01/13 20:48:53,
51,2118603519,에쓰이씨 주식회사,이명규,분석,2554420148,87.274,87.948,0.4851 (100.4851),12 7,2023/01/16 15:34:53,
52,3048117741,(주)아이티넷,정환천,분석,2554432858,87.275,87.948,0.4856 (100.4856),15 4,2023/01/12 13:31:44,
53,1088178984,(주)포소드,마명철,분석,2554486243,87.277,87.95,0.4877 (100.4877),13 9,2023/01/16 10:54:32,
54,5028115764,(합)삼우전자통신,박래석,분석,2554488200,87.277,87.95,0.4877 (100.4877),6 9,2023/01/17 08:21:40,
55,1058106123,주식회사 나우스넷,오승탁,분석,2554491450,87.277,87.95,0.4879 (100.4879),10 5,2023/01/17 08:36:25,
56,2298119166,(주)삼영기업,금동흠,분석,2554493870,87.277,87.95,0.4880 (100.488),3 7,2023/01/17 09:06:32,
57,1198184278,주식회사엠디네트워크,이재현,분석,2554502830,87.277,87.95,0.4883 (100.4883),1 3,2023/01/12 17:10:54,
58,1148615581,대성네트웍 주식회사,백성현,분석,2554509130,87.277,87.951,0.4886 (100.4886),3 7,2023/01/13 16:28:30,
59,7228700455,주식회사신성정보기술,최대영,분석,2554543439,87.279,87.952,0.4899 (100.4899),2 3,2023/01/16 12:04:17,
60,1108175622,동해아이앤티(주),이기봉,분석,2554659104,87.283,87.956,0.4945 (100.4945),15 9,2023/01/16 08:39:45,
61,1318612600,주식회사 석원정보통신,전문창,분석,2554702320,87.284,87.957,0.4962 (100.4962),8 9,2023/01/16 12:52:17,
62,1408169475,주식회사 제이앤제이파워스,박재옥,분석,2554768900,87.286,87.96,0.4988 (100.4988),4 8,2023/01/17 08:51:54,
63,2208108546,경림전기(주),김인형,분석,2554844677,87.289,87.962,0.5018 (100.5018),10 14,2023/01/13 17:11:31,
64,2298125412,스크린정보통신(주),조승제,분석,2554997202,87.295,87.968,0.5078 (100.5078),11 3,2023/01/16 09:32:44,
65,1188110211,(주)텔레텍코리아,윤광수,분석,2555053400,87.296,87.969,0.5100 (100.51),7 8,2023/01/12 15:21:51,
66,1018139321,(주)세웅정보통신,장우진,분석,2555098886,87.298,87.971,0.5118 (100.5118),8 9,2023/01/16 15:24:34,
67,5028170641,세움전기 주식회사,김진태,분석,2555158880,87.3,87.973,0.5141 (100.5141),15 8,2023/01/16 17:55:31,
68,1138148366,주식회사 레이어스,조인선,분석,2555261580,87.304,87.977,0.5182 (100.5182),1 10,2023/01/17 09:13:12,
69,2118606665,주식회사 아라랏,황지홍,분석,2555262936,87.304,87.977,0.5182 (100.5182),11 2,2023/01/16 17:37:11,
70,1068674084,주식회사월드아이,신영구,분석,2555342930,87.307,87.979,0.5214 (100.5214),14 7,2023/01/16 17:08:30,
71,1068603240,태경이엘피 주식회사,김평석,분석,2555373900,87.308,87.98,0.5226 (100.5226),11 2,2023/01/15 18:27:01,
72,5158108411,동일통신 주식회사,황보유,분석,2555441000,87.31,87.983,0.5252 (100.5252),3 5,2023/01/16 10:06:25,
73,5048154327,주식회사 얼라이드 시스템,조창현,분석,2555462490,87.311,87.984,0.5261 (100.5261),5 8,2023/01/16 16:31:35,
74,2098156774,주식회사신기정보통신,권경옥,분석,2555555000,87.314,87.987,0.5297 (100.5297),15 9,2023/01/16 19:31:11,
75,1138629821,동문이엔티 주식회사,송요일,분석,2555607303,87.316,87.989,0.5318 (100.5318),1 9,2023/01/13 18:25:27,
76,2148620797,(주)세인씨앤씨,조정화,분석,2555627640,87.317,87.989,0.5326 (100.5326),12 5,2023/01/15 21:06:20,
77,1078197085,(주)코어넷,소흥섭,분석,2555706850,87.32,87.992,0.5357 (100.5357),10 7,2023/01/14 11:56:32,
78,1248158831,빛샘전자(주),강명구,분석,2555736900,87.321,87.993,0.5368 (100.5368),1 6,2023/01/16 09:09:14,
79,1068616518,(주)애니씨앤에스,이일규,분석,2555752200,87.321,87.993,0.5374 (100.5374),10 5,2023/01/16 16:51:11,
80,2118716291,(주)유토닉스,박찬호,분석,2555759829,87.321,87.994,0.5378 (100.5378),11 15,2023/01/16 15:15:11,
81,2148186794,주식회사 리트코,정종경,분석,2555782790,87.322,87.995,0.5387 (100.5387),7 8,2023/01/13 14:53:05,
82,2078148017,(주)명신시스템,노근식,분석,2555912350,87.327,87.999,0.5437 (100.5437),5 8,2023/01/17 09:12:17,
83,2298134599,(주)시에나텔레콤,임종태,분석,2555947940,87.328,88.0,0.5451 (100.5451),3 4,2023/01/17 09:16:08,
84,5488800586,주식회사진도아이비에스,강상호,분석,2555960654,87.328,88.001,0.5457 (100.5457),10 9,2023/01/13 09:43:12,
85,1078651497,모바일파킹 유한회사,김중근,분석,2556014038,87.33,88.003,0.5478 (100.5478),10 11,2023/01/16 10:23:23,
86,1188111452,동화전자산업(주),김종화,분석,2556038200,87.331,88.003,0.5487 (100.5487),10 5,2023/01/16 08:43:54,
87,4168184276,대한정보통신(주),강철호,분석,2556069710,87.332,88.004,0.5499 (100.5499),10 8,2023/01/17 09:16:16,
88,2208658565,주식회사 주인정보시스템,김근호,분석,2556115721,87.334,88.006,0.5518 (100.5518),2 8,2023/01/13 18:15:38,
89,1058654519,주식회사유비라인,이병오,분석,2556175754,87.336,88.008,0.5541 (100.5541),13 3,2023/01/16 19:24:44,
90,1328127945,부민통신 주식회사,박창욱,분석,2556237741,87.338,88.01,0.5566 (100.5566),7 9,2023/01/13 15:42:40,
91,2170366237,염광통신공사,기홍용,분석,2556268246,87.339,88.011,0.5578 (100.5578),11 4,2023/01/17 08:46:06,
92,1058676906,(주)디엠씨정보,윤성인,분석,2556309650,87.341,88.013,0.5594 (100.5594),14 3,2023/01/17 09:34:13,
93,1118114477,주식회사 대흥데이타통신,박상영,분석,2556362304,87.343,88.015,0.5615 (100.5615),15 3,2023/01/13 10:09:17,
94,1058727284,(주)조은네트웍스,김장열,분석,2556369930,87.343,88.015,0.5618 (100.5618),13 15,2023/01/13 21:16:12,
95,1108609224,주식회사 두루스코,김옥연,분석,2556420263,87.345,88.016,0.5637 (100.5637),4 8,2023/01/16 11:17:21,
96,1078805018,주식회사 지엔아이테크,박우정,분석,2556546350,87.349,88.021,0.5687 (100.5687),7 8,2023/01/13 13:50:54,
97,1098611773,주식회사상현엔지니어링,이재권,분석,2556624139,87.352,88.024,0.5718 (100.5718),13 3,2023/01/17 08:58:53,
98,4128136603,주식회사 명인,박양규,분석,2556671168,87.353,88.025,0.5736 (100.5736),1 10,2023/01/17 09:38:32,
99,1268620622,(주)엑스코하이텍,박정현,분석,2556692770,87.354,88.026,0.5744 (100.5744),1 7,2023/01/16 12:16:51,
100,4128119924,엔에이치네트웍스 주식회사,이근신,분석,2556714380,87.355,88.027,0.5753 (100.5753),1 11,2023/01/13 16:50:34,
101,1228166223,(주)홀리랜드테크놀러지,고춘자,분석,2556756328,87.356,88.028,0.5770 (100.577),15 2,2023/01/16 10:48:07,
102,2538800164,주식회사두리넷,한은주,분석,2556771580,87.357,88.029,0.5776 (100.5776),4 7,2023/01/16 18:06:55,
103,1098155422,창공정보통신 주식회사,김배명,분석,2556776664,87.357,88.029,0.5778 (100.5778),10 12,2023/01/16 06:01:13,
104,1108604272,소리콤 주식회사,정재홍,분석,2556875810,87.361,88.032,0.5817 (100.5817),11 7,2023/01/16 16:41:04,
105,2158168163,블루엔이(주),정홍채,분석,2556878348,87.361,88.032,0.5818 (100.5818),1 15,2023/01/16 09:42:06,
106,2048159043,이앤씨텔레콤(주),김진갑,분석,2557030873,87.366,88.038,0.5878 (100.5878),11 7,2023/01/16 10:00:39,
107,1058649262,주식회사 노하우전기통신,임창배,분석,2557132556,87.37,88.041,0.5918 (100.5918),4 8,2023/01/16 09:20:31,
108,1198164229,(주) 이준시스템,한상훈,분석,2557177850,87.371,88.043,0.5935 (100.5935),5 8,2023/01/17 09:59:17,
109,2068172829,한사랑엔지니어링 주식회사,권갑순,분석,2557219835,87.373,88.044,0.5952 (100.5952),10 14,2023/01/16 13:11:32,
110,1198637085,(주) 하이네트워크,이준수,분석,2557285082,87.375,88.046,0.5978 (100.5978),7 8,2023/01/16 13:26:29,
111,2178125840,(주)에이디엠,정채옥,분석,2557320450,87.376,88.047,0.5991 (100.5991),10 8,2023/01/16 13:36:23,
112,1198605337,(주)신한이엔아이,유순자,분석,2557345780,87.377,88.048,0.6001 (100.6001),6 8,2023/01/12 15:46:35,
113,1178169252,엠에스온(주),이경미,분석,2557590133,87.386,88.057,0.6098 (100.6098),2 4,2023/01/12 16:40:45,
114,1408179804,주식회사 에스엠네트웍스,박상준,분석,2557641821,87.388,88.059,0.6118 (100.6118),10 11,2023/01/17 08:55:49,
115,5018114869,남영통신(주),김영록,분석,2557849180,87.395,88.066,0.6199 (100.6199),10 7,2023/01/15 12:16:58,
116,1238186315,케이에스아이주식회사,김경숙,분석,2557938400,87.398,88.069,0.6235 (100.6235),1 10,2023/01/17 09:19:16,
117,1078677070,씨지에스아이티(주),최규식,분석,2557953289,87.399,88.069,0.6240 (100.624),13 7,2023/01/15 13:31:26,
118,1268670710,주식회사 에디넷,민경태,분석,2557984160,87.4,88.07,0.6253 (100.6253),11 9,2023/01/16 18:00:58,
119,4158126972,(주)승주정보,김영식,분석,2558123970,87.405,88.075,0.6307 (100.6307),4 9,2023/01/13 10:39:47,
120,1298183408,주식회사 뉴인테크,곽순임,분석,2558172350,87.406,88.077,0.6327 (100.6327),12 8,2023/01/16 14:24:28,
121,6058189420,주식회사임택전기통신,임문택,분석,2558287950,87.41,88.081,0.6372 (100.6372),10 7,2023/01/16 16:15:45,
122,2108165652,키코아이비에스주식회사,이형철,분석,2558370554,87.413,88.084,0.6405 (100.6405),1 2,2023/01/17 09:28:36,
123,1088122724,영진정보통신주식회사,김영식,분석,2558456379,87.416,88.087,0.6438 (100.6438),13 4,2023/01/16 15:26:18,
124,7478702262,국제정보통신주식회사,구연희,분석,2558614785,87.422,88.092,0.6501 (100.6501),13 4,2023/01/12 23:49:17,
125,4158151355,청명주식회사,김도형,분석,2558789990,87.428,88.098,0.6569 (100.6569),7 9,2023/01/13 11:02:53,
126,1198183944,(주)선인프라,엄선식,분석,2558864355,87.431,88.101,0.6599 (100.6599),12 14,2023/01/13 13:27:21,
127,1168169996,세리정보기술 주식회사,이금모,분석,2559003534,87.436,88.105,0.6654 (100.6654),11 14,2023/01/16 13:41:34,
128,7708100831,진아이티 주식회사,이진행,분석,2559088440,87.439,88.108,0.6687 (100.6687),12 14,2023/01/16 13:38:57,
129,3148145598,(주)에스티씨,박광수,분석,2559283164,87.445,88.115,0.6764 (100.6764),10 13,2023/01/16 18:02:54,
130,1058153698,진우산전(주),정진태,분석,2559326379,87.447,88.117,0.6781 (100.6781),1 13,2023/01/16 09:28:06,
131,1328144454,주식회사 하이큐넷,공엄용,분석,2559329000,87.447,88.117,0.6782 (100.6782),15 7,2023/01/16 17:03:46,
132,1088180573,다올정보기술주식회사,한숙기,분석,2559439346,87.451,88.12,0.6825 (100.6825),1 5,2023/01/16 16:42:59,
133,1068641109,주식회사 피앤지텍,조홍길,분석,2559608850,87.457,88.126,0.6892 (100.6892),1 2,2023/01/17 08:48:15,
134,2148663189,주식회사 케이더블유엠산업기술,이동건,분석,2559684890,87.46,88.129,0.6922 (100.6922),12 13,2023/01/16 09:20:18,
135,2208786374,디알씨티에스 주식회사,김완강,분석,2559758534,87.462,88.131,0.6951 (100.6951),11 2,2023/01/14 15:30:38,
136,1308611160,대광정보시스템(주),김미영,분석,2559776300,87.463,88.132,0.6957 (100.6957),13 2,2023/01/12 08:51:34,
137,1128126393,주식회사 승도이엔씨,신종성,분석,2559827800,87.465,88.134,0.6978 (100.6978),1 8,2023/01/14 12:08:44,
138,1198635582,아람이엔테크 주식회사,정충선,분석,2560118500,87.475,88.144,0.7092 (100.7092),12 6,2023/01/16 18:06:42,
139,1228192148,주식회사 남경전력,길영춘,분석,2560228820,87.479,88.148,0.7136 (100.7136),2 9,2023/01/13 10:08:05,
140,5888801225,주식회사 파이더스,주은경,분석,2560319620,87.482,88.151,0.7171 (100.7171),11 14,2023/01/16 18:07:01,
141,1178186611,주식회사 에프에이일렉콤,박인숙,분석,2560454911,87.487,88.155,0.7224 (100.7224),11 8,2023/01/16 09:54:10,
142,2108108684,주식회사 대금이앤아이,김종우,분석,2560508450,87.489,88.157,0.7246 (100.7246),2 4,2023/01/13 15:41:33,
143,4088176611,주식회사 에스티에스,서연림,분석,2560636000,87.493,88.162,0.7296 (100.7296),13 15,2023/01/13 17:21:26,
144,1258181577,주식회사 디티,김윤헌,분석,2560672900,87.494,88.163,0.7310 (100.731),1 15,2023/01/16 15:20:32,
145,1138163445,주식회사 삼도통신,이정경,분석,2560738000,87.497,88.165,0.7336 (100.7336),10 11,2023/01/16 15:05:19,
146,1218191414,주식회사 유리네트웍스,박창호,분석,2561271076,87.515,88.184,0.7546 (100.7546),10 4,2023/01/13 13:41:25,
147,1208166080,(주)기산텔레콤,박병기,분석,2561319700,87.517,88.185,0.7565 (100.7565),15 8,2023/01/16 09:56:22,
148,5138142072,기남전기통신 주식회사,김중기,분석,2561349800,87.518,88.186,0.7576 (100.7576),3 8,2023/01/16 17:28:33,
149,2198107469,하나이앤지 주식회사,이명우,분석,2561584350,87.527,88.194,0.7669 (100.7669),8 9,2023/01/17 09:08:47,
150,2128145574,콤시스(주),서경환,분석,2561604100,87.527,88.195,0.7677 (100.7677),14 2,2023/01/17 09:50:58,
151,1208742187,주식회사 미소아이티,김재욱,분석,2561630530,87.528,88.196,0.7687 (100.7687),10 13,2023/01/13 13:16:50,
152,5028614907,주식회사 영진정보통신,원종엽,분석,2561789660,87.534,88.201,0.7749 (100.7749),10 13,2023/01/17 09:14:03,
153,4178600013,블랙썬 주식회사,이희부,분석,2562109960,87.545,88.212,0.7875 (100.7875),13 8,2023/01/17 09:09:22,
154,2148626637,(주)아이엔지시스템,김정화,분석,2562303500,87.552,88.219,0.7952 (100.7952),15 7,2023/01/16 17:18:29,
155,1058179892,(주)지에스컴,김형호,분석,2562631479,87.563,88.23,0.8081 (100.8081),13 3,2023/01/16 16:13:47,
156,1068180878,주식회사 신보,정재문,분석,2562691450,87.565,88.232,0.8104 (100.8104),10 9,2023/01/17 08:30:55,
157,2118726218,주식회사 씨그테크,이윤호,분석,2562768620,87.568,88.235,0.8135 (100.8135),8 9,2023/01/10 14:43:39,
158,1218169227,주식회사 미소건영,김영태,분석,2562985900,87.576,88.243,0.8220 (100.822),1 3,2023/01/13 14:22:40,
159,2128140491,(주)벧엘정보통신,채수진,분석,2563126802,87.581,88.247,0.8276 (100.8276),13 8,2023/01/17 07:27:22,
160,7968600745,마스트아이엔씨 주식회사,전병호,분석,2563291783,87.587,88.253,0.8340 (100.834),8 9,2023/01/13 11:13:48,
161,1138107384,지에스네오텍 주식회사,남기정,분석,2563365750,87.589,88.256,0.8369 (100.8369),1 13,2023/01/16 17:56:10,
162,2148770450,주식회사 아리시스,이대섭,분석,2563403810,87.591,88.257,0.8384 (100.8384),15 8,2023/01/16 13:35:49,
163,2148107988,(주)서울정보시스템,이문현,분석,2563523400,87.595,88.261,0.8432 (100.8432),14 8,2023/01/11 08:49:13,
164,5398800753,주식회사 진진,김지혜,분석,2563650472,87.599,88.265,0.8482 (100.8482),11 2,2023/01/16 10:22:03,
165,1148602636,(주)오라엔지니어링,오형근,분석,2563795300,87.604,88.27,0.8538 (100.8538),1 9,2023/01/11 15:28:12,
166,1198182149,유지텔레컴 주식회사,정우창,분석,2563922390,87.609,88.275,0.8588 (100.8588),10 11,2023/01/16 16:08:17,
167,4898601318,주식회사이건전기통신,김병선,분석,2564080085,87.614,88.28,0.8651 (100.8651),3 6,2023/01/16 21:45:57,
168,1288121980,원일통신(주),이규명,분석,2564260500,87.621,88.286,0.8721 (100.8721),5 9,2023/01/16 07:27:41,
169,2178121937,부광이앤씨 주식회사,정동국,분석,2564280910,87.621,88.287,0.8730 (100.873),1 7,2023/01/12 10:39:45,
170,6088113706,주식회사 일렉콤,정현영,분석,2564311410,87.623,88.288,0.8741 (100.8741),1 2,2023/01/16 16:27:25,
171,1198107631,승아전기(주),김태훈,분석,2564329170,87.623,88.289,0.8748 (100.8748),2 5,2023/01/13 15:58:32,
172,2078136393,삼언전공 주식회사,공석복,분석,2564402890,87.626,88.291,0.8777 (100.8777),14 5,2023/01/17 09:33:49,
173,1098166803,(주)아이앤씨파트너스,곽준철,분석,2564647563,87.634,88.3,0.8874 (100.8874),11 14,2023/01/17 01:17:54,
174,1428150308,주식회사 대원,서동일,분석,2564710530,87.637,88.302,0.8899 (100.8899),7 8,2023/01/13 15:50:25,
175,2028136758,주식회사 남양계전,민강기,분석,2565126410,87.651,88.316,0.9062 (100.9062),14 9,2023/01/17 08:41:16,
176,1068602542,주식회사 유셀네트웍스,김구동,분석,2565139980,87.652,88.317,0.9067 (100.9067),15 7,2023/01/16 11:19:47,
177,1388126833,주식회사 컴피아,고석만,분석,2565224000,87.655,88.32,0.9100 (100.91),1 7,2023/01/16 10:21:19,
178,1238190158,주식회사두성미디어,정재득,분석,2565425500,87.662,88.327,0.9180 (100.918),15 2,2023/01/17 07:24:42,
179,4108144714,(주)성원이앤지,배형희,분석,2565534160,87.666,88.33,0.9223 (100.9223),2 9,2023/01/16 10:03:59,
180,1228630865,주식회사 금산,유기선,분석,2565795993,87.675,88.339,0.9325 (100.9325),15 2,2023/01/13 15:00:16,
181,6158117317,주식회사 케이투,박성환,분석,2566055287,87.684,88.348,0.9428 (100.9428),10 6,2023/01/13 14:35:22,
182,2148752525,(주)엘티네트워크,조완식,분석,2566062279,87.684,88.348,0.9430 (100.943),13 7,2023/01/12 11:39:38,
183,3128640160,대원정보통신 주식회사,이연석,분석,2566628626,87.704,88.368,0.9653 (100.9653),7 8,2023/01/11 17:36:16,
184,1298129419,지에스앤티(주),이득연,분석,2566810796,87.711,88.374,0.9725 (100.9725),12 14,2023/01/10 10:19:27,
185,2148805903,리조이스통신주식회사,최공휘,분석,2566828090,87.711,88.375,0.9732 (100.9732),11 8,2023/01/16 14:36:22,
186,3148136065,주식회사 협신,이상헌,분석,2566888980,87.713,88.377,0.9755 (100.9755),12 4,2023/01/16 14:14:44,
187,1388114337,주식회사 신안정보통신,주을목,분석,2567014230,87.718,88.381,0.9805 (100.9805),14 4,2023/01/16 19:10:49,
188,3128114629,태양정보통신 주식회사,민장기,분석,2567049690,87.719,88.382,0.9819 (100.9819),11 3,2023/01/17 08:50:33,
189,1228154391,주식회사 덕산,양희종,분석,2567428842,87.732,88.396,0.9968 (100.9968),14 4,2023/01/17 08:45:16,
190,2148188924,우민전기(주),이학표,분석,2567471230,87.734,88.397,0.9985 (100.9985),10 14,2023/01/16 14:57:28,
191,1198632979,성민전기 주식회사,김미영,분석,2567510000,87.735,88.398,1.0000 (101),7 9,2023/01/15 23:33:22,
192,8318101324,(주)두굿이엔지,전미연,분석,2567511950,87.735,88.398,1.0001 (101.0001),12 3,2023/01/10 09:10:23,
193,2128168465,주식회사 대성엔이씨,구명자,분석,2567707540,87.742,88.405,1.0077 (101.0077),10 7,2023/01/17 08:56:23,
194,6138114177,주식회사코넥,오상석,분석,2567806780,87.746,88.409,1.0116 (101.0116),1 5,2023/01/13 16:14:17,
195,8378600745,주식회사 제이즈넷,이중완,분석,2568035575,87.754,88.416,1.0207 (101.0207),14 15,2023/01/14 16:51:10,
196,2118119938,주식회사 디비아이엔씨,강운식,분석,2568290355,87.763,88.425,1.0307 (101.0307),2 6,2023/01/13 10:45:40,
197,7258801178,(주)다올테크,김정화,분석,2568532500,87.771,88.434,1.0402 (101.0402),10 13,2023/01/16 16:27:50,
198,6098177853,주식회사 극동이엔씨,최승훈,분석,2569123588,87.792,88.454,1.0635 (101.0635),2 8,2023/01/13 11:15:15,
199,1358141155,(주)이지텔레콤,이찬주,분석,2569366290,87.801,88.462,1.0730 (101.073),12 14,2023/01/13 15:50:49,
200,1058159732,주식회사 양지,윤준영,분석,2569934500,87.821,88.482,1.0953 (101.0953),7 8,2023/01/16 09:19:50,
201,2208604531,주식회사 월드린시스템즈,류준열,분석,2570213500,87.83,88.491,1.1063 (101.1063),12 9,2023/01/16 16:42:10,
202,1218162471,주식회사 우형정보통신,김복녀,분석,2570679347,87.847,88.507,1.1247 (101.1247),2 3,2023/01/17 08:57:18,
203,1178159259,금일정보기술주식회사,박청아,분석,2571396151,87.872,88.532,1.1528 (101.1528),4 7,2023/01/15 19:11:51,
204,2218132831,주식회사 지아이티,이수용,분석,2572049532,87.895,88.555,1.1786 (101.1786),14 7,2023/01/13 15:07:29,
205,1198649596,주식회사 원넷시스,김성식,분석,2574450360,87.98,88.637,1.2730 (101.273),12 14,2023/01/16 17:33:00,
206,2128107793,호곡종합건설(주),박성환,분석,2575638961,88.022,88.678,1.3198 (101.3198),13 9,2023/01/17 09:08:14,
207,2308800235,주식회사 낙원통신,장미선,분석,2578974000,88.139,88.793,1.4509 (101.4509),3 7,2023/01/16 14:09:17,
208,1418124656,주식회사 미르종합건설,장영희,분석,2579830230,88.169,88.822,1.4846 (101.4846),13 7,2023/01/12 10:20:40,
209,1308640229,(주)알앤아이,전성호,분석,2585579000,88.372,89.02,1.7108 (101.7108),12 15,2023/01/16 10:46:38,
210,6768701715,주식회사 성운테크,서도환,분석,2587108000,88.425,89.073,1.7709 (101.7709),11 15,2023/01/16 08:38:46,
211,2048620636,(주)유시스,이경재,분석,2602600000,88.971,89.606,2.3803 (102.3803),3 8,2023/01/11 12:23:39,
212,2068188409,주식회사 넥스파시스템,손주섭,분석,2904462000,99.602,100.0,14.2549 (114.2549),15 8,2023/01/11 09:25:01,
213,2148886584,주식회사 수민텔레콤,이상민,분석,2904462000,99.602,100.0,14.2549 (114.2549),10 3,2023/01/10 10:17:19,
-1,2068153517,뉴텔레콤(주),김을선,분석,49845060,-0.935,1.716,-98.0393 (1.9607),14 15,2023/01/17 09:27:16,낙찰하한선 미달
-2,1268650320,(주)만양,이상미,분석,2551911107,87.186,87.861,0.3864 (100.3864),10 2,2023/01/16 19:54:16,
-3,3148609073,금성정보기술 주식회사,박칠성,분석,2551899477,87.185,87.861,0.3859 (100.3859),2 4,2023/01/10 15:36:34,
-4,2298131888,세운씨앤텍 (주),이미경,분석,2551869480,87.184,87.86,0.3847 (100.3847),5 6,2023/01/16 14:03:22,
-5,2158747516,(주) 제이에스통신정보,강명자,분석,2551837386,87.183,87.859,0.3835 (100.3835),10 13,2023/01/12 18:02:45,
-6,4088171222,주식회사 한광,김순미,분석,2551819592,87.183,87.858,0.3828 (100.3828),14 8,2023/01/17 09:36:14,
-7,3148135159,다우정보(주),홍순철,분석,2551791000,87.182,87.857,0.3816 (100.3816),10 9,2023/01/16 08:50:19,
-8,1088182120,(주) 포스콤 에스아이,양병기,분석,2551789087,87.182,87.857,0.3816 (100.3816),10 15,2023/01/16 09:39:26,
-9,1180673427,한마음정보시스템,정인숙,분석,2551789087,87.182,87.857,0.3816 (100.3816),15 8,2023/01/13 10:01:01,
-10,1338121231,한려정보통신 주식회사,고석필,분석,2551734660,87.18,87.855,0.3794 (100.3794),10 4,2023/01/11 10:38:23,
-11,1058191993,링크정보통신주식회사,이재호,분석,2551669609,87.177,87.853,0.3769 (100.3769),15 6,2023/01/17 09:37:56,
-12,1118101759,신원전설(주),심한섭,분석,2551621870,87.176,87.851,0.3750 (100.375),10 7,2023/01/16 11:10:07,
-13,5012762957,동산통신,김영우,분석,2551585720,87.174,87.85,0.3736 (100.3736),11 9,2023/01/16 08:00:45,
-14,1308611501,주식회사 성호넷,두인환,분석,2551555220,87.173,87.849,0.3724 (100.3724),15 8,2023/01/16 17:20:11,
-15,4108608111,주식회사금호이앤시,최순희,분석,2551552673,87.173,87.849,0.3723 (100.3723),10 9,2023/01/17 09:18:40,
-16,6178104991,(주)우성통신,우순현,분석,2551549560,87.173,87.849,0.3721 (100.3721),1 10,2023/01/13 10:49:17,
-17,2118836479,(주)에스피엔이,이정임,분석,2551523014,87.172,87.848,0.3711 (100.3711),1 14,2023/01/17 09:19:11,
-18,2058126341,종합전기 주식회사,김유훈,분석,2551481495,87.171,87.846,0.3695 (100.3695),14 4,2023/01/17 08:02:30,
-19,2108168358,주식회사 영호전기통신,조소연,분석,2551480224,87.171,87.846,0.3694 (100.3694),14 6,2023/01/16 17:13:24,
-20,1098613335,주식회사 스마트씨앤아이,임요웅,분석,2551389900,87.167,87.843,0.3658 (100.3658),12 9,2023/01/16 14:47:26,
-21,1058663420,(주)엠비에스엔지니어링,강형주,분석,2551377269,87.167,87.843,0.3654 (100.3654),13 4,2023/01/14 09:35:20,
-22,1138132447,태진정보통신(주),정태수,분석,2551354389,87.166,87.842,0.3645 (100.3645),13 5,2023/01/17 09:36:36,
-23,1138629419,(주)에스이든,하태정,분석,2551328960,87.165,87.841,0.3634 (100.3634),11 8,2023/01/16 15:12:21,
-24,3148618077,주식회사 향수정보통신,민다연,분석,2551257790,87.163,87.839,0.3607 (100.3607),13 9,2023/01/17 09:09:54,
-25,4028129236,완전정보통신 주식회사,정현자,분석,2551246518,87.162,87.838,0.3602 (100.3602),12 9,2023/01/16 16:50:39,
-26,1228196580,주식회사 비앤스산업,김해옥,분석,2551208900,87.161,87.837,0.3587 (100.3587),15 8,2023/01/16 20:41:15,
-27,1108155382,(주)굿채널시스템,백홍현,분석,2551176920,87.16,87.836,0.3575 (100.3575),1 15,2023/01/16 08:39:57,
-28,1348139151,성우정보통신(주),장병호,분석,2551167450,87.16,87.836,0.3571 (100.3571),11 2,2023/01/13 11:36:41,
-29,5298100062,주식회사 알에프코리아,신현성,분석,2551159470,87.159,87.835,0.3568 (100.3568),4 7,2023/01/16 10:22:07,
-30,1058640413,(주)지앤에스이엔지,박선영,분석,2551133228,87.158,87.834,0.3558 (100.3558),1 11,2023/01/16 16:27:11,
-31,1058162163,주식회사대한종합산전,이섭,분석,2551133000,87.158,87.834,0.3557 (100.3557),11 3,2023/01/13 14:53:08,
-32,2158727392,매컴정보통신(주),장병호,분석,2551095097,87.157,87.833,0.3543 (100.3543),10 4,2023/01/13 21:37:01,
-33,5078106538,주식회사 이로,김영택,분석,2551092555,87.157,87.833,0.3542 (100.3542),13 5,2023/01/16 17:42:51,
-34,1348197923,대승정보통신 주식회사,최승곤,분석,2550978160,87.153,87.829,0.3497 (100.3497),11 5,2023/01/13 20:05:43,
-35,2208104161,대신정보기술 주식회사,이광호,분석,2550963000,87.152,87.829,0.3491 (100.3491),15 7,2023/01/16 17:20:52,
-36,1358131171,(주)금성전기통신공사,김윤환,분석,2550765900,87.145,87.822,0.3413 (100.3413),4 8,2023/01/13 10:32:24,
-37,6058132247,반도산전(주),서보석,분석,2550731500,87.144,87.821,0.3399 (100.3399),2 5,2023/01/16 08:27:01,
-38,1388134347,주식회사 패스넷,정정훈,분석,2550660400,87.142,87.818,0.3372 (100.3372),12 4,2023/01/17 09:08:30,
-39,2100412872,유광미디어,김유성,분석,2550624810,87.141,87.817,0.3358 (100.3358),1 15,2023/01/12 12:43:05,
-40,1288708320,주식회사 도경,정길호,분석,2550614832,87.14,87.817,0.3354 (100.3354),3 7,2023/01/16 16:22:21,
-41,5148150629,(주)대림통신,박노석,분석,2550533290,87.137,87.814,0.3321 (100.3321),5 9,2023/01/16 16:54:21,
-42,3058632532,주식회사 와이엠테크,홍용선,분석,2550510415,87.136,87.813,0.3312 (100.3312),15 3,2023/01/13 16:48:40,
-43,2498602494,금상첨화 주식회사,김영경,분석,2550494500,87.136,87.812,0.3306 (100.3306),10 7,2023/01/16 09:20:23,
-44,2128142640,팍스코이앤아이(주),송기민,분석,2550439238,87.134,87.811,0.3285 (100.3285),12 4,2023/01/16 17:30:20,
-45,1058645188,(주)삼구정보통신,강준재,분석,2550421443,87.133,87.81,0.3278 (100.3278),14 6,2023/01/12 13:42:03,
-46,3148623089,주식회사 삼화전기,성백린,분석,2550373144,87.132,87.808,0.3259 (100.3259),11 5,2023/01/16 13:35:38,
-47,1088154468,(주)이젠정보통신,이동필,분석,2550362773,87.131,87.808,0.3254 (100.3254),15 4,2023/01/15 23:19:39,
-48,1078606385,대선아이넷(주),신일자,분석,2550337500,87.13,87.807,0.3244 (100.3244),1 2,2023/01/16 16:00:24,
-49,1058161048,서울데이타통신(주),이희승,분석,2550289255,87.129,87.805,0.3226 (100.3226),12 9,2023/01/12 10:22:07,
-50,1288154026,(주)니트로시스템,정인교,분석,2550268918,87.128,87.805,0.3218 (100.3218),14 4,2023/01/16 10:01:00,
-51,1058641085,(주)에스엠전력,김동율,분석,2550262054,87.128,87.804,0.3215 (100.3215),1 11,2023/01/13 11:04:41,
-52,1218157435,(주)해오름넷,황명란,분석,2550212992,87.126,87.803,0.3196 (100.3196),15 4,2023/01/16 09:58:27,
-53,1138195613,(주)고려다이나믹스,변희만,분석,2550207910,87.126,87.803,0.3194 (100.3194),1 10,2023/01/14 12:13:09,
-54,2130230588,태극정보통신,이상호,분석,2550188524,87.125,87.802,0.3186 (100.3186),13 8,2023/01/16 20:17:26,
-55,1098167078,(주)에스씨네트,이계영,분석,2550098590,87.122,87.799,0.3150 (100.315),7 9,2023/01/16 08:10:16,
-56,4538100144,주식회사 파란아이티,성기빈,분석,2550096100,87.122,87.799,0.3150 (100.315),13 8,2023/01/17 09:21:33,
-57,3188601020,주식회사 프레이,조성준,분석,2550096000,87.122,87.799,0.3149 (100.3149),13 15,2023/01/16 10:28:06,
-58,1078163703,아이티에스엔지니어링 주식회사,김정구,분석,2550065551,87.121,87.798,0.3138 (100.3138),10 12,2023/01/13 14:39:09,
-59,6178622427,주식회사 제니스네트웍,차승훈,분석,2550057920,87.121,87.797,0.3134 (100.3134),3 9,2023/01/13 08:56:53,
-60,1388132903,주식회사 시티랩스,조영중,분석,2550050000,87.12,87.797,0.3131 (100.3131),3 4,2023/01/16 17:23:54,
-61,2068666263,세움기술 주식회사,주익중,분석,2550035046,87.12,87.797,0.3126 (100.3126),10 4,2023/01/16 17:07:20,
-62,3108116960,주식회사 덕산정보통신,김동백,분석,2550001998,87.119,87.796,0.3113 (100.3113),3 8,2023/01/17 09:17:10,
-63,1198653668,에코아이넷(주),박은희,분석,2549979120,87.118,87.795,0.3104 (100.3104),1 10,2023/01/16 09:37:08,
-64,6098131065,주식회사 진명텔레콤,박호영,분석,2549979100,87.118,87.795,0.3103 (100.3103),13 2,2023/01/13 09:32:13,
-65,1068678514,주식회사 인프라이엔씨,김병훈,분석,2549908960,87.115,87.792,0.3076 (100.3076),12 9,2023/01/10 19:03:47,
-66,6128117899,성창통신주식회사,전주환,분석,2549841846,87.113,87.79,0.3049 (100.3049),13 4,2023/01/10 12:35:11,
-67,1288607270,청운이엔에스주식회사,김정배,분석,2549775753,87.111,87.788,0.3024 (100.3024),10 14,2023/01/16 11:11:55,
-68,1078757203,주식회사 비에스파워,정병섭,분석,2549709500,87.108,87.785,0.2997 (100.2997),1 8,2023/01/16 16:22:00,
-69,1308124466,삼형전자 주식회사,박영원,분석,2549684237,87.107,87.785,0.2988 (100.2988),13 5,2023/01/16 14:33:31,
-70,2138633042,바른인포테크(주),윤범선,분석,2549633396,87.106,87.783,0.2968 (100.2968),13 3,2023/01/13 16:57:45,
-71,8268102035,주식회사 더블유엔에스,박현준,분석,2549626300,87.105,87.783,0.2965 (100.2965),11 12,2023/01/13 16:12:26,
-72,1198169165,(주)기창인포텍,김석진,분석,2549597800,87.104,87.782,0.2953 (100.2953),14 4,2023/01/11 09:21:09,
-73,1138175669,(주)용상전기통신,권혁기,분석,2549582554,87.104,87.781,0.2948 (100.2948),14 5,2023/01/12 10:11:11,
-74,1198609177,이유솔루션주식회사,장지호,분석,2549558278,87.103,87.78,0.2938 (100.2938),5 8,2023/01/16 22:11:25,
-75,2148612657,주식회사 와이어블(Wiable Corp.),장석하,분석,2549548740,87.103,87.78,0.2934 (100.2934),13 5,2023/01/17 09:14:01,
-76,2098161262,주식회사 아이에스인텍,황관홍,분석,2549516350,87.101,87.779,0.2921 (100.2921),14 6,2023/01/16 17:48:18,
-77,1288183458,주식회사 파워텔레콤,김성배,분석,2549451255,87.099,87.777,0.2896 (100.2896),14 9,2023/01/12 17:21:36,
-78,6168183687,일송 주식회사,김민영,분석,2549407660,87.098,87.775,0.2879 (100.2879),13 9,2023/01/11 11:26:23,
-79,1238128751,세종텔레콤 주식회사,유기윤,분석,2549376650,87.097,87.774,0.2867 (100.2867),14 4,2023/01/17 09:01:44,
-80,1218147617,주식회사 한라인프라코어,유수상,분석,2549348681,87.096,87.773,0.2855 (100.2855),5 9,2023/01/16 11:02:11,
-81,1168144224,제일정보건설 주식회사,김진철,분석,2549333430,87.095,87.772,0.2850 (100.285),10 14,2023/01/13 08:35:09,
-82,7068100034,주식회사 디에스원,박준하,분석,2549330000,87.095,87.772,0.2848 (100.2848),2 5,2023/01/16 20:35:15,
-83,1138604679,(주) 투데이게이트,김익훈,분석,2549320720,87.095,87.772,0.2845 (100.2845),14 3,2023/01/13 15:40:42,
-84,1198153514,다린전력(주),오승한,분석,2549269000,87.093,87.77,0.2824 (100.2824),15 3,2023/01/16 15:00:07,
-85,2018603701,소성정보기술 주식회사,김금남,분석,2549240903,87.092,87.769,0.2813 (100.2813),11 9,2023/01/17 08:38:44,
-86,1298689542,주식회사 서율,복문수,분석,2549222000,87.091,87.769,0.2806 (100.2806),14 6,2023/01/13 10:07:45,
-87,1138157550,뉴코리아전자통신 주식회사,조영순,분석,2549170736,87.089,87.767,0.2786 (100.2786),14 9,2023/01/12 08:59:00,
-88,6188123083,금강통신(주),이영자,분석,2549146586,87.088,87.766,0.2776 (100.2776),14 9,2023/01/16 15:00:57,
-89,3018619497,주식회사 이씨티,유지수,분석,2549124978,87.088,87.765,0.2768 (100.2768),15 8,2023/01/16 09:03:44,
-90,1248625392,(주)파워텔레콤,조호연,분석,2549104640,87.087,87.765,0.2759 (100.2759),10 4,2023/01/16 09:49:15,
-91,1078616772,노드링크주식회사,장용철,분석,2549048751,87.085,87.763,0.2738 (100.2738),11 14,2023/01/10 10:19:09,
-92,1088159691,(주)다우텔레콤,이영순,분석,2548990313,87.083,87.761,0.2715 (100.2715),14 8,2023/01/16 14:24:51,
-93,8178800099,(주)대성오토텍,신미금,분석,2548990247,87.083,87.761,0.2715 (100.2715),14 2,2023/01/16 09:18:56,
-94,8758100854,주식회사피앤에스네트웍솔루션,정용선,분석,2548934322,87.081,87.759,0.2693 (100.2693),12 5,2023/01/16 09:53:54,
-95,1138170266,(주)리빙콘트롤,염규재,분석,2548879980,87.079,87.757,0.2671 (100.2671),10 11,2023/01/16 10:46:45,
-96,5048177295,(주)신라이앤씨,김용호,분석,2548873780,87.079,87.757,0.2669 (100.2669),14 3,2023/01/17 09:31:12,
-97,1018172790,(주)공신데이타,서만식,분석,2548870770,87.079,87.757,0.2668 (100.2668),15 3,2023/01/16 10:51:32,
-98,2208716640,주식회사 아이텍파워,정찬원,분석,2548868490,87.079,87.756,0.2667 (100.2667),13 3,2023/01/13 15:25:58,
-99,4188129435,주식회사 서진아이티씨,김홍기,분석,2548791964,87.076,87.754,0.2637 (100.2637),11 4,2023/01/12 17:19:07,
-100,2148673033,대일전기통신(주),김종엽,분석,2548772900,87.075,87.753,0.2629 (100.2629),1 15,2023/01/13 15:32:47,
-101,2298139274,(주)영풍전력설비,심문수,분석,2548697860,87.073,87.751,0.2599 (100.2599),15 3,2023/01/16 13:55:07,
-102,4028168898,주식회사 시온테크,김한철,분석,2548621640,87.07,87.748,0.2569 (100.2569),12 2,2023/01/13 12:18:30,
-103,2148104884,두원이에프씨 주식회사,황운천,분석,2548535214,87.067,87.745,0.2536 (100.2536),10 7,2023/01/13 11:46:23,
-104,4018116039,주식회사현대전력,이병목,분석,2548430000,87.063,87.741,0.2494 (100.2494),12 5,2023/01/16 14:51:24,
-105,5868801608,주식회사 레인보우,박재용,분석,2548359809,87.061,87.739,0.2467 (100.2467),4 5,2023/01/12 16:47:24,
-106,1058169109,대조전설 주식회사,장철호,분석,2548331850,87.06,87.738,0.2456 (100.2456),1 5,2023/01/16 10:44:15,
-107,1058720734,주식회사 광안이앤씨,이원표,분석,2548284850,87.058,87.736,0.2437 (100.2437),10 5,2023/01/17 08:39:17,
-108,3058185373,주식회사 하나월드정보통신,김제수,분석,2548278463,87.058,87.736,0.2435 (100.2435),2 6,2023/01/17 09:13:52,
-109,1288647952,주식회사 기산이앤씨,조기복,분석,2548219994,87.056,87.734,0.2412 (100.2412),15 9,2023/01/17 09:32:26,
-110,4148102472,(주)엔탑엔지니어링,최공호,분석,2548212368,87.056,87.734,0.2409 (100.2409),2 3,2023/01/10 17:22:50,
-111,1288630446,플라이넷 주식회사,오군명,분석,2548156443,87.054,87.732,0.2387 (100.2387),12 2,2023/01/17 08:57:44,
-112,3738701418,주식회사 에스비넷,허훈,분석,2548110870,87.052,87.73,0.2369 (100.2369),15 9,2023/01/13 16:50:39,
-113,2158171237,(주)모빌텍,오승환,분석,2548090600,87.051,87.73,0.2361 (100.2361),5 8,2023/01/16 16:07:18,
-114,1138196534,주식회사 하나이엔디,장명진,분석,2548003409,87.048,87.727,0.2326 (100.2326),13 15,2023/01/16 14:20:57,
-115,2898601926,영한산업 주식회사,권지영,분석,2547963000,87.047,87.725,0.2310 (100.231),13 6,2023/01/16 17:21:22,
-116,1198646212,주식회사 에프에스네트웍스,이화수,분석,2547872580,87.044,87.722,0.2275 (100.2275),13 6,2023/01/16 10:19:51,
-117,2178143187,(주)미디어밸리렛,전필숙,분석,2547867000,87.043,87.722,0.2273 (100.2273),11 15,2023/01/16 16:09:23,
-118,1328141933,(주)대해전기통신,김상문,분석,2547785300,87.041,87.719,0.2241 (100.2241),12 13,2023/01/16 09:36:04,
-119,4088113289,대신네트웍스(주),김정곤,분석,2547767503,87.04,87.719,0.2234 (100.2234),7 8,2023/01/13 14:32:37,
-120,1288707976,주식회사 컴포스,조수봉,분석,2547738200,87.039,87.718,0.2222 (100.2222),12 5,2023/01/11 10:15:45,
-121,2210262456,새론정보통신,이종열,분석,2547657679,87.036,87.715,0.2190 (100.219),3 8,2023/01/11 17:25:33,
-122,2118620935,주식회사 한양티이씨,조형국,분석,2547617520,87.035,87.713,0.2175 (100.2175),14 3,2023/01/16 13:57:50,
-123,2148669048,보라정보통신 주식회사,송석상,분석,2547610530,87.034,87.713,0.2172 (100.2172),1 12,2023/01/11 10:48:50,
-124,2178141893,주식회사대웅텔레콤,전진숙,분석,2547515830,87.031,87.71,0.2134 (100.2134),11 9,2023/01/16 09:46:11,
-125,2158620617,미디어텔레콤(주),김용대,분석,2547505858,87.031,87.71,0.2131 (100.2131),3 9,2023/01/16 21:22:00,
-126,1348652881,주식회사 희원정보통신,최상연,분석,2547446285,87.029,87.708,0.2107 (100.2107),5 8,2023/01/12 18:15:38,
-127,3118122714,주식회사 예흥정보통신,박달서,분석,2547426870,87.028,87.707,0.2100 (100.21),2 5,2023/01/13 09:10:33,
-128,1208635791,주식회사 피엔에이링크,박윤철,분석,2547422541,87.028,87.707,0.2098 (100.2098),6 8,2023/01/10 16:15:29,
-129,1058130768,세원전설 주식회사,최영래,분석,2547406526,87.027,87.706,0.2092 (100.2092),2 7,2023/01/16 14:48:46,
-130,1108131416,중앙하이텔 주식회사,김광헌,분석,2547383220,87.026,87.705,0.2082 (100.2082),11 2,2023/01/17 09:39:30,
-131,1218605679,주식회사 시트론정보통신,권혁준,분석,2547317552,87.024,87.703,0.2056 (100.2056),1 2,2023/01/13 09:13:30,
-132,1058628520,주식회사 파크로,최윤영,분석,2547255076,87.022,87.701,0.2032 (100.2032),1 4,2023/01/13 11:03:36,
-133,1198178757,주식회사우신아이앤씨,이화세,분석,2547231122,87.021,87.7,0.2023 (100.2023),13 8,2023/01/16 18:55:05,
-134,1068619820,주식회사유엔콘트롤,남성모,분석,2547179000,87.019,87.698,0.2002 (100.2002),2 6,2023/01/16 14:28:48,
-135,6078158942,이호기술단(주),김덕선,분석,2547096400,87.016,87.695,0.1970 (100.197),3 9,2023/01/16 09:48:56,
-136,1138672575,주식회사 시스메이트,정종균,분석,2547015050,87.013,87.693,0.1938 (100.1938),8 9,2023/01/16 11:14:19,
-137,1108157338,(주)메트로컴넷,최선민,분석,2546955306,87.011,87.691,0.1914 (100.1914),14 8,2023/01/16 09:13:34,
-138,1198658528,진솔이앤에스 주식회사,김정현,분석,2546915903,87.01,87.689,0.1899 (100.1899),12 15,2023/01/16 17:31:32,
-139,1318152849,(주)성창시스템,김창용,분석,2546881161,87.009,87.688,0.1885 (100.1885),14 15,2023/01/17 09:25:28,
-140,1058192352,한아름정보통신(주),손경선,분석,2546848220,87.008,87.687,0.1872 (100.1872),14 9,2023/01/11 14:28:47,
-141,1228643768,주식회사 비알인포텍,김경님,분석,2546737960,87.004,87.683,0.1829 (100.1829),8 9,2023/01/13 14:27:56,
-142,1238626952,주식회사 동인시스템,곽동달,분석,2546728300,87.003,87.683,0.1825 (100.1825),2 4,2023/01/12 14:27:46,
-143,1068660843,세중물산 주식회사,김용욱,분석,2546651530,87.001,87.68,0.1795 (100.1795),14 3,2023/01/12 12:11:51,
-144,1088167041,(주)가디엘,최혜심,분석,2546544760,86.997,87.676,0.1753 (100.1753),14 15,2023/01/13 15:45:14,
-145,1358119406,대보정보통신 주식회사,김상욱,분석,2546544758,86.997,87.676,0.1753 (100.1753),6 7,2023/01/17 08:26:35,
-146,2168701696,주식회사 투비콤,유수정,분석,2546465960,86.994,87.674,0.1722 (100.1722),4 9,2023/01/16 13:50:36,
-147,4098132649,주식회사 용산전력,송경종,분석,2546382000,86.991,87.671,0.1688 (100.1688),10 3,2023/01/16 16:54:14,
-148,6178624653,주식회사 더누리정보통신,박영조,분석,2546313520,86.989,87.669,0.1662 (100.1662),13 7,2023/01/16 18:34:35,
-149,1268142465,주식회사 와이케이정보통신,김연정,분석,2546254961,86.987,87.667,0.1639 (100.1639),14 4,2023/01/16 16:52:21,
-150,1048140865,다이아몬드전자(주),이건,분석,2546237166,86.986,87.666,0.1632 (100.1632),10 3,2023/01/16 09:36:18,
-151,1308197047,드림네트웍스 주식회사,조정하,분석,2546221910,86.985,87.665,0.1625 (100.1625),4 8,2023/01/17 09:02:48,
-152,1138141835,주식회사 고려티에스아이,이중석,분석,2546204120,86.985,87.665,0.1619 (100.1619),2 7,2023/01/13 09:25:00,
-153,6018126156,삼영이엔씨주식회사,황재우,분석,2546122770,86.982,87.662,0.1586 (100.1586),10 9,2023/01/13 10:54:27,
-154,1288641996,해용정보통신주식회사,백다리아,분석,2546117785,86.982,87.662,0.1585 (100.1585),10 7,2023/01/17 08:43:45,
-155,7188800491,주식회사 가나이엔씨,이다정,분석,2546074472,86.98,87.66,0.1568 (100.1568),2 4,2023/01/16 19:39:37,
-156,2068617141,(주)텔코아,황민석,분석,2546061770,86.98,87.66,0.1563 (100.1563),1 14,2023/01/13 16:20:32,
-157,4168128895,(주)비아이씨스템,방인식,분석,2545977250,86.977,87.657,0.1529 (100.1529),12 5,2023/01/16 09:38:32,
-158,1068157019,(주)세호영상,박석신,분석,2545947370,86.976,87.656,0.1518 (100.1518),12 2,2023/01/16 08:40:42,
-159,2968101254,에스제이파워주식회사,변숙진,분석,2545843150,86.972,87.652,0.1477 (100.1477),1 8,2023/01/16 12:41:34,
-160,6068641574,주식회사 씨티테크,백성욱,분석,2545820560,86.971,87.652,0.1468 (100.1468),12 7,2023/01/16 11:09:37,
-161,2178135988,주식회사 조은정보,조용정,분석,2545761800,86.969,87.65,0.1445 (100.1445),2 7,2023/01/16 19:34:26,
-162,1128143733,공간미디어(주),김명숙,분석,2545636725,86.965,87.645,0.1395 (100.1395),13 6,2023/01/17 07:15:51,
-163,3048104611,주식회사신안전력,장은수,분석,2545527923,86.961,87.641,0.1353 (100.1353),14 2,2023/01/16 16:52:36,
-164,1248127527,(주)경일,조문희,분석,2545509160,86.96,87.641,0.1345 (100.1345),13 3,2023/01/16 11:39:12,
-165,2148132740,(주)융시스템,박진기,분석,2545489800,86.96,87.64,0.1338 (100.1338),14 3,2023/01/15 20:27:06,
-166,6108152944,대원전기통신(주),김진훈,분석,2545400970,86.957,87.637,0.1303 (100.1303),2 4,2023/01/11 17:29:29,
-167,2068157319,주식회사 에스엘정보통신,채용석,분석,2545367259,86.955,87.636,0.1289 (100.1289),1 5,2023/01/14 23:54:00,
-168,1298119624,우일계전공업 주식회사,백노현,분석,2545358200,86.955,87.636,0.1286 (100.1286),15 2,2023/01/16 18:16:55,
-169,1398141860,하이넷텍주식회사,장의섭,분석,2545278500,86.952,87.633,0.1254 (100.1254),14 4,2023/01/12 13:40:40,
-170,2218114978,합자회사 동양아이텍,고광만,분석,2545260241,86.952,87.632,0.1247 (100.1247),12 14,2023/01/16 17:54:01,
-171,4108600083,(주)세움미디어,김영심,분석,2545253400,86.951,87.632,0.1245 (100.1245),10 4,2023/01/16 09:39:52,
-172,2128169519,세진시스콤주식회사,박수환,분석,2545207620,86.95,87.63,0.1227 (100.1227),10 14,2023/01/13 11:35:30,
-173,2448601409,주식회사 지투넥스,김용태,분석,2545198469,86.949,87.63,0.1223 (100.1223),14 3,2023/01/16 23:13:55,
-174,2141167760,세기정보통신,송재홍,분석,2545197460,86.949,87.63,0.1223 (100.1223),10 12,2023/01/16 12:23:54,
-175,1108185552,한양이이씨 주식회사,문주환,분석,2545098000,86.946,87.627,0.1183 (100.1183),14 15,2023/01/13 16:28:24,
-176,2068125404,(주)대경인트라넷,이강열,분석,2545057637,86.944,87.625,0.1168 (100.1168),14 6,2023/01/16 17:19:52,
-177,7418800579,주식회사 동광전설,육근직,분석,2545046455,86.944,87.625,0.1163 (100.1163),11 5,2023/01/10 14:38:17,
-178,2048105154,우일정보기술 주식회사,이오,분석,2545037300,86.944,87.625,0.1160 (100.116),1 14,2023/01/16 17:56:52,
-179,1298141752,에이플시스템즈(주),윤진경,분석,2545022047,86.943,87.624,0.1154 (100.1154),12 3,2023/01/13 10:17:26,
-180,1068188579,(주)키월드정보통신,김영범,분석,2545014421,86.943,87.624,0.1151 (100.1151),13 5,2023/01/13 10:14:22,
-181,5028181250,오션파워콤(주),유영록,분석,2544966121,86.941,87.622,0.1132 (100.1132),15 5,2023/01/13 09:42:00,
-182,2148639466,(주)동방데이타테크놀러지,원덕숙,분석,2544930540,86.94,87.621,0.1118 (100.1118),4 9,2023/01/13 09:37:31,
-183,2148693742,에이치디에스주식회사,조한봉,분석,2544757671,86.934,87.615,0.1050 (100.105),13 5,2023/01/16 15:50:16,
-184,3178105163,(주)무한정보,주영인,분석,2544678870,86.931,87.612,0.1019 (100.1019),3 7,2023/01/16 08:27:55,
-185,1048159651,(주)성우음향정보통신,송민자,분석,2544491254,86.924,87.606,0.0945 (100.0945),10 5,2023/01/17 08:56:05,
-186,2208869047,양지전기 주식회사,박승연,분석,2544490750,86.924,87.606,0.0945 (100.0945),14 5,2023/01/13 11:24:15,
-187,1128141680,주식회사엠케이씨티,장재철,분석,2544427200,86.922,87.604,0.0920 (100.092),14 6,2023/01/16 08:51:32,
-188,1298145909,하나텍플러스주식회사,김기해,분석,2544324000,86.919,87.6,0.0879 (100.0879),13 4,2023/01/13 11:21:05,
-189,1298151978,(주)참정보통신,유희열,분석,2544230700,86.915,87.597,0.0842 (100.0842),13 3,2023/01/16 10:28:12,
-190,2048129194,위성이앤씨(주),이양숙,분석,2544218750,86.915,87.596,0.0838 (100.0838),4 8,2023/01/13 12:09:41,
-191,2268134907,(주)케이탑솔루션,조범진,분석,2544119300,86.911,87.593,0.0798 (100.0798),2 7,2023/01/13 13:19:55,
-192,2218120859,주식회사 한길통신,이재식,분석,2544105879,86.911,87.593,0.0793 (100.0793),5 9,2023/01/16 18:15:55,
-193,1208105711,주식회사 삼진일렉스,김성관,분석,2544068900,86.91,87.591,0.0779 (100.0779),15 4,2023/01/16 08:24:18,
-194,1188115778,대신통신기술(주),김지영,분석,2544006400,86.907,87.589,0.0754 (100.0754),13 2,2023/01/16 15:58:38,
-195,3148642145,상강기술 주식회사,한상현,분석,2544000128,86.907,87.589,0.0752 (100.0752),1 14,2023/01/16 10:16:05,
-196,1218136672,더원네트웍스(주),신의숙,분석,2543995743,86.907,87.589,0.0750 (100.075),15 3,2023/01/16 19:55:33,
-197,1208163439,(주)아이엘에스씨,이병준,분석,2543957625,86.906,87.587,0.0735 (100.0735),11 14,2023/01/16 16:30:33,
-198,1348636222,(주)대륙정보시스템,이소영,분석,2543956912,86.906,87.587,0.0735 (100.0735),10 13,2023/01/16 15:52:30,
-199,2978801542,주식회사 로아,김진민,분석,2543940000,86.905,87.587,0.0728 (100.0728),15 7,2023/01/17 09:01:55,
-200,1238164140,주식회사 테크빌,정태운,분석,2543918761,86.904,87.586,0.0719 (100.0719),11 8,2023/01/11 17:25:54,
-201,2188103742,피에스텍(주),황재용,분석,2543906917,86.904,87.586,0.0715 (100.0715),14 2,2023/01/17 09:26:15,
-202,1078143707,(주)신창전기,홍성수,분석,2543852687,86.902,87.584,0.0694 (100.0694),1 15,2023/01/17 09:10:48,
-203,4118125175,유한회사 보은이엔씨,고효정,분석,2543726500,86.898,87.579,0.0644 (100.0644),1 7,2023/01/16 17:17:16,
-204,6058634352,주식회사 풍정정보통신,안의범,분석,2543479000,86.889,87.571,0.0547 (100.0547),6 8,2023/01/16 19:01:12,
-205,3148166007,월드정보통신(주),박만희,분석,2543376300,86.885,87.567,0.0506 (100.0506),11 3,2023/01/16 16:02:05,
-206,2308103607,주식회사 디케이앤트,양동국,분석,2543361682,86.885,87.567,0.0500 (100.05),11 5,2023/01/11 17:31:08,
-207,1068690366,(주)윈투스시스템,신경익,분석,2543242586,86.881,87.563,0.0454 (100.0454),4 7,2023/01/11 14:36:54,
-208,2618117745,주식회사 알엔알,석민철,분석,2543224791,86.88,87.562,0.0447 (100.0447),11 15,2023/01/12 15:04:55,
-209,3148130057,주식회사 제이씨정보통신,주기만,분석,2543214440,86.88,87.562,0.0442 (100.0442),13 3,2023/01/12 15:48:15,
-210,4088155300,주식회사 광진,이은화,분석,2543133500,86.877,87.559,0.0411 (100.0411),2 9,2023/01/16 15:49:17,
-211,1328179967,지음이엔아이 주식회사,유형민,분석,2543098000,86.875,87.558,0.0397 (100.0397),2 4,2023/01/15 11:36:59,
-212,2028104237,대선이엔씨(주),최승재,분석,2543051421,86.874,87.556,0.0378 (100.0378),15 6,2023/01/16 14:01:41,
-213,1208100598,(주)삼지엔지니어링,김동명,분석,2543023966,86.873,87.555,0.0368 (100.0368),3 5,2023/01/12 12:45:11,
-214,2128166526,아트에이브이 주식회사,권우철,분석,2542964000,86.871,87.553,0.0344 (100.0344),14 9,2023/01/13 18:55:24,
-215,2078149729,주식회사 지앤에스기술,문창수,분석,2542945161,86.87,87.553,0.0337 (100.0337),2 6,2023/01/17 09:21:06,
-216,1138139080,(주)성강통신기술사사무소,안치영,분석,2542857490,86.867,87.55,0.0302 (100.0302),12 3,2023/01/17 09:13:29,
-217,1268180867,하모니씨앤씨 주식회사,박과희,분석,2542845280,86.867,87.549,0.0297 (100.0297),14 15,2023/01/17 08:16:58,
-218,3078141838,주식회사 영진전기,우인숙,분석,2542708747,86.862,87.544,0.0244 (100.0244),13 15,2023/01/16 10:46:24,
-219,2068164028,주식회사 이지비앤티,김한복,분석,2542683500,86.861,87.544,0.0234 (100.0234),8 9,2023/01/16 16:44:00,
-220,1228159794,주식회사 메가텔,전광찬,분석,2542680800,86.861,87.543,0.0233 (100.0233),14 7,2023/01/16 10:09:35,
-221,4088128332,주식회사 로그인 서광,장지원,분석,2542668073,86.86,87.543,0.0228 (100.0228),11 4,2023/01/13 11:05:02,
-222,4088156497,주식회사 영풍,양해용,분석,2542655500,86.86,87.543,0.0223 (100.0223),12 8,2023/01/16 17:42:57,
-223,1418128934,에스유앤텔레콤주식회사,안경자,분석,2542600137,86.858,87.541,0.0201 (100.0201),1 5,2023/01/11 15:39:07,
-224,1178119238,주식회사 동양네트워크,김종렬,분석,2542385380,86.85,87.533,0.0116 (100.0116),11 8,2023/01/11 09:15:24,
-225,4088119186,유한회사 광명이엔시,양경호,분석,2542370500,86.85,87.533,0.0110 (100.011),12 8,2023/01/16 17:08:11,
-226,1068641638,(주)매트릭스미디어,김진성,분석,2542327452,86.848,87.531,0.0094 (100.0094),6 7,2023/01/16 18:01:24,
-227,1188111277,주식회사 해창건설,조현희,분석,2542286650,86.847,87.53,0.0077 (100.0077),4 7,2023/01/17 09:00:01,
-228,1358144225,(주)형제파워텔,윤세원,분석,2542194991,86.844,87.527,0.0041 (100.0041),10 13,2023/01/16 16:32:01,
-229,1408110372,(주)지성하이텍,송혜선,분석,2542065000,86.839,87.522,-0.0010 (99.999),13 8,2023/01/17 09:16:21,
-230,2108124739,(주)한성기술개발,서창식,분석,2541968999,86.836,87.519,-0.0047 (99.9953),13 7,2023/01/16 18:20:06,
-231,6138138112,주식회사 굿링크,이윤순,분석,2541745300,86.828,87.511,-0.0135 (99.9865),11 2,2023/01/16 09:04:30,
-232,3148189882,주식회사 제이케이씨엔에스,이동호,분석,2541745290,86.828,87.511,-0.0136 (99.9864),5 9,2023/01/16 13:50:15,
-233,3268101462,디비이앤씨 주식회사,김미령,분석,2541690790,86.826,87.509,-0.0157 (99.9843),13 3,2023/01/16 13:59:52,
-234,2108131394,(주)안나시스템,문병조,분석,2541615648,86.823,87.507,-0.0186 (99.9814),4 7,2023/01/16 16:43:17,
-235,1178164451,(주)지엠디텔레콤,김창윤,분석,2541564807,86.821,87.505,-0.0206 (99.9794),6 7,2023/01/16 09:23:30,
-236,2068184529,(주)네오티엔씨,조정현,분석,2541526170,86.82,87.504,-0.0222 (99.9778),7 8,2023/01/16 18:16:12,
-237,1048157783,(주)서울정보컴,고응준,분석,2541450420,86.817,87.501,-0.0251 (99.9749),10 5,2023/01/13 12:26:25,
-238,2048626080,주식회사 엘제이이엔지,임성희,분석,2541419060,86.816,87.5,-0.0264 (99.9736),15 6,2023/01/10 16:28:53,
-239,1098162433,광명정보통신 주식회사,김형준,분석,2541412500,86.816,87.5,-0.0266 (99.9734),13 7,2023/01/13 10:27:03,
-240,2298134357,주식회사 디라직,박성기,분석,2541371610,86.815,87.498,-0.0282 (99.9718),14 9,2023/01/17 08:50:13,
-241,2208116823,주봉정보시스템(주),김봉기,분석,2541280983,86.811,87.495,-0.0318 (99.9682),1 10,2023/01/13 11:03:00,
-242,1058714080,(주) 한일이앤에스,박완교,분석,2541255943,86.811,87.494,-0.0328 (99.9672),14 4,2023/01/13 14:19:54,
-243,1078161011,(주)장수커뮤니케이션즈,김현수,분석,2541226700,86.81,87.493,-0.0340 (99.966),3 4,2023/01/16 14:22:43,
-244,1068150525,주식회사 캐스트윈,김낙희,분석,2541191000,86.808,87.492,-0.0354 (99.9646),2 9,2023/01/16 17:32:32,
-245,5018114821,주식회사 광덕전력,이복희,분석,2541018257,86.802,87.486,-0.0422 (99.9578),15 7,2023/01/16 16:31:03,
-246,1068619761,(주) 한걸음정보통신,정진원,분석,2541011903,86.802,87.486,-0.0424 (99.9576),12 3,2023/01/16 08:03:04,
-247,4018127967,유한회사 제이케이건설,김대백,분석,2540982670,86.801,87.485,-0.0435 (99.9565),14 15,2023/01/16 13:23:48,
-248,2058125376,주식회사 명성라이픽스,박명훈,분석,2540926750,86.799,87.483,-0.0457 (99.9543),12 4,2023/01/16 12:39:28,
-249,1018143596,부기테크(주),은철우,분석,2540893490,86.798,87.482,-0.0471 (99.9529),13 4,2023/01/13 14:35:33,
-250,1178152009,동아신호 주식회사,최종수,분석,2540851760,86.796,87.48,-0.0487 (99.9513),10 11,2023/01/16 15:15:50,
-251,4298600355,주식회사 대보,김미영,분석,2540756420,86.793,87.477,-0.0525 (99.9475),10 6,2023/01/17 08:52:56,
-252,1098150316,(주)건우통신,노형환,분석,2540752609,86.793,87.477,-0.0526 (99.9474),11 2,2023/01/16 09:07:39,
-253,1348601548,(주)제이앤씨컴,유선종,분석,2540601360,86.787,87.472,-0.0585 (99.9415),4 8,2023/01/13 09:48:35,
-254,1018151121,주식회사 경원전력,최경택,분석,2540481885,86.783,87.468,-0.0632 (99.9368),10 11,2023/01/16 14:29:52,
-255,2078141917,합자회사 대성전업상사,권기원,분석,2540417950,86.781,87.466,-0.0658 (99.9342),14 6,2023/01/16 15:25:22,
-256,1218623721,주식회사 우리아이티,천재호,분석,2540250548,86.775,87.46,-0.0723 (99.9277),11 5,2023/01/13 09:51:09,
-257,1348648747,도원아이앤씨(주),고찬수,분석,2540220050,86.774,87.459,-0.0735 (99.9265),3 9,2023/01/15 22:19:55,
-258,6878100785,롯데정보통신 주식회사,노준형,분석,2540207776,86.774,87.458,-0.0740 (99.926),7 8,2023/01/16 10:49:48,
-259,1198182057,주식회사 다온티엔지,남기완,분석,2540202247,86.773,87.458,-0.0742 (99.9258),3 5,2023/01/16 16:14:47,
-260,1138169250,코리아이지텔주식회사,임규학,분석,2540202247,86.773,87.458,-0.0742 (99.9258),11 6,2023/01/13 10:08:13,
-261,1308634130,주식회사 유앤테크,지승현,분석,2539965833,86.765,87.45,-0.0835 (99.9165),2 4,2023/01/16 16:18:05,
-262,4028147350,렉스젠 주식회사,안순현,분석,2539838730,86.761,87.446,-0.0885 (99.9115),13 8,2023/01/13 09:46:10,
-263,2028158261,주식회사 남두,김승균,분석,2539766000,86.758,87.443,-0.0914 (99.9086),11 9,2023/01/17 08:52:09,
-264,1108175433,승림이앤씨(주),서영식,분석,2539711630,86.756,87.441,-0.0935 (99.9065),4 6,2023/01/16 14:58:05,
-265,1138645971,주식회사 포딕스시스템,정재호,분석,2539681120,86.755,87.44,-0.0947 (99.9053),15 7,2023/01/16 09:20:10,
-266,5151460190,홍성기업사,정하현,분석,2539663113,86.754,87.44,-0.0955 (99.9045),3 7,2023/01/16 10:53:52,
-267,3108113681,에이엠테크주식회사,노병훈,분석,2539609941,86.753,87.438,-0.0975 (99.9025),11 2,2023/01/16 16:34:25,
-268,2078131175,(주)경우이앤씨,이성일,분석,2539551600,86.751,87.436,-0.0998 (99.9002),10 11,2023/01/13 09:59:38,
-269,1178156325,주식회사 더나은산업,이예나,분석,2539539000,86.75,87.435,-0.1003 (99.8997),12 4,2023/01/16 09:31:49,
-270,1238191991,(주)하이텍네트웍스,박진호,분석,2539526052,86.75,87.435,-0.1008 (99.8992),10 8,2023/01/14 22:38:35,
-271,1198633833,주식회사 에이치엘시스템,박재용,분석,2539521000,86.749,87.435,-0.1010 (99.899),2 8,2023/01/16 09:40:49,
-272,1078713262,주식회사 엔제이엠,하수경,분석,2539502221,86.749,87.434,-0.1018 (99.8982),1 3,2023/01/16 16:42:57,
-273,1148676763,유토피아정보기술(주),안종섭,분석,2539340479,86.743,87.428,-0.1081 (99.8919),2 7,2023/01/16 08:57:14,
-274,1348611522,(주)조은커뮤니케이션,최은실,분석,2539185420,86.738,87.423,-0.1142 (99.8858),14 8,2023/01/15 20:46:31,
-275,5138171785,주식회사 다윈,오일승,분석,2539183640,86.738,87.423,-0.1143 (99.8857),12 4,2023/01/16 10:50:36,
-276,1168137418,두레옵트로닉스 주식회사,최수현,분석,2539180330,86.737,87.423,-0.1144 (99.8856),4 6,2023/01/16 16:59:48,
-277,1018651785,주식회사 청심아이티,김재균,분석,2539106607,86.735,87.42,-0.1173 (99.8827),11 9,2023/01/17 09:30:48,
-278,2118743406,보성통신기술(주),오영배,분석,2538935180,86.729,87.414,-0.1241 (99.8759),11 7,2023/01/16 15:05:16,
-279,1308114954,주식회사 영전,김영찬,분석,2538898160,86.728,87.413,-0.1255 (99.8745),11 3,2023/01/13 15:48:43,
-280,2011497895,정우이앤씨,유동환,분석,2538888677,86.727,87.413,-0.1259 (99.8741),10 2,2023/01/13 11:49:23,
-281,1208137120,(주)지티일렉콘,고광열,분석,2538776963,86.723,87.409,-0.1303 (99.8697),12 3,2023/01/17 01:47:23,
-282,2068120414,(주)일광기업,오도진,분석,2538676995,86.72,87.406,-0.1342 (99.8658),14 8,2023/01/16 08:40:03,
-283,1198175027,(주)케이웍스,김영주,분석,2538666830,86.719,87.405,-0.1346 (99.8654),1 2,2023/01/13 08:39:31,
-284,5088110020,주식회사 예성전기통신,최홍철,분석,2538644000,86.719,87.404,-0.1355 (99.8645),3 6,2023/01/12 17:40:09,
-285,2108170441,주식회사 에이원아이티,문계숙,분석,2538598189,86.717,87.403,-0.1373 (99.8627),1 2,2023/01/16 16:27:47,
-286,1148135087,장한전산(주),이상철,분석,2538549889,86.715,87.401,-0.1393 (99.8607),1 15,2023/01/16 11:40:57,
-287,1308674020,주식회사 와치캠,최지훈,분석,2538544800,86.715,87.401,-0.1395 (99.8605),14 6,2023/01/13 09:52:27,
-288,6078158108,주식회사 재현산업,백미성,분석,2538538630,86.715,87.401,-0.1397 (99.8603),1 11,2023/01/13 17:04:15,
-289,2188109765,(주)웨이브컴,채인석,분석,2538488880,86.713,87.399,-0.1416 (99.8584),15 7,2023/01/13 09:37:15,
-290,1108131570,(주)조은시스템,김창윤,분석,2538471085,86.712,87.399,-0.1423 (99.8577),13 5,2023/01/16 08:11:17,
-291,3148185080,기룡전기주식회사,이중선,분석,2538458375,86.712,87.398,-0.1428 (99.8572),1 5,2023/01/16 16:56:08,
-292,1188114764,(주)세빛전자통신,이상호,분석,2538369402,86.709,87.395,-0.1463 (99.8537),2 4,2023/01/13 10:39:29,
-293,2048162437,다남전기(주),이병근,분석,2538345380,86.708,87.394,-0.1473 (99.8527),11 8,2023/01/13 11:36:33,
-294,1318610484,주식회사 명서,최석봉,분석,2538292000,86.706,87.392,-0.1494 (99.8506),10 3,2023/01/13 10:20:06,
-295,3148106765,합자회사 일육,김진태,분석,2538279700,86.706,87.392,-0.1499 (99.8501),3 5,2023/01/16 15:03:27,
-296,6148102219,톱텔레콤(주),김기용,분석,2538205440,86.703,87.389,-0.1528 (99.8472),15 8,2023/01/12 19:31:41,
-297,4048131290,주식회사 아이앤씨코리아,박규성,분석,2538138080,86.701,87.387,-0.1554 (99.8446),10 15,2023/01/16 13:32:20,
-298,1068653279,주식회사 랜오아시스,서진선,분석,2538089772,86.699,87.385,-0.1573 (99.8427),4 7,2023/01/16 14:36:27,
-299,6058626186,화성티이씨주식회사,김태영,분석,2538031300,86.697,87.383,-0.1597 (99.8403),10 9,2023/01/13 10:34:46,
-300,1088107572,세빈테크(주),박재영,분석,2537957838,86.694,87.381,-0.1625 (99.8375),2 9,2023/01/16 17:10:44,
-301,5158102547,유신통신(주),이용배,분석,2537881330,86.692,87.378,-0.1655 (99.8345),3 8,2023/01/13 17:38:29,
-302,6098132647,(주)세창전기,이종호,분석,2537848782,86.691,87.377,-0.1668 (99.8332),13 5,2023/01/17 08:51:35,
-303,3128119473,일광전설(주),이성집,분석,2537797432,86.689,87.375,-0.1688 (99.8312),1 11,2023/01/12 10:57:41,
-304,1088175857,주식회사 리드앤컴퍼니,이귀남,분석,2537693714,86.685,87.372,-0.1729 (99.8271),3 9,2023/01/17 07:36:54,
-305,4108607408,주식회사 천운정보통신,김복중,분석,2537665700,86.684,87.371,-0.1740 (99.826),5 6,2023/01/13 17:56:54,
-306,1208663604,주식회사 한은씨앤씨,김기현,분석,2537601700,86.682,87.369,-0.1765 (99.8235),12 2,2023/01/17 09:28:24,
-307,5048158357,주식회사 한아아이티,이상엽,분석,2537568650,86.681,87.367,-0.1778 (99.8222),15 8,2023/01/13 10:47:22,
-308,1058601287,(주)성산정보시스템,김기주,분석,2537553392,86.68,87.367,-0.1784 (99.8216),6 7,2023/01/16 15:57:46,
-309,2098121862,거우전설주식회사,김영훈,분석,2537538451,86.68,87.366,-0.1790 (99.821),13 7,2023/01/13 10:46:52,
-310,1180565240,성보전자통신,양행천,분석,2537520350,86.679,87.366,-0.1797 (99.8203),12 14,2023/01/17 08:51:53,
-311,2208798467,주식회사 태산이에이지,최홍석,분석,2537484755,86.678,87.365,-0.1811 (99.8189),4 5,2023/01/16 17:55:45,
-312,2228106302,동남전기통신(주),최승효,분석,2537389640,86.674,87.361,-0.1849 (99.8151),2 5,2023/01/16 10:02:38,
-313,8618100573,주식회사 하나보안,이상원,분석,2537378834,86.674,87.361,-0.1853 (99.8147),15 2,2023/01/17 08:21:55,
-314,1298155066,일조텔레콤(주),김문섭,분석,2537372910,86.674,87.361,-0.1855 (99.8145),14 15,2023/01/16 15:17:09,
-315,2148192879,(주)텔레트론,정재성,분석,2537298650,86.671,87.358,-0.1885 (99.8115),10 15,2023/01/16 14:03:32,
-316,1238173692,(주)인트로통신기술,전제남,분석,2537245800,86.669,87.356,-0.1905 (99.8095),1 7,2023/01/13 16:05:11,
-317,1198174315,주식회사 다솜이엔씨,송인주,분석,2537072936,86.663,87.35,-0.1973 (99.8027),14 15,2023/01/13 12:38:13,
-318,2248114190,설악이앤씨(주),안종관,분석,2536950917,86.659,87.346,-0.2021 (99.7979),14 15,2023/01/17 05:47:56,
-319,6098173686,신아시스템 주식회사,신장화,분석,2536881220,86.656,87.344,-0.2049 (99.7951),3 7,2023/01/12 11:29:04,
-320,2298126804,주식회사엔엠엑스이엔씨,이동윤,분석,2536815200,86.654,87.341,-0.2075 (99.7925),6 8,2023/01/16 16:06:52,
-321,3148161661,(주)이오정보통신,이관우,분석,2536750090,86.652,87.339,-0.2101 (99.7899),11 4,2023/01/14 08:23:56,
-322,5131427439,신화정보통신,채동렬,분석,2536705605,86.65,87.338,-0.2118 (99.7882),15 7,2023/01/13 13:13:44,
-323,1138163218,(주)신성하이텍,성성모,분석,2536657305,86.649,87.336,-0.2137 (99.7863),1 3,2023/01/16 09:57:49,
-324,5148197788,주식회사 대호,정복순,분석,2536569200,86.645,87.333,-0.2172 (99.7828),12 3,2023/01/12 16:46:26,
-325,1278622185,(주)한올정보통신,임상규,분석,2536550741,86.645,87.332,-0.2179 (99.7821),1 15,2023/01/13 09:25:47,
-326,1308113106,신양통신주식회사,박인규,분석,2536384031,86.639,87.327,-0.2244 (99.7756),12 2,2023/01/16 17:08:16,
-327,1218142077,(주)알파인테크,이정진,분석,2536288190,86.636,87.323,-0.2282 (99.7718),15 3,2023/01/16 15:14:32,
-328,1138640864,주식회사 지앤씨씨,정연진,분석,2536226430,86.633,87.321,-0.2306 (99.7694),5 6,2023/01/13 13:43:56,
-329,1188111165,주식회사 세원이엔피디,이왕종,분석,2536213720,86.633,87.321,-0.2311 (99.7689),10 9,2023/01/12 17:41:55,
-330,6168197255,광명디앤씨주식회사,김종헌,분석,2536176000,86.632,87.319,-0.2326 (99.7674),11 4,2023/01/13 10:41:25,
-331,2188117964,(주)투윈스컴,박성하,분석,2536063729,86.628,87.316,-0.2370 (99.763),14 8,2023/01/13 07:19:39,
-332,1318147119,(주)동서전기통신,이찬용,분석,2535942554,86.623,87.311,-0.2418 (99.7582),15 3,2023/01/17 09:40:25,
-333,1108188618,하나정보통신 주식회사,구자문,분석,2535834940,86.62,87.308,-0.2460 (99.754),13 2,2023/01/17 09:13:54,
-334,1058221062,사단법인 대한장애인복지협회,박재환,분석,2535747850,86.617,87.305,-0.2495 (99.7505),11 12,2023/01/13 16:30:56,
-335,1118126196,(주)광성통신,김성철,분석,2535701352,86.615,87.303,-0.2513 (99.7487),2 4,2023/01/16 12:38:54,
-336,2218146688,첨단정보통신 주식회사,이샛별,분석,2535649500,86.613,87.301,-0.2533 (99.7467),12 7,2023/01/13 09:11:18,
-337,1198118405,우광기전(주),이기진,분석,2535642440,86.613,87.301,-0.2536 (99.7464),1 10,2023/01/16 08:04:53,
-338,1138633645,주식회사 와이넷,석지윤,분석,2535588670,86.611,87.299,-0.2557 (99.7443),15 2,2023/01/13 15:35:40,
-339,1088114068,(주)대인정보통신,유재호,분석,2535587705,86.611,87.299,-0.2558 (99.7442),6 9,2023/01/16 08:54:23,
-340,1098156682,한국이엠에스(주),이재덕,분석,2535570560,86.61,87.299,-0.2565 (99.7435),2 4,2023/01/13 16:28:57,
-341,2178113330,(주)오성에스이엠,오성표,분석,2535547683,86.61,87.298,-0.2573 (99.7427),3 4,2023/01/13 12:33:40,
-342,1238163699,주식회사 나라정보기술,이진희,분석,2535484640,86.607,87.296,-0.2598 (99.7402),12 14,2023/01/16 13:53:36,
-343,1198157669,주식회사 유진네트웍스,박종길,분석,2535430748,86.605,87.294,-0.2619 (99.7381),15 2,2023/01/16 16:23:12,
-344,6098182550,비케이시스템즈 주식회사,손규열,분석,2535332000,86.602,87.29,-0.2658 (99.7342),11 14,2023/01/16 09:40:50,
-345,1138163616,(주)인콘,김성곤,분석,2535223441,86.598,87.287,-0.2701 (99.7299),12 2,2023/01/13 11:20:07,
-346,1378168164,서부네트웍스(주),최진호,분석,2535189693,86.597,87.286,-0.2714 (99.7286),13 3,2023/01/16 15:40:48,
-347,3058199765,(주)쓰리피네트웍스,김영홍,분석,2535173997,86.596,87.285,-0.2720 (99.728),11 5,2023/01/13 10:44:27,
-348,6108631570,신성아이시티 주식회사,김성기,분석,2535059602,86.592,87.281,-0.2765 (99.7235),2 8,2023/01/16 11:32:42,
-349,1058813512,주식회사 아미넷,신용하,분석,2535050197,86.592,87.281,-0.2769 (99.7231),11 5,2023/01/13 11:08:26,
-350,2188101953,주식회사 비츠로시스,이기재,분석,2535039265,86.592,87.28,-0.2773 (99.7227),3 5,2023/01/16 09:32:34,
-351,2158753003,주식회사 이예스피,민은정,분석,2535029610,86.591,87.28,-0.2777 (99.7223),13 3,2023/01/16 09:31:14,
-352,1198675906,대경정보통신 주식회사,변원덕,분석,2535010285,86.591,87.279,-0.2785 (99.7215),12 8,2023/01/17 09:18:40,
-353,3118110125,주식회사 국제광엔지니어링,조호현,분석,2534990966,86.59,87.279,-0.2792 (99.7208),5 9,2023/01/16 18:53:50,
-354,5678700047,주식회사 서현이앤지,정경자,분석,2534754560,86.582,87.271,-0.2885 (99.7115),12 6,2023/01/13 17:30:00,
-355,6178103385,종로전기 주식회사,박동천,분석,2534737000,86.581,87.27,-0.2892 (99.7108),14 7,2023/01/16 17:23:49,
-356,1348607315,주식회사 테크미컴,김영석,분석,2534710574,86.58,87.269,-0.2903 (99.7097),14 4,2023/01/12 16:13:21,
-357,3058129861,주식회사 캔텔,백우현,분석,2534658769,86.578,87.267,-0.2923 (99.7077),4 9,2023/01/16 14:33:53,
-358,2128153400,일렉파워주식회사,김성호,분석,2534631961,86.577,87.266,-0.2934 (99.7066),10 13,2023/01/16 15:46:46,
-359,7988800880,뉴테크정보통신 주식회사,정대웅,분석,2534433232,86.57,87.259,-0.3012 (99.6988),8 9,2023/01/10 10:22:56,
-360,1428800582,엘제이테크 주식회사,유혜영,분석,2534406286,86.569,87.259,-0.3022 (99.6978),3 8,2023/01/13 15:43:49,
-361,1048606106,(주)넥스코,김영훈,분석,2534388900,86.569,87.258,-0.3029 (99.6971),14 7,2023/01/16 09:26:25,
-362,1228193977,주식회사 에스유테크,강정구,분석,2534321888,86.566,87.256,-0.3056 (99.6944),13 14,2023/01/13 16:21:12,
-363,2068706603,주식회사 온품,김유혁,분석,2534227200,86.563,87.252,-0.3093 (99.6907),15 5,2023/01/10 11:42:56,
-364,6868601831,(주)현일네트웍스,조동진,분석,2534188900,86.562,87.251,-0.3108 (99.6892),13 14,2023/01/12 14:14:35,
-365,3118131154,주식회사 유어스시스템,장경익,분석,2534186000,86.562,87.251,-0.3109 (99.6891),11 15,2023/01/13 11:23:07,
-366,6158122391,주식회사 우진이앤씨,최진섭,분석,2534121500,86.559,87.249,-0.3135 (99.6865),11 3,2023/01/16 17:35:04,
-367,1078624267,주식회사 다누시스,강원호,분석,2534101240,86.559,87.248,-0.3142 (99.6858),10 2,2023/01/13 15:56:19,
-368,1148182595,주식회사 싸인텔레콤,박영기,분석,2534080900,86.558,87.247,-0.3150 (99.685),14 2,2023/01/17 09:08:53,
-369,4168109772,주식회사 국민,윤풍식,분석,2534042760,86.557,87.246,-0.3166 (99.6834),11 13,2023/01/16 09:55:46,
-370,3058123509,중앙통신 주식회사,한의동,분석,2533928380,86.552,87.242,-0.3210 (99.679),3 4,2023/01/13 08:56:47,
-371,1348168919,엠에스텔레콤(주),이형순,분석,2533895326,86.551,87.241,-0.3223 (99.6777),13 15,2023/01/16 08:39:39,
-372,1058164176,(주)신보파워텍,공민우,분석,2533871574,86.55,87.24,-0.3233 (99.6767),11 13,2023/01/17 07:56:02,
-373,1148189360,(주)지오,오광연,분석,2533867000,86.55,87.24,-0.3235 (99.6765),10 13,2023/01/11 12:44:38,
-374,1298163829,(주)시원코리아,임희득,분석,2533811560,86.548,87.238,-0.3256 (99.6744),5 8,2023/01/16 09:09:17,
-375,2028162708,(주)에스텍시스템,이병화,분석,2533803811,86.548,87.238,-0.3259 (99.6741),12 13,2023/01/17 09:18:47,
-376,2108130492,명신정보통신(주),서철,분석,2533780933,86.547,87.237,-0.3268 (99.6732),11 8,2023/01/12 09:36:05,
-377,6078149216,주식회사 수우,박철수,분석,2533751106,86.546,87.236,-0.3280 (99.672),13 2,2023/01/16 18:48:24,
-378,1068648117,주식회사 티원엘에스,김영규,분석,2533725000,86.545,87.235,-0.3291 (99.6709),15 7,2023/01/13 20:38:36,
-379,6158109646,해강정보통신 주식회사,정영희,분석,2533676900,86.544,87.233,-0.3309 (99.6691),10 6,2023/01/13 09:49:16,
-380,1018116968,(주)넥슨정보통신,신양인,분석,2533646075,86.543,87.232,-0.3322 (99.6678),11 7,2023/01/16 10:36:37,
-381,1178188899,주식회사 시큐렉스,최영희,분석,2533590275,86.541,87.23,-0.3343 (99.6657),1 2,2023/01/16 09:44:16,
-382,3018634386,주식회사 아이티엔에스,김향여,분석,2533561800,86.54,87.229,-0.3355 (99.6645),12 15,2023/01/13 12:11:11,
-383,1078193207,주식회사 주광전기,이승훈,분석,2533536890,86.539,87.229,-0.3365 (99.6635),1 2,2023/01/16 12:44:57,
-384,2118145912,영남스퀘어 주식회사,장한목,분석,2533476770,86.537,87.227,-0.3388 (99.6612),3 4,2023/01/13 13:29:01,
-385,5088110035,(주) 한얼누리,권택조,분석,2533416150,86.534,87.224,-0.3412 (99.6588),2 6,2023/01/16 18:14:38,
-386,1288170424,(주)스카이뱅크,홍순화,분석,2533405549,86.534,87.224,-0.3416 (99.6584),15 7,2023/01/17 09:01:32,
-387,3148620947,주식회사 태영전기,이경숙,분석,2533376740,86.533,87.223,-0.3427 (99.6573),2 9,2023/01/16 17:07:55,
-388,5158108648,동서통신(주),박영하,분석,2533353860,86.532,87.222,-0.3437 (99.6563),11 4,2023/01/17 09:18:33,
-389,1238613802,주식회사 지성정보통신,박연홍,분석,2533290200,86.53,87.22,-0.3462 (99.6538),1 3,2023/01/13 13:49:28,
-390,2088115241,한애전자(주),최용경,분석,2533239467,86.528,87.218,-0.3481 (99.6519),11 7,2023/01/17 09:31:30,
-391,6098129268,대형웍스 주식회사,이동의,분석,2533161800,86.525,87.216,-0.3512 (99.6488),10 15,2023/01/12 16:32:20,
-392,1098195410,(주)신성글로벌네트워크,홍우석,분석,2533119989,86.524,87.214,-0.3528 (99.6472),13 6,2023/01/10 15:23:07,
-393,1308600867,샘정보산업주식회사,이용우,분석,2533103700,86.523,87.214,-0.3535 (99.6465),12 3,2023/01/16 09:49:10,
-394,1188111020,주식회사 한영씨앤이,박대서,분석,2533102200,86.523,87.214,-0.3535 (99.6465),11 5,2023/01/13 12:49:18,
-395,4098118123,대호전기 주식회사,최윤채,분석,2532997000,86.52,87.21,-0.3577 (99.6423),1 7,2023/01/16 14:49:29,
-396,1108164858,(주)에스에이정보기술,김성빈,분석,2532985250,86.519,87.21,-0.3582 (99.6418),12 9,2023/01/16 09:50:56,
-397,1198629800,주식회사 메카넷,천수연,분석,2532906453,86.516,87.207,-0.3612 (99.6388),2 6,2023/01/13 19:56:30,
-398,1188108054,대한신호(주),안종석,분석,2532835274,86.514,87.204,-0.3641 (99.6359),13 2,2023/01/13 22:11:05,
-399,1138184945,에스엠티정보기술(주),이묵희,분석,2532826124,86.514,87.204,-0.3644 (99.6356),10 4,2023/01/16 10:31:18,
-400,1018178116,(주)오경컴텍,김종근,분석,2532756470,86.511,87.202,-0.3671 (99.6329),1 6,2023/01/13 10:17:45,
-401,2158159534,하이텍앤솔 주식회사,정구천,분석,2532754260,86.511,87.202,-0.3672 (99.6328),3 7,2023/01/16 23:14:43,
-402,1058792785,주식회사 신석,김민경,분석,2532727490,86.51,87.201,-0.3683 (99.6317),10 11,2023/01/13 14:12:52,
-403,1108190166,(주)페타네트워크,강인희,분석,2532662412,86.508,87.199,-0.3709 (99.6291),15 6,2023/01/16 08:29:53,
-404,2648127825,주식회사 제이원아이티시스템,이준호,분석,2532644620,86.507,87.198,-0.3715 (99.6285),5 9,2023/01/16 17:23:10,
-405,1318167871,주식회사 화성이엔씨,두진영,분석,2532621740,86.506,87.197,-0.3724 (99.6276),12 8,2023/01/16 20:38:00,
-406,2158192566,(주)열림정보기술,고동민,분석,2532513498,86.503,87.193,-0.3767 (99.6233),15 7,2023/01/11 17:52:50,
-407,1148137654,(주)미동이엔씨,이병복,분석,2532487000,86.502,87.192,-0.3778 (99.6222),5 6,2023/01/17 09:31:47,
-408,1208194567,아산정보통신(주),홍수길,분석,2532470148,86.501,87.192,-0.3784 (99.6216),1 8,2023/01/12 10:16:51,
-409,2048137258,대신엔에스(주),정동진,분석,2532415800,86.499,87.19,-0.3806 (99.6194),2 4,2023/01/13 16:13:22,
-410,1938801686,주식회사 리드온,나철,분석,2532411800,86.499,87.19,-0.3807 (99.6193),3 7,2023/01/13 09:33:45,
-411,2158148186,시스텍전기통신 주식회사,전진우,분석,2532314147,86.496,87.187,-0.3845 (99.6155),11 9,2023/01/16 09:08:29,
-412,2148824685,육일정보통신 주식회사,김지곤,분석,2532309977,86.495,87.186,-0.3847 (99.6153),3 9,2023/01/16 14:51:29,
-413,6078142872,주식회사 한스콤정보통신,노진호,분석,2532303000,86.495,87.186,-0.3850 (99.615),2 9,2023/01/16 10:54:05,
-414,3078139254,주식회사 다승텔레콤,오세좌,분석,2532291776,86.495,87.186,-0.3854 (99.6146),5 9,2023/01/16 15:57:45,
-415,1358145603,한라인포넷(주),장경민,분석,2532291268,86.495,87.186,-0.3854 (99.6146),11 6,2023/01/16 23:55:54,
-416,5148700553,지티정보통신 주식회사,홍한기,분석,2532166900,86.49,87.181,-0.3903 (99.6097),1 15,2023/01/12 13:57:38,
-417,5048137430,(주)경일정보통신공사,이준복,분석,2532146000,86.49,87.181,-0.3912 (99.6088),3 4,2023/01/16 10:04:07,
-418,2218120844,주식회사 파워테크놀로지,김대중,분석,2531884410,86.48,87.172,-0.4015 (99.5985),2 8,2023/01/13 08:38:35,
-419,1058622808,주식회사 에프엔지네트웍스,김기석,분석,2531883009,86.48,87.172,-0.4015 (99.5985),10 9,2023/01/16 09:21:34,
-420,2128196942,동진이앤씨(주),민진식,분석,2531867910,86.48,87.171,-0.4021 (99.5979),12 9,2023/01/16 16:21:18,
-421,6178174143,주식회사 에스이지,안성준,분석,2531858900,86.48,87.171,-0.4025 (99.5975),3 8,2023/01/12 15:54:06,
-422,4028184199,유한회사 나노정보통신,최종배,분석,2531772936,86.477,87.168,-0.4058 (99.5942),14 8,2023/01/17 07:20:13,
-423,1018639665,(주)한양인프라넷,김주호,분석,2531693880,86.474,87.165,-0.4089 (99.5911),15 5,2023/01/12 07:54:29,
-424,6038186257,우주정보통신 주식회사,강병열,분석,2531588900,86.47,87.162,-0.4131 (99.5869),2 5,2023/01/12 14:35:09,
-425,6068622577,주식회사 케이씨엠솔루션,김영철,분석,2531582534,86.47,87.161,-0.4133 (99.5867),12 7,2023/01/16 16:49:13,
-426,3118117318,주식회사 시온,조영호,분석,2531531700,86.468,87.16,-0.4153 (99.5847),4 5,2023/01/17 08:45:45,
-427,1078212647,사단법인 한국장애인정치포럼,배영환,분석,2531518473,86.468,87.159,-0.4158 (99.5842),15 7,2023/01/16 09:55:08,
-428,1138618964,주식회사 에스엠플러스정보통신,왕성모,분석,2531518030,86.468,87.159,-0.4159 (99.5841),11 8,2023/01/16 08:47:31,
-429,1168162839,주식회사 유니포인트,권은영,분석,2531502712,86.467,87.159,-0.4165 (99.5835),3 5,2023/01/13 11:26:34,
-430,4388601038,(주)유피,이선재,분석,2531398486,86.463,87.155,-0.4206 (99.5794),5 7,2023/01/12 21:26:10,
-431,1068610926,주식회사 인테크,이상국,분석,2531327850,86.461,87.153,-0.4233 (99.5767),14 3,2023/01/16 09:33:37,
-432,1108137685,(주)링크엔존테크놀러지,성장연,분석,2531279020,86.459,87.151,-0.4253 (99.5747),2 3,2023/01/13 17:54:50,
-433,4028141375,주식회사 이레유비크,박임철,분석,2531246470,86.458,87.15,-0.4265 (99.5735),12 8,2023/01/12 17:18:48,
-434,7588100054,대진정보통신 주식회사,김성근,분석,2531175698,86.456,87.147,-0.4293 (99.5707),14 9,2023/01/13 13:36:44,
-435,6098191535,주식회사 케이엔티,이공우,분석,2531144900,86.454,87.146,-0.4305 (99.5695),12 7,2023/01/13 17:10:48,
-436,2078155629,씨티아이앤아이(주),김덕제,분석,2531144786,86.454,87.146,-0.4305 (99.5695),10 11,2023/01/13 08:01:36,
-437,2148194561,주식회사 해오름이엔씨,김길수,분석,2531125975,86.454,87.146,-0.4313 (99.5687),11 4,2023/01/16 16:26:02,
-438,1068638093,(주)엘케이시스코,이기일,분석,2531125470,86.454,87.146,-0.4313 (99.5687),13 2,2023/01/16 10:30:38,
-439,4168164789,누리씨앤아이 주식회사,김경헌,분석,2531116800,86.453,87.145,-0.4317 (99.5683),15 6,2023/01/16 10:08:23,
-440,1298104500,주식회사 상지카일룸,김영신,분석,2531101500,86.453,87.145,-0.4323 (99.5677),3 9,2023/01/16 09:51:10,
-441,2118645407,흥일정보통신(주),정본영,분석,2530936334,86.447,87.139,-0.4388 (99.5612),1 9,2023/01/13 13:27:43,
-442,2148669602,(주)우호텔레콤,이강록,분석,2530934560,86.447,87.139,-0.4388 (99.5612),13 9,2023/01/16 14:12:36,
-443,6168114458,(주)성우이앤씨,장태범,분석,2530894260,86.446,87.138,-0.4404 (99.5596),11 12,2023/01/16 16:47:39,
-444,2188120741,케이씨티정보통신(주),백형은,분석,2530849450,86.444,87.136,-0.4422 (99.5578),2 6,2023/01/17 09:02:13,
-445,1198682431,(주)대경시스텍,반기수,분석,2530819390,86.443,87.135,-0.4434 (99.5566),10 11,2023/01/16 16:58:09,
-446,8138600512,대오이앤씨 주식회사,안명옥,분석,2530739323,86.44,87.132,-0.4465 (99.5535),1 10,2023/01/16 17:55:22,
-447,1138141456,(주)나우아이앤씨,이미화,분석,2530712640,86.439,87.131,-0.4475 (99.5525),14 3,2023/01/16 09:42:16,
-448,1388123137,주식회사 에스시큐리티,김학수,분석,2530557000,86.434,87.126,-0.4537 (99.5463),2 3,2023/01/10 18:49:14,
-449,2208691701,주식회사 뉴젠스,임영필,분석,2530556293,86.434,87.126,-0.4537 (99.5463),10 6,2023/01/16 14:43:24,
-450,3118113670,하나정보통신 주식회사,박희진,분석,2530473680,86.431,87.123,-0.4569 (99.5431),3 4,2023/01/17 09:04:13,
-451,2208727337,주식회사주니파워네트웍스,노병준,분석,2530460970,86.43,87.123,-0.4574 (99.5426),10 5,2023/01/14 16:54:14,
-452,1074870357,영진정보통신,김종규,분석,2530427920,86.429,87.122,-0.4587 (99.5413),2 8,2023/01/13 11:31:46,
-453,2148781807,(주)창리정보통신,정종호,분석,2530406732,86.428,87.121,-0.4596 (99.5404),15 2,2023/01/13 10:19:17,
-454,2148619081,주식회사 유신테크,김용근,분석,2530304900,86.425,87.117,-0.4636 (99.5364),3 7,2023/01/16 13:43:38,
-455,3548600954,주식회사 세영,김진영,분석,2530258360,86.423,87.116,-0.4654 (99.5346),10 2,2023/01/16 18:09:45,
-456,5158129420,주식회사 훈민아이티,김종문,분석,2530248191,86.423,87.115,-0.4658 (99.5342),11 15,2023/01/16 08:18:54,
-457,1078212123,사단법인 장애인인권센터,서인환,분석,2530084735,86.417,87.11,-0.4722 (99.5278),13 3,2023/01/11 16:17:27,
-458,2118745307,주식회사 인텔리안테크놀로지스,성상엽,분석,2530084735,86.417,87.11,-0.4722 (99.5278),11 6,2023/01/13 15:01:14,
-459,1068143494,합자회사 화인에스앤컴퍼니,장주용,분석,2530064390,86.416,87.109,-0.4731 (99.5269),8 9,2023/01/16 09:51:54,
-460,2208725440,(주) 매그넷,김종민,분석,2529852580,86.409,87.102,-0.4814 (99.5186),3 8,2023/01/11 10:20:27,
-461,1308637608,주식회사 서왕이노베이션,이원선,분석,2529820300,86.408,87.101,-0.4827 (99.5173),2 8,2023/01/16 23:56:49,
-462,6138141669,주식회사 청호전기,최경의,분석,2529792390,86.407,87.1,-0.4838 (99.5162),11 9,2023/01/16 17:50:08,
-463,1348169825,주식회사 포스텍,이수영,분석,2529651950,86.402,87.095,-0.4893 (99.5107),5 8,2023/01/13 12:38:31,
-464,1388100487,합자회사동화,김연회,분석,2529606800,86.4,87.093,-0.4911 (99.5089),11 3,2023/01/17 09:30:58,
-465,2068184285,주식회사 진명파워택,이명규,분석,2529539012,86.398,87.091,-0.4937 (99.5063),14 8,2023/01/17 09:28:25,
-466,1218623930,주식회사 도빈,정오성,분석,2529514482,86.397,87.09,-0.4947 (99.5053),13 15,2023/01/12 18:05:38,
-467,2208183695,주식회사 씨브이네트,이승욱,분석,2529506000,86.397,87.09,-0.4950 (99.505),2 3,2023/01/16 09:16:36,
-468,2628802128,주식회사 성우일렉콤,최종국,분석,2529465080,86.395,87.088,-0.4966 (99.5034),14 15,2023/01/10 10:05:47,
-469,2158603049,유니넷텍(주),김한호,분석,2529401200,86.393,87.086,-0.4991 (99.5009),1 9,2023/01/16 17:22:08,
-470,1188117816,(주)영원정보통신,전춘식,분석,2529322618,86.39,87.084,-0.5022 (99.4978),12 9,2023/01/13 14:23:19,
-471,1068147942,태양이엠씨(주),선오규,분석,2529276850,86.389,87.082,-0.5040 (99.496),12 4,2023/01/17 09:01:53,
-472,1448134003,주식회사 트루본,임광현,분석,2529217502,86.387,87.08,-0.5064 (99.4936),2 4,2023/01/16 15:36:03,
-473,1248106672,(주)데스코,이상혁,분석,2529123830,86.383,87.077,-0.5100 (99.49),8 9,2023/01/17 09:13:13,
-474,1058625329,주식회사 윈미디텍,강명환,분석,2529115629,86.383,87.076,-0.5104 (99.4896),4 7,2023/01/16 12:52:13,
-475,7308800623,주식회사 대산시스템,박영애,분석,2529098590,86.382,87.076,-0.5110 (99.489),2 3,2023/01/16 09:58:47,
-476,3148193654,한일통신 주식회사,강창선,분석,2529070442,86.381,87.075,-0.5121 (99.4879),4 8,2023/01/16 16:10:56,
-477,1318151971,(주)신우테크,최은정,분석,2529067600,86.381,87.075,-0.5123 (99.4877),15 2,2023/01/16 09:47:34,
-478,1238196749,(주)용화전기통신,송승길,분석,2529067391,86.381,87.075,-0.5123 (99.4877),14 6,2023/01/16 14:34:16,
-479,6218158934,(주)동주통신,김문희,분석,2529062676,86.381,87.075,-0.5125 (99.4875),10 8,2023/01/16 10:53:00,
-480,1228643550,주식회사 썬플라워즈,김종석,분석,2529061039,86.381,87.075,-0.5125 (99.4875),12 14,2023/01/16 19:01:32,
-481,1148190678,주식회사 에드원,김춘걸,분석,2529001810,86.379,87.072,-0.5148 (99.4852),7 9,2023/01/12 10:46:57,
-482,1188113673,동해정보통신 주식회사,이창원,분석,2529001806,86.379,87.072,-0.5148 (99.4852),10 8,2023/01/13 17:41:53,
-483,1198130210,(주)와이드넷엔지니어링,이맹훈,분석,2528991630,86.379,87.072,-0.5153 (99.4847),13 7,2023/01/13 14:35:22,
-484,5828602902,(주) 천지정보통신,김재현,분석,2528934632,86.377,87.07,-0.5175 (99.4825),2 7,2023/01/16 15:16:46,
-485,1068601863,유엔넷 주식회사,김주섭,분석,2528933169,86.377,87.07,-0.5175 (99.4825),12 8,2023/01/12 17:06:53,
-486,6158113999,(주)동진정보통신,이화원,분석,2528884870,86.375,87.068,-0.5194 (99.4806),1 15,2023/01/16 10:28:07,
-487,5028155882,한세정보통신(주),한재성,분석,2528839860,86.373,87.067,-0.5212 (99.4788),11 2,2023/01/12 17:29:38,
-488,2158686429,주식회사 비엔솔루트,김진형,분석,2528790813,86.372,87.065,-0.5231 (99.4769),15 5,2023/01/13 09:40:49,
-489,2298130972,(주)태주이엔지,원미숙,분석,2528773018,86.371,87.065,-0.5238 (99.4762),6 8,2023/01/16 13:53:18,
-490,1068669669,(주)일광통신,이병일,분석,2528613800,86.365,87.059,-0.5301 (99.4699),1 8,2023/01/11 08:51:11,
-491,1328182462,주식회사에스제이,오영주,분석,2528569650,86.364,87.058,-0.5318 (99.4682),13 7,2023/01/11 10:34:28,
-492,1408177811,주식회사 네오비젼,유정식,분석,2528552000,86.363,87.057,-0.5325 (99.4675),14 8,2023/01/17 09:37:24,
-493,2158640952,(주)에스티탑,민기동,분석,2528399331,86.358,87.052,-0.5385 (99.4615),10 9,2023/01/17 08:46:15,
-494,2158133077,오티씨 주식회사,김희언,분석,2528373401,86.357,87.051,-0.5396 (99.4604),11 3,2023/01/13 15:40:52,
-495,2048119395,(주)신해전기건설,이세윤,분석,2528244264,86.352,87.046,-0.5446 (99.4554),1 9,2023/01/14 08:57:22,
-496,2158138510,신신이앤씨주식회사,하상청,분석,2528017383,86.344,87.039,-0.5536 (99.4464),10 12,2023/01/16 08:40:22,
-497,2248130166,유비텔레콤 주식회사,이연점,분석,2527931587,86.341,87.036,-0.5569 (99.4431),12 6,2023/01/16 11:16:56,
-498,1018138303,주식회사 비엘에스,안홍서,분석,2527878202,86.339,87.034,-0.5590 (99.441),13 2,2023/01/16 17:48:48,
-499,2158199031,한소리이앤씨주식회사,안홍희,분석,2527733900,86.334,87.029,-0.5647 (99.4353),14 5,2023/01/13 09:42:06,
-500,5088137937,(주)벨류데이터,이선미,분석,2527728219,86.334,87.029,-0.5649 (99.4351),12 9,2023/01/16 13:54:08,
-501,3128143575,주식회사 광진통신,김홍열,분석,2527648570,86.331,87.026,-0.5681 (99.4319),11 3,2023/01/13 15:06:32,
-502,1058645500,태지종합건설(주),박명호,분석,2527589700,86.329,87.024,-0.5704 (99.4296),15 3,2023/01/17 09:06:33,
-503,2148768177,(주)프라임엔시스템,윤재중,분석,2527547770,86.328,87.022,-0.5720 (99.428),3 9,2023/01/17 09:33:49,
-504,2028138682,협진통신(주),이승훈,분석,2527535021,86.327,87.022,-0.5725 (99.4275),14 2,2023/01/12 11:41:19,
-505,1068601621,주식회사 동양타브,이세근,분석,2527263017,86.318,87.013,-0.5832 (99.4168),1 11,2023/01/13 11:27:10,
-506,3018145549,충청통신(자),성경제,분석,2527120970,86.313,87.008,-0.5888 (99.4112),15 3,2023/01/16 16:10:07,
-507,6098172635,주식회사 제이에이치전력,이현진,분석,2526945260,86.307,87.002,-0.5957 (99.4043),15 5,2023/01/17 09:35:27,
-508,1288137731,주식회사 지아이,김현승,분석,2526876370,86.304,86.999,-0.5985 (99.4015),13 8,2023/01/16 11:31:01,
-509,1208193646,에이치디씨랩스 주식회사,김성은,분석,2526835950,86.303,86.998,-0.6000 (99.4),14 2,2023/01/17 07:52:52,
-510,1278145956,선테크 주식회사,박종선,분석,2526810653,86.302,86.997,-0.6010 (99.399),1 12,2023/01/11 10:45:38,
-511,1278195155,주식회사 대흥디씨티,박준석,분석,2526805450,86.302,86.997,-0.6012 (99.3988),2 3,2023/01/16 17:05:02,
-512,2158643395,민네트워크(주),황상택,분석,2526777550,86.301,86.996,-0.6023 (99.3977),11 3,2023/01/12 12:14:50,
-513,1228199613,주식회사 대건시스템즈,최성주,분석,2526651700,86.296,86.992,-0.6073 (99.3927),2 6,2023/01/17 06:47:08,
-514,4098163161,(주)동우커뮤니케이션,송준성,분석,2526424800,86.288,86.984,-0.6162 (99.3838),1 15,2023/01/13 10:07:57,
-515,3148160134,주식회사 엘엔씨,신윤아,분석,2526337697,86.285,86.981,-0.6196 (99.3804),5 8,2023/01/16 11:32:03,
-516,6068187764,화성아이티주식회사,장민환,분석,2526332613,86.285,86.981,-0.6198 (99.3802),11 12,2023/01/13 09:43:13,
-517,2158602337,지엔네텔(주),고시영,분석,2526321428,86.285,86.98,-0.6203 (99.3797),5 7,2023/01/17 08:54:14,
-518,3068126116,마이크로닉시스템(주),김홍래,분석,2526299565,86.284,86.979,-0.6211 (99.3789),11 14,2023/01/16 09:48:45,
-519,1238609555,(주)에이알텍,이상남,분석,2526281800,86.283,86.979,-0.6218 (99.3782),12 6,2023/01/16 08:43:20,
-520,2158768281,태일정보시스템(주),이미자,분석,2526220760,86.281,86.977,-0.6243 (99.3757),14 9,2023/01/13 10:11:25,
-521,6068607431,(주)대명정보기술,박은주,분석,2526189747,86.28,86.976,-0.6255 (99.3745),1 6,2023/01/13 17:59:28,
-522,1268145759,(주)창원기전,김귀범,분석,2526043000,86.275,86.971,-0.6312 (99.3688),14 15,2023/01/17 08:08:04,
-523,4158147754,(주)정토건설,손영준,분석,2525986000,86.273,86.969,-0.6335 (99.3665),1 3,2023/01/13 16:37:44,
-524,1068611721,우리보안 주식회사,이명재,분석,2525938589,86.271,86.967,-0.6353 (99.3647),5 6,2023/01/17 08:31:20,
-525,1058173369,(주)신한개발,이종순,분석,2525930724,86.271,86.967,-0.6357 (99.3643),2 5,2023/01/16 17:03:28,
-526,8898700952,주식회사 선인,이일수,분석,2525892000,86.269,86.965,-0.6372 (99.3628),1 7,2023/01/13 14:02:48,
-527,1348712509,신우정보통신 주식회사,심원용,분석,2525839450,86.268,86.964,-0.6392 (99.3608),1 4,2023/01/12 15:48:52,
-528,1108139892,(주)이화텔레콤,윤영배,분석,2525826737,86.267,86.963,-0.6397 (99.3603),10 15,2023/01/16 08:58:15,
-529,1138163917,백두전기통신(주),장철,분석,2525798774,86.266,86.962,-0.6408 (99.3592),12 7,2023/01/16 23:49:48,
-530,1168175601,한빛인프라소닉(주),이한철,분석,2525783530,86.266,86.962,-0.6414 (99.3586),15 7,2023/01/13 13:36:10,
-531,1138608831,주식회사 이수,이민현,분석,2525725050,86.264,86.96,-0.6438 (99.3562),11 6,2023/01/12 10:57:02,
-532,1068656301,주식회사 티제이원,최정국,분석,2525684983,86.262,86.958,-0.6453 (99.3547),11 15,2023/01/12 14:25:10,
-533,1028137710,서광종합개발 주식회사,이정익,분석,2525651330,86.261,86.957,-0.6467 (99.3533),11 4,2023/01/17 09:56:44,
-534,1018642796,주식회사 나이스포유,조향심,분석,2525577157,86.258,86.955,-0.6496 (99.3504),5 8,2023/01/16 10:36:58,
-535,3988601370,주식회사 한통엔지니어링,장명수,분석,2525564800,86.258,86.954,-0.6501 (99.3499),10 11,2023/01/10 16:41:31,
-536,1088165460,(주)성보인프라넷,이성춘,분석,2525442800,86.254,86.95,-0.6549 (99.3451),14 9,2023/01/16 12:23:06,
-537,1088179663,주식회사 시큐뱅크,심재춘,분석,2525361530,86.251,86.947,-0.6581 (99.3419),14 2,2023/01/16 09:58:30,
-538,3148643106,삼화전력 주식회사,김경희,분석,2525127663,86.243,86.939,-0.6672 (99.3328),10 9,2023/01/16 13:08:27,
-539,1058660665,(주)일신전업,김한경,분석,2525104784,86.242,86.938,-0.6681 (99.3319),13 3,2023/01/17 04:53:35,
-540,4098618375,주식회사 대명기전,박태주,분석,2524979200,86.237,86.934,-0.6731 (99.3269),7 8,2023/01/16 15:18:29,
-541,4148106158,라온이엔씨 주식회사,권성미,분석,2524914130,86.235,86.932,-0.6756 (99.3244),2 6,2023/01/17 09:02:47,
-542,2158191475,(주)디앤씨코퍼레이션,엄삼섭,분석,2524860742,86.233,86.93,-0.6778 (99.3222),1 15,2023/01/16 16:16:15,
-543,2148134127,(주)대경텔레콤,오병도,분석,2524848040,86.233,86.929,-0.6782 (99.3218),12 15,2023/01/16 08:10:39,
-544,2018147460,태성전기통신(주),이덕우,분석,2524839899,86.232,86.929,-0.6786 (99.3214),3 6,2023/01/16 13:00:45,
-545,1018151140,(주)사운드솔루션,이홍,분석,2524781890,86.23,86.927,-0.6809 (99.3191),15 9,2023/01/16 14:50:00,
-546,2068650742,한선씨앤씨 주식회사,장홍식,분석,2524747747,86.229,86.926,-0.6822 (99.3178),15 8,2023/01/16 10:27:26,
-547,3388801483,주식회사 에버그린티앤씨,최재완,분석,2524692966,86.227,86.924,-0.6843 (99.3157),13 2,2023/01/14 14:46:33,
-548,6188118519,주식회사 케이티서브마린,이승용,분석,2524691986,86.227,86.924,-0.6844 (99.3156),1 15,2023/01/13 09:38:50,
-549,4028117161,(유)제일통신건설,이병식,분석,2524550608,86.222,86.919,-0.6899 (99.3101),10 2,2023/01/16 19:08:54,
-550,1138655988,쿨사인주식회사,정제필,분석,2524473800,86.219,86.917,-0.6930 (99.307),12 6,2023/01/13 11:29:42,
-551,2158687767,(주)에스앤디비즈,정성호,분석,2524447000,86.219,86.916,-0.6940 (99.306),12 3,2023/01/10 15:32:15,
-552,1088181548,디에스지엔 주식회사,신재범,분석,2524421000,86.218,86.915,-0.6950 (99.305),12 14,2023/01/16 18:04:32,
-553,2158173822,삼일씨티에스(주),최종원,분석,2524418420,86.218,86.915,-0.6951 (99.3049),11 3,2023/01/14 16:57:12,
-554,2140562973,대산정보통신공사,오도균,분석,2524329447,86.214,86.912,-0.6986 (99.3014),7 8,2023/01/16 08:41:03,
-555,3078143613,주식회사 조양테크,송윤서,분석,2524329400,86.214,86.912,-0.6987 (99.3013),10 9,2023/01/12 17:05:55,
-556,2118771649,주식회사 월드멀티넷,박영희,분석,2524325000,86.214,86.911,-0.6988 (99.3012),10 2,2023/01/16 10:45:55,
-557,1198108907,(주)아이엔아이,이상우,분석,2524324111,86.214,86.911,-0.6989 (99.3011),2 9,2023/01/13 13:08:53,
-558,1278190728,주식회사 휴먼시스템,김준형,분석,2524298943,86.213,86.911,-0.6998 (99.3002),3 4,2023/01/16 10:46:27,
-559,2148122183,(주)하나전기,김선식,분석,2524261065,86.212,86.909,-0.7013 (99.2987),1 3,2023/01/16 17:30:57,
-560,2048161869,(주)근영이엔씨,이성영,분석,2524232847,86.211,86.908,-0.7024 (99.2976),6 7,2023/01/16 16:35:07,
-561,2158190006,광명인터컴(주),오광세,분석,2524224100,86.211,86.908,-0.7028 (99.2972),3 7,2023/01/10 15:56:04,
-562,1198609084,주식회사 유니씨엔에스,박경임,분석,2524067613,86.205,86.903,-0.7089 (99.2911),1 9,2023/01/13 16:21:39,
-563,2198111833,주식회사 대영아이오티,전인구,분석,2524024397,86.204,86.901,-0.7106 (99.2894),13 15,2023/01/16 09:20:14,
-564,5518100318,주식회사 씨스테크,이우호,분석,2523946620,86.201,86.898,-0.7137 (99.2863),3 4,2023/01/17 00:11:51,
-565,1318158391,주식회사 월드넷코리아,최장희,분석,2523911324,86.2,86.897,-0.7151 (99.2849),14 15,2023/01/16 10:26:10,
-566,1288618438,주식회사 엔지스웨이,최영재,분석,2523902377,86.199,86.897,-0.7154 (99.2846),13 6,2023/01/13 17:41:08,
-567,2058139910,우현전기(주),채광식,분석,2523866790,86.198,86.896,-0.7168 (99.2832),4 8,2023/01/14 13:59:18,
-568,1348629361,주식회사 삼은텔레콤,김순영,분석,2523692400,86.192,86.89,-0.7237 (99.2763),2 5,2023/01/16 11:26:56,
-569,1118124994,오리엔트주식회사,이경호,분석,2523688841,86.192,86.89,-0.7238 (99.2762),13 14,2023/01/17 08:37:29,
-570,1138195817,(주)베스트일렉트로닉스,최경원,분석,2523655792,86.191,86.888,-0.7252 (99.2748),1 15,2023/01/16 16:42:39,
-571,1198180947,(주)다온누리,허경만,분석,2523640541,86.19,86.888,-0.7257 (99.2743),5 8,2023/01/16 09:38:43,
-572,2068124123,(주)세양텔레콤,김한섭,분석,2523635457,86.19,86.888,-0.7259 (99.2741),13 4,2023/01/12 08:44:31,
-573,1138183136,링크맥스(주),이송학,분석,2523599400,86.189,86.886,-0.7274 (99.2726),10 2,2023/01/12 10:10:11,
-574,2068165221,유니슨전기(주),유창진,분석,2523552716,86.187,86.885,-0.7292 (99.2708),11 2,2023/01/11 12:52:11,
-575,1208662454,(주)위엠비,김수현,분석,2523498950,86.185,86.883,-0.7313 (99.2687),15 3,2023/01/16 16:08:37,
-576,1138629762,주식회사 이너인포,이정균,분석,2523492978,86.185,86.883,-0.7316 (99.2684),1 2,2023/01/13 15:05:09,
-577,3148186599,주식회사 케이에스솔루션,김상순,분석,2523484074,86.185,86.883,-0.7319 (99.2681),6 8,2023/01/16 09:40:46,
-578,1168161465,(주)솔루텍시스템,이인명,분석,2523477530,86.184,86.882,-0.7322 (99.2678),2 7,2023/01/12 16:38:44,
-579,4088139464,주식회사 티디씨,허은석,분석,2523467680,86.184,86.882,-0.7325 (99.2675),5 8,2023/01/10 12:48:09,
-580,1138192902,(주)대성정보통신기술,이덕남,분석,2523462752,86.184,86.882,-0.7327 (99.2673),15 4,2023/01/16 10:02:56,
-581,1208186581,에스넷시스템 주식회사,장병강,분석,2523405000,86.182,86.88,-0.7350 (99.265),10 13,2023/01/16 09:34:45,
-582,1138635212,(주)아이제이일렉트론,김도형,분석,2523332900,86.179,86.877,-0.7379 (99.2621),2 4,2023/01/16 10:12:09,
-583,2288700439,주식회사은환이엔씨,황영숙,분석,2523307528,86.178,86.876,-0.7388 (99.2612),10 4,2023/01/16 16:07:56,
-584,6078133413,주식회사 박전사,정성우,분석,2523258000,86.177,86.875,-0.7408 (99.2592),3 5,2023/01/17 08:43:04,
-585,6038136311,(주)동아티엔씨,박봉근,분석,2523191227,86.174,86.872,-0.7434 (99.2566),10 9,2023/01/12 10:12:10,
-586,1328146205,주식회사 다성아이앤에스,이명훈,분석,2523159069,86.173,86.871,-0.7447 (99.2553),1 3,2023/01/17 04:13:57,
-587,5568600996,주영전자통신 주식회사,임채열,분석,2523081282,86.17,86.869,-0.7477 (99.2523),11 4,2023/01/13 11:27:22,
-588,1298187909,하나정보기술(주),박종천,분석,2523052037,86.169,86.868,-0.7489 (99.2511),15 5,2023/01/13 16:51:21,
-589,1108140593,(주)대건이엔씨,이황희,분석,2522981980,86.167,86.865,-0.7517 (99.2483),4 5,2023/01/13 17:34:40,
-590,1198158412,애드넷정보통신(주),박상흥,분석,2522835400,86.162,86.86,-0.7574 (99.2426),1 11,2023/01/13 14:49:24,
-591,2068179706,(주)씨엠유니버샬,전재용,분석,2522821481,86.161,86.86,-0.7580 (99.242),2 6,2023/01/16 09:23:26,
-592,2048170015,(주)하남통신,김종화,분석,2522745369,86.159,86.857,-0.7610 (99.239),14 9,2023/01/16 18:58:29,
-593,2048133679,(주)뉴콤,배상열,분석,2522688517,86.157,86.855,-0.7632 (99.2368),14 15,2023/01/16 10:48:35,
-594,1138636865,주식회사 정원시큐,염승호,분석,2522645000,86.155,86.854,-0.7649 (99.2351),10 5,2023/01/11 11:36:32,
-595,2238106872,(합자)하나오에이정보통신,이태규,분석,2522618000,86.154,86.853,-0.7660 (99.234),12 4,2023/01/17 08:49:46,
-596,1298633617,주식회사 지텔글로벌,홍정흠,분석,2522605910,86.154,86.852,-0.7665 (99.2335),2 7,2023/01/13 11:19:10,
-597,5038175799,주식회사 유엔텔,이창수,분석,2522509320,86.15,86.849,-0.7702 (99.2298),2 9,2023/01/16 20:21:37,
-598,4978602360,가온테크 주식회사,이송,분석,2522458470,86.149,86.847,-0.7722 (99.2278),2 5,2023/01/13 16:32:57,
-599,2018190031,주식회사 태건씨앤씨,김복수,분석,2522430000,86.148,86.846,-0.7734 (99.2266),13 15,2023/01/16 09:02:41,
-600,3048104362,주식회사 건주,안병만,분석,2522333900,86.144,86.843,-0.7772 (99.2228),13 4,2023/01/17 08:05:55,
-601,5138100034,주식회사 비엔지티,조상환,분석,2522320646,86.144,86.842,-0.7777 (99.2223),5 9,2023/01/11 15:44:24,
-602,1078658471,비케이앤파워컴 주식회사,김정훈,분석,2522066980,86.135,86.834,-0.7877 (99.2123),11 13,2023/01/13 14:35:17,
-603,4758801837,주식회사 다윈산업,박경수,분석,2521978014,86.132,86.831,-0.7912 (99.2088),1 3,2023/01/13 15:20:38,
-604,2368701351,주식회사 한빛티엔에스,이광열,분석,2521919548,86.13,86.829,-0.7934 (99.2066),12 15,2023/01/14 18:01:35,
-605,1188121173,(주)부현전기,김홍수,분석,2521823000,86.126,86.825,-0.7972 (99.2028),13 3,2023/01/16 17:03:29,
-606,5048604803,(주)한영정보통신,손진영,분석,2521766284,86.124,86.823,-0.7995 (99.2005),4 9,2023/01/16 17:26:43,
-607,2108122823,우영정보통신(주),황태하,분석,2521755630,86.124,86.823,-0.7999 (99.2001),11 3,2023/01/17 09:35:29,
-608,1208620056,(주)베이스인네트웍스,김희준,분석,2521467000,86.114,86.813,-0.8113 (99.1887),6 8,2023/01/16 10:18:05,
-609,1238632191,주식회사 에이플러스아이티,황은미,분석,2521428400,86.112,86.812,-0.8128 (99.1872),1 3,2023/01/16 00:23:44,
-610,6158168835,주식회사 세안정보통신전기,류해경,분석,2521248000,86.106,86.806,-0.8199 (99.1801),11 5,2023/01/12 12:33:43,
-611,1348171146,주식회사 유진인프라코어,주경선,분석,2521240809,86.106,86.805,-0.8201 (99.1799),13 4,2023/01/17 09:20:25,
-612,5878600398,주식회사 엑사엔시스,김준용,분석,2521128733,86.102,86.801,-0.8246 (99.1754),2 8,2023/01/16 07:58:32,
-613,2138800230,주식회사 성민전기통신,홍종애,분석,2521053506,86.099,86.799,-0.8275 (99.1725),2 9,2023/01/15 00:32:54,
-614,3128196859,주식회사 가델,김정민,분석,2521015300,86.098,86.798,-0.8290 (99.171),4 8,2023/01/13 13:07:47,
-615,4028126262,(유)오성통신,김승섭,분석,2520992000,86.097,86.797,-0.8299 (99.1701),5 6,2023/01/13 10:20:58,
-616,5088126648,주식회사 보명전설,황성수,분석,2520968800,86.096,86.796,-0.8309 (99.1691),2 4,2023/01/17 09:15:33,
-617,2148180640,(주)남인정보통신,김남호,분석,2520897628,86.094,86.793,-0.8336 (99.1664),10 14,2023/01/13 09:41:21,
-618,2038158134,(주)두전네트,손광현,분석,2520804631,86.09,86.79,-0.8373 (99.1627),2 5,2023/01/16 11:36:24,
-619,8208801978,엘티정보통신(주),이선영,분석,2520798700,86.09,86.79,-0.8375 (99.1625),12 6,2023/01/12 16:19:54,
-620,2018634956,주식회사 신성전자통신,전용한,분석,2520494319,86.079,86.78,-0.8495 (99.1505),10 15,2023/01/13 11:41:53,
-621,1068160552,(주)금산트리피아,김백순,분석,2520455954,86.078,86.778,-0.8510 (99.149),11 2,2023/01/16 09:27:14,
-622,5048161930,주식회사 명성씨앤에스,조기현,분석,2520218890,86.07,86.77,-0.8603 (99.1397),15 7,2023/01/17 00:28:43,
-623,1388182607,주식회사 블랙홀,김선희,분석,2520190920,86.069,86.769,-0.8615 (99.1385),11 9,2023/01/13 14:49:20,
-624,1188109728,득진통신(주),김진섭,분석,2520182186,86.068,86.769,-0.8618 (99.1382),1 5,2023/01/16 16:20:18,
-625,1078746443,(주)라인테크놀로지,유현식,분석,2520157879,86.067,86.768,-0.8628 (99.1372),10 15,2023/01/16 17:05:32,
-626,2148707544,일메테크(주),김대성,분석,2520135002,86.067,86.767,-0.8636 (99.1364),6 9,2023/01/17 09:08:37,
-627,3058138619,(주)사이버텔브릿지,남백산,분석,2519991373,86.062,86.762,-0.8693 (99.1307),6 8,2023/01/10 17:23:37,
-628,4888701893,주식회사 제이씨큐,주은영,분석,2519550575,86.046,86.747,-0.8866 (99.1134),7 9,2023/01/13 11:50:03,
-629,1248114060,주식회사현신정보통신,김효정,분석,2519545240,86.046,86.747,-0.8868 (99.1132),14 3,2023/01/13 09:11:42,
-630,1348148077,(주)원네트웍,김필호,분석,2519288486,86.037,86.738,-0.8969 (99.1031),15 7,2023/01/15 15:04:02,
-631,1018154491,엘케이테크넷(주),이만형,분석,2519250354,86.036,86.737,-0.8984 (99.1016),1 14,2023/01/13 12:56:45,
-632,5158118409,(주)한샘정보통신,권영석,분석,2519242798,86.035,86.736,-0.8987 (99.1013),15 8,2023/01/12 16:28:09,
-633,1068651233,(주)나사씨엔에스,신희태,분석,2519179000,86.033,86.734,-0.9013 (99.0987),1 9,2023/01/16 21:11:32,
-634,2128122829,신한종합네트웍스 주식회사,최선례,분석,2519026000,86.028,86.729,-0.9073 (99.0927),15 8,2023/01/16 12:01:15,
-635,2048140753,(주)청효이씨이,이범석,분석,2519001229,86.027,86.728,-0.9082 (99.0918),12 13,2023/01/16 13:36:25,
-636,1358140632,(주)우진일렉트,박현식,분석,2518886840,86.023,86.724,-0.9127 (99.0873),11 9,2023/01/16 15:40:35,
-637,1358135916,태화정보통신 주식회사,김동현,분석,2518851247,86.021,86.723,-0.9141 (99.0859),3 9,2023/01/17 07:55:51,
-638,2118668579,(주)아이정보기술,이훈희,분석,2518839324,86.021,86.723,-0.9146 (99.0854),10 2,2023/01/16 10:34:59,
-639,3148172829,(주)신화통신,양희범,분석,2518813115,86.02,86.722,-0.9156 (99.0844),1 2,2023/01/16 09:33:34,
-640,1138618789,이노뎁(주),이성진,분석,2518668216,86.015,86.717,-0.9213 (99.0787),15 7,2023/01/16 09:14:55,
-641,3148184932,주식회사 삼일정보통신,정택수,분석,2518633000,86.014,86.715,-0.9227 (99.0773),11 8,2023/01/16 11:03:17,
-642,2208151999,현대에이치티 주식회사,이건구,분석,2518548738,86.011,86.713,-0.9260 (99.074),4 9,2023/01/10 18:00:49,
-643,3958800527,주식회사 에스에이치아이티,정태순,분석,2518492812,86.009,86.711,-0.9282 (99.0718),3 7,2023/01/17 09:42:40,
-644,1041890207,삼정정보통신,이순봉,분석,2518414007,86.006,86.708,-0.9313 (99.0687),10 12,2023/01/16 09:54:52,
-645,1148680379,주식회사 다경시스템,김대원,분석,2518238603,86.0,86.702,-0.9382 (99.0618),7 9,2023/01/17 07:51:49,
-646,2128606988,원강정보통신 주식회사,우강원,분석,2518159798,85.997,86.699,-0.9413 (99.0587),10 12,2023/01/16 14:37:01,
-647,1058746447,주식회사 티티네트웍스,최신식,분석,2517984394,85.991,86.693,-0.9482 (99.0518),1 9,2023/01/17 09:40:42,
-648,2118774990,(주)제이에프텍,김중규,분석,2517905589,85.988,86.69,-0.9513 (99.0487),1 14,2023/01/13 17:40:06,
-649,1198618088,주식회사 하이넷 네트웍스,김동순,분석,2517730185,85.982,86.684,-0.9582 (99.0418),11 15,2023/01/17 09:22:08,
-650,1128152663,한국아이디정보(주),송찬호,분석,2517651380,85.979,86.682,-0.9613 (99.0387),15 7,2023/01/16 13:30:49,
-651,2268135906,주식회사 엔테크,김영준,분석,2517501000,85.974,86.677,-0.9673 (99.0327),6 9,2023/01/16 18:09:11,
-652,7418801210,주식회사 한국에이브이산업,이재숙,분석,2517475976,85.973,86.676,-0.9682 (99.0318),10 12,2023/01/16 07:13:57,
-653,2118895916,주식회사 지오통신,김영송,분석,2517397171,85.97,86.673,-0.9713 (99.0287),12 8,2023/01/16 16:02:42,
-654,1198165586,제이케이앤티텔레콤(주),전찬화,분석,2517387004,85.97,86.673,-0.9717 (99.0283),5 9,2023/01/13 10:22:35,
-655,1098197140,(주)코맥스시큐리티,김종정,분석,2516972643,85.955,86.658,-0.9880 (99.012),5 9,2023/01/16 09:42:16,낙찰하한선 미달
-656,1218620796,(주)엠에스시스템,조희진,분석,2516970100,85.955,86.658,-0.9882 (99.0118),15 7,2023/01/16 09:04:00,낙찰하한선 미달
-657,2098134713,키엔컴 주식회사,최성덕,분석,2516888754,85.952,86.655,-0.9913 (99.0087),14 8,2023/01/16 15:30:49,낙찰하한선 미달
-658,1138649133,빅썬시스템즈 주식회사,권태일,분석,2516713350,85.946,86.649,-0.9982 (99.0018),1 14,2023/01/16 11:59:55,낙찰하한선 미달
-659,1218165819,주식회사 에스엠텔,정혜경,분석,2516605502,85.942,86.646,-1.0025 (98.9975),15 7,2023/01/16 11:17:06,낙찰하한선 미달
-660,3058185524,피씨랜정보(주),이종화,분석,2516462150,85.937,86.641,-1.0081 (98.9919),1 10,2023/01/16 16:44:35,낙찰하한선 미달
-661,1308665841,(주)스페이스인터,고창식,분석,2516413383,85.936,86.639,-1.0100 (98.99),11 8,2023/01/11 15:37:01,낙찰하한선 미달
-662,1138615856,(주)서원티에스,김안수,분석,2516078490,85.924,86.628,-1.0232 (98.9768),14 6,2023/01/16 15:52:34,낙찰하한선 미달
-663,1288602824,주식회사 우성텔레콤,송상의,분석,2515823600,85.915,86.619,-1.0333 (98.9667),13 2,2023/01/12 16:43:22,낙찰하한선 미달
-664,1198173261,주식회사 현대네트웍기술,조성익,분석,2515635504,85.908,86.612,-1.0406 (98.9594),13 3,2023/01/16 10:07:42,낙찰하한선 미달
-665,2058140076,(주)제일첨단테크,김성수,분석,2515566949,85.906,86.61,-1.0433 (98.9567),13 5,2023/01/16 09:38:59,낙찰하한선 미달
-666,1078154150,주식회사 케이원,송관섭,분석,2515374756,85.899,86.603,-1.0509 (98.9491),14 2,2023/01/13 15:21:59,낙찰하한선 미달
-667,2118738543,(주)콜사인테크놀러지,정한기,분석,2515063534,85.888,86.593,-1.0631 (98.9369),13 14,2023/01/15 09:56:57,낙찰하한선 미달
-668,2158615337,(주)아이링크시스템,오치성,분석,2514681778,85.875,86.579,-1.0782 (98.9218),5 6,2023/01/13 09:20:34,낙찰하한선 미달
-669,1088607693,(주)가온데이터,이기원,분석,2514458604,85.867,86.572,-1.0869 (98.9131),1 8,2023/01/13 10:17:18,낙찰하한선 미달
-670,2048174554,주식회사 창흥텔레콤,진경미,분석,2514337500,85.862,86.568,-1.0917 (98.9083),6 9,2023/01/13 10:40:26,낙찰하한선 미달
-671,1348120104,(주)씨월드정보기술,남형연,분석,2514315674,85.862,86.567,-1.0926 (98.9074),1 12,2023/01/13 17:05:43,낙찰하한선 미달
-672,1098172945,(주)마커스코리아,이헌철,분석,2514045700,85.852,86.558,-1.1032 (98.8968),5 9,2023/01/16 09:56:04,낙찰하한선 미달
-673,2148105563,(주)인성이엔씨,김규만,분석,2513934848,85.848,86.554,-1.1075 (98.8925),14 7,2023/01/10 10:41:16,낙찰하한선 미달
-674,2098211809,사단법인 해오름장애인협회,노영주,분석,2513623585,85.837,86.543,-1.1198 (98.8802),12 7,2023/01/17 09:24:39,낙찰하한선 미달
-675,2168100638,원흥전설(주),이제호,분석,2513578670,85.836,86.541,-1.1216 (98.8784),15 7,2023/01/16 11:35:53,낙찰하한선 미달
-676,1288160023,지앤티테크주식회사,홍은혜,분석,2512824971,85.809,86.516,-1.1512 (98.8488),3 4,2023/01/11 15:22:43,낙찰하한선 미달
-677,4128108897,(주)조흥테크,박희용,분석,2512628214,85.802,86.509,-1.1589 (98.8411),12 3,2023/01/17 08:48:27,낙찰하한선 미달
-678,2068679088,(주)한맥아이티,최예니,분석,2512540300,85.799,86.506,-1.1624 (98.8376),14 4,2023/01/16 08:43:23,낙찰하한선 미달
-679,1088149704,썬시큐원(주),백석환,분석,2512502800,85.798,86.504,-1.1639 (98.8361),10 7,2023/01/16 05:40:05,낙찰하한선 미달
-680,6088174509,주식회사 타키온네트워크,서병환,분석,2512452800,85.796,86.503,-1.1659 (98.8341),11 12,2023/01/13 14:35:22,낙찰하한선 미달
-681,1248605945,주식회사 새롬정보통신,홍연심,분석,2511883420,85.776,86.483,-1.1882 (98.8118),10 6,2023/01/16 16:48:37,낙찰하한선 미달
-682,2108160017,(주)누리온정보통신,박종수,분석,2511720150,85.77,86.477,-1.1947 (98.8053),11 4,2023/01/16 09:03:29,낙찰하한선 미달
-683,1138640850,주식회사 우솔네트웍스,유상열,분석,2511223710,85.753,86.46,-1.2142 (98.7858),10 11,2023/01/13 10:45:04,낙찰하한선 미달
-684,3058112642,합자회사 보광전기,박희근,분석,2510532898,85.729,86.437,-1.2414 (98.7586),12 15,2023/01/16 16:10:00,낙찰하한선 미달
-685,1058665689,(주)경림이앤지,김창근,분석,2509874770,85.705,86.414,-1.2673 (98.7327),11 5,2023/01/16 11:18:11,낙찰하한선 미달
-686,1148678591,주식회사엠아이솔텍,최윤정,분석,2509573700,85.695,86.404,-1.2791 (98.7209),4 9,2023/01/10 11:23:47,낙찰하한선 미달
-687,2068611905,(주)한포넷,이현우,분석,2509096702,85.678,86.387,-1.2979 (98.7021),13 3,2023/01/16 09:29:18,낙찰하한선 미달
-688,2978701924,주식회사 대창이엔씨,이성희,분석,2508478000,85.656,86.366,-1.3222 (98.6778),11 4,2023/01/13 15:59:27,낙찰하한선 미달
-689,1018197466,주식회사콤위즈,정윤권,분석,2508137106,85.644,86.354,-1.3356 (98.6644),12 6,2023/01/16 15:52:35,낙찰하한선 미달
-690,2178114305,주식회사 광문정보통신,서정만,분석,2507793500,85.632,86.342,-1.3491 (98.6509),11 12,2023/01/16 10:01:07,낙찰하한선 미달
-691,2208602950,(주)세연텔레콤,홍성일,분석,2507414380,85.619,86.329,-1.3641 (98.6359),5 6,2023/01/12 10:13:55,낙찰하한선 미달
-692,1198616251,주식회사 누리인프라,정성우,분석,2505865000,85.564,86.276,-1.4250 (98.575),10 11,2023/01/13 16:57:14,낙찰하한선 미달
-693,2078152132,(주)홍남테크,김홍길,분석,2505401710,85.548,86.26,-1.4432 (98.5568),11 7,2023/01/16 11:30:51,낙찰하한선 미달
-694,1238135136,(주)청남통신,최재언,분석,2504715770,85.524,86.236,-1.4702 (98.5298),6 9,2023/01/13 10:24:34,낙찰하한선 미달
-695,2148634229,주식회사 낙원이엔지,이은수,분석,2503596000,85.484,86.198,-1.5143 (98.4857),3 8,2023/01/15 15:58:53,낙찰하한선 미달
-696,2158693084,주식회사 온파워아이앤티,송종희,분석,2502372500,85.441,86.156,-1.5624 (98.4376),13 8,2023/01/16 10:33:41,낙찰하한선 미달
-697,1058719144,(주)다정한넷,박해선,분석,2502121500,85.432,86.147,-1.5723 (98.4277),11 6,2023/01/10 15:36:02,낙찰하한선 미달
-698,1058680303,주식회사 제이엔디케이,이재식,분석,2501870900,85.423,86.138,-1.5821 (98.4179),12 9,2023/01/17 09:19:47,낙찰하한선 미달
-699,1048209629,(사)한국장애인이워크협회일자리사업장,조무호,분석,2500804900,85.386,86.102,-1.6241 (98.3759),14 9,2023/01/11 10:00:28,낙찰하한선 미달
-700,2068183592,(주)신광티앤이,이일환,분석,2500495968,85.375,86.091,-1.6362 (98.3638),7 8,2023/01/13 14:06:40,낙찰하한선 미달
-701,1068615367,대성아이넷(주),이충은,분석,2499235160,85.331,86.048,-1.6858 (98.3142),12 8,2023/01/16 11:58:24,낙찰하한선 미달
-702,2188114856,서교정보통신(주),김기설,분석,2499124520,85.327,86.044,-1.6902 (98.3098),12 8,2023/01/16 18:52:22,낙찰하한선 미달
-703,4038141077,주식회사 송원이앤씨,이금미,분석,2496567110,85.237,85.956,-1.7908 (98.2092),12 14,2023/01/16 16:32:24,낙찰하한선 미달
-704,2128144255,경방전기통신(주),장기인,분석,2487282485,84.91,85.636,-2.1560 (97.844),2 9,2023/01/17 09:49:58,낙찰하한선 미달
-705,4168188495,(주)엠에스아이티,백경국,분석,2468502250,84.248,84.989,-2.8948 (97.1052),13 14,2023/01/16 15:22:03,낙찰하한선 미달
