Unnamed: 0,id,공고번호,공고제목,발주처(수요기관),지역제한,기초금액,예정가격,예가범위,A값,투찰률(%),참여업체수,공고구분표시,정답사정률(%),010_001,010_002,010_003,010_004,010_005,010_006,010_007,010_008,010_009,010_010,020_001,020_002,020_003,020_004,020_005,020_006,020_007,020_008,020_009,020_010,020_011,020_012,020_013,020_014,020_015,020_016,020_017,020_018,020_019,020_020,050_001,050_002,050_003,050_004,050_005,050_006,050_007,050_008,050_009,050_010,050_011,050_012,050_013,050_014,050_015,050_016,050_017,050_018,050_019,050_020,050_021,050_022,050_023,050_024,050_025,050_026,050_027,050_028,050_029,050_030,050_031,050_032,050_033,050_034,050_035,050_036,050_037,050_038,050_039,050_040,050_041,050_042,050_043,050_044,050_045,050_046,050_047,050_048,050_049,050_050,100_001,100_002,100_003,100_004,100_005,100_006,100_007,100_008,100_009,100_010,100_011,100_012,100_013,100_014,100_015,100_016,100_017,100_018,100_019,100_020,100_021,100_022,100_023,100_024,100_025,100_026,100_027,100_028,100_029,100_030,100_031,100_032,100_033,100_034,100_035,100_036,100_037,100_038,100_039,100_040,100_041,100_042,100_043,100_044,100_045,100_046,100_047,100_048,100_049,100_050,100_051,100_052,100_053,100_054,100_055,100_056,100_057,100_058,100_059,100_060,100_061,100_062,100_063,100_064,100_065,100_066,100_067,100_068,100_069,100_070,100_071,100_072,100_073,100_074,100_075,100_076,100_077,100_078,100_079,100_080,100_081,100_082,100_083,100_084,100_085,100_086,100_087,100_088,100_089,100_090,100_091,100_092,100_093,100_094,100_095,100_096,100_097,100_098,100_099,100_100
,11.0,1804009-00,"서울휘경, 서울잠실 행복주택 정보통신공사 1공구(행복240호)",한국토지주택공사,전국/서울,1271342000.0,1271223000.0,+2% ~ -2%,0.0,86.745,907.0,기/의무,-0.00937,1,9,43,110,303,271,126,30,4,3,0,1,3,6,13,30,38,72,118,185,159,112,85,41,22,8,4,0,2,1,0,0,1,0,0,0,2,1,3,3,5,3,10,8,17,10,16,18,27,39,47,46,46,64,100,47,74,66,53,31,44,29,23,13,17,13,6,5,3,3,2,1,1,0,0,2,0,0,1,0,0,0,0,0,0,1,0,0,0,0,0,0,2,0,1,0,3,0,1,2,2,3,1,2,5,5,4,4,8,9,4,6,6,10,12,6,11,16,22,17,21,26,26,20,25,21,33,31,56,44,17,30,37,37,38,28,29,24,16,15,27,17,11,18,12,11,6,7,7,10,6,7,2,4,3,2,3,0,0,3,1,1,0,1,1,0,0,0,0,0,2,0,0,0,0,0,1,0,0,0
,31.0,20181129768-00,장애인 건강검진센터 건립사업 통신공사,서울지방조달청/보건복지부,서울,199893000.0,200259350.0,+2% ~ -2%,0.0,87.745,923.0,기/협정,0.18327,1,7,31,124,274,287,147,35,9,1,0,1,2,5,5,26,48,76,134,140,124,163,91,56,26,9,6,3,0,1,0,0,1,0,0,2,0,2,0,3,1,3,5,7,15,11,30,17,22,44,42,59,53,47,73,49,47,68,74,49,51,29,28,18,21,15,7,5,4,4,3,3,1,1,1,0,0,0,1,0,0,0,0,0,0,1,0,0,0,0,0,2,0,0,0,2,0,0,1,2,0,1,2,1,1,4,3,4,6,9,4,7,14,16,7,10,14,8,27,17,16,26,28,31,33,20,19,28,43,30,22,27,24,23,28,40,42,32,29,20,25,26,13,16,11,17,14,4,14,7,9,6,4,3,4,1,3,1,4,0,2,1,0,3,0,1,1,0,1,0,0,0,0,0,0,0,1,0,0,0
,42.0,20181207363-00,CKL획센터(대학로) 원상복구 및 개보수 공사(통신),한국콘텐츠진흥원,서울,118110000.0,118396175.0,+2% ~ -2%,0.0,87.745,927.0,기,0.24229,1,5,29,136,279,287,143,29,10,2,0,1,2,3,6,23,59,77,136,143,149,138,79,64,25,4,5,5,2,0,0,0,0,1,0,2,0,1,1,1,3,2,3,10,11,16,34,20,30,36,48,59,56,71,45,63,57,53,56,58,35,31,26,25,26,13,10,3,1,2,3,1,2,1,3,0,2,0,0,0,0,0,0,0,0,0,1,0,0,0,0,2,0,0,0,1,1,0,0,1,1,2,0,2,1,2,4,6,5,6,9,7,16,18,9,11,13,17,12,24,26,22,23,36,29,27,40,31,21,24,34,29,24,33,29,24,29,27,29,29,16,19,14,17,13,13,15,10,12,14,6,7,7,3,2,1,1,0,1,1,2,1,1,0,1,1,0,1,3,0,0,0,1,1,0,0,0,0,0,0
,44.0,20181214967-00,숭실고등학교 급식실 및 체육관 증축공사 통신 (장기계속 총차) 입찰공고문(긴급) (긴급공고),서울특별시교육청,서울,90640000.0,90587475.0,+2% ~ -2%,0.0,87.745,940.0,,-0.05795,2,8,43,159,263,282,124,40,9,0,0,2,2,6,8,35,68,91,141,122,115,167,82,42,32,8,4,5,0,0,0,0,0,2,0,1,0,3,2,2,1,5,5,16,16,28,26,28,32,45,39,63,62,50,49,46,51,56,65,64,36,34,22,14,18,15,12,7,3,3,3,1,4,1,0,0,0,0,0,0,0,0,0,0,0,0,1,1,0,0,0,1,0,0,1,2,2,0,1,1,1,0,1,4,2,3,6,10,9,7,14,14,12,14,14,14,21,11,18,27,15,24,21,42,39,23,25,25,26,23,17,29,24,27,18,38,36,29,36,28,23,13,18,16,12,10,10,4,10,8,8,7,5,7,5,2,0,3,1,2,2,1,1,0,0,4,0,1,0,0,0,0,0,0,0,0,0,0,0,0
,52.0,20181208103-00,수원법원종합청사 전자법정 랜케이블 구축 1차 사업,대법원,서울/경기,134136610.0,133486075.0,+2% ~ -2%,0.0,87.745,2057.0,,-0.48498,3,8,68,275,568,652,377,86,13,3,1,2,4,4,17,51,104,171,254,314,334,318,226,151,67,19,7,6,2,1,1,0,1,0,1,1,3,1,1,2,6,8,12,19,23,27,54,49,63,82,83,105,116,123,141,151,116,141,129,115,93,88,74,71,51,36,23,12,6,9,2,5,1,4,1,2,0,0,0,1,0,1,0,0,0,1,0,0,0,1,0,1,2,1,0,1,1,0,0,2,3,3,5,3,3,9,12,7,9,14,14,13,27,27,23,26,35,28,40,42,38,45,48,57,66,50,70,53,74,67,71,80,65,51,67,74,72,57,66,49,43,50,42,46,45,29,35,36,34,17,18,18,11,12,8,4,4,2,6,3,0,2,3,2,0,1,1,3,1,0,1,1,0,0,0,0,0,0,0,1
,59.0,20181208293-00,미림여자정보과학고등학교 관리동 소프트웨어프로젝트실 외 1실 리모델링 공사(통신) (긴급공고),서울특별시교육청,서울,7150000.0,7124825.0,+2% ~ -2%,0.0,87.745,343.0,기,-0.3521,0,1,7,33,83,99,70,37,4,2,0,0,0,1,2,5,10,23,37,46,48,51,43,27,28,9,2,2,1,1,0,0,0,0,0,0,0,1,0,0,0,1,2,1,3,4,5,4,7,13,12,20,16,18,17,22,19,15,19,24,23,15,11,11,10,15,8,7,4,3,1,1,0,1,1,1,0,0,1,0,0,0,0,0,0,0,0,0,0,0,0,0,0,0,0,1,0,0,0,0,0,0,0,1,1,1,0,1,1,2,0,4,2,3,1,3,3,4,6,7,6,6,11,9,5,11,11,7,7,10,11,11,10,9,7,8,9,10,9,15,12,11,7,8,5,6,4,7,5,5,9,6,5,3,5,2,0,4,1,2,0,1,1,0,0,0,1,0,0,1,1,0,0,0,0,0,1,0,0,0
,63.0,20181207260-00,해성여자고등학교 신관동 특별교실 증축 통신공사(긴급) (긴급공고),서울특별시교육청해성여자고등학교,서울,55430000.0,55053275.0,+2% ~ -2%,0.0,87.745,1006.0,기,-0.67965,0,8,37,162,280,281,169,56,6,2,0,0,5,3,14,23,59,103,128,152,123,158,103,66,46,10,1,5,2,0,0,0,0,0,0,3,2,1,1,1,3,5,8,12,9,22,18,35,35,52,40,63,40,54,83,52,44,52,64,69,31,47,37,27,27,21,17,10,4,4,1,0,2,2,1,1,0,1,0,0,0,0,0,0,0,0,0,0,0,0,2,1,1,1,0,1,1,0,0,1,1,2,2,3,6,2,4,8,7,2,11,11,11,7,19,16,20,15,24,28,17,23,26,37,25,15,28,26,42,41,18,34,21,23,27,25,30,34,31,38,16,15,18,29,25,12,15,12,17,10,16,5,8,9,8,2,1,3,3,1,0,1,0,0,0,2,1,1,1,0,0,1,0,0,1,0,0,0,0,0
,75.0,20181204110-00,도서관 실내 인테리어 통신공사 입찰 공고,서울과학기술대학교,서울,161600000.0,162912650.0,+2% ~ -2%,0.0,87.745,934.0,연기,0.81228,0,3,26,163,274,288,134,34,9,1,0,0,2,1,5,21,50,113,109,165,133,155,83,51,24,10,5,4,1,0,0,0,0,0,0,1,1,0,0,1,1,3,3,7,12,16,25,31,52,39,42,40,51,68,73,50,54,67,65,52,31,44,17,19,23,16,6,3,8,1,2,2,2,2,1,1,0,0,0,0,0,0,0,0,0,0,0,0,0,0,0,1,1,0,0,0,0,0,0,1,0,1,1,2,1,2,2,5,8,4,8,8,8,17,9,22,31,21,20,19,19,23,20,20,27,24,32,36,40,33,28,22,20,34,29,38,40,25,26,26,16,15,26,18,8,9,11,8,13,10,10,6,3,3,2,1,2,6,1,0,1,1,2,0,1,1,0,2,0,1,1,0,0,0,0,0,0,0,0,0
,91.0,20181141099-00,본관 통신케이블 교체공사,국회,서울,295000000.0,293668825.0,+2% ~ -2%,0.0,87.745,957.0,기/협정,-0.45125,4,4,42,186,303,262,114,26,11,1,2,2,3,1,6,36,66,120,143,160,113,149,69,45,20,6,6,5,1,0,1,0,1,2,0,1,2,0,1,0,3,2,9,13,15,16,34,36,42,58,52,57,69,58,67,36,51,55,69,51,36,22,21,19,16,8,7,6,3,2,3,3,1,2,2,0,1,0,0,0,1,0,0,0,1,0,2,0,0,0,0,1,1,1,0,0,1,0,0,0,2,1,1,1,1,8,8,5,9,6,5,11,17,17,16,20,20,22,25,33,26,26,22,35,34,35,35,23,26,41,14,22,22,29,26,29,30,39,29,22,22,14,14,8,11,10,7,12,7,9,3,5,4,3,5,1,0,3,1,1,2,1,1,2,0,1,2,0,1,1,0,0,0,1,0,0,0,0,0,0
,92.0,20181139591-01,[긴급] 세그루패션디자인고 다목적강당겸 체육관증축 [보통신]공사 입찰공고 (긴급공고) (공고),서울특별시교육청세그루패션디자인고등학교,서울,129656000.0,129692025.0,+2% ~ -2%,0.0,87.745,962.0,정,0.02778,6,8,50,142,287,266,154,24,13,1,2,4,4,4,13,37,53,89,152,135,134,132,100,54,21,3,7,6,1,0,0,0,3,2,1,2,2,0,2,2,3,7,5,14,21,24,20,24,35,39,55,70,49,51,62,55,56,49,47,59,38,39,34,20,23,10,7,5,1,1,4,3,2,1,3,1,0,0,0,0,0,0,0,0,2,1,1,1,0,1,1,1,2,0,0,0,2,0,1,1,1,2,1,6,3,2,9,5,11,10,11,13,9,11,9,15,14,21,20,19,25,30,32,38,27,22,29,22,35,27,31,24,30,26,23,26,20,27,31,28,24,14,15,24,23,11,12,8,13,10,5,5,3,4,4,1,0,1,0,1,3,1,1,2,0,2,1,0,1,2,1,0,0,0,0,0,0,0,0,0
,95.0,20181140322-00,배명고등학교 방송시설 개선공사 (긴급공고),서울특별시교육청,서울,250497000.0,251234150.0,+2% ~ -2%,0.0,87.745,944.0,기,0.29427,2,5,46,143,282,265,155,26,13,2,0,2,1,4,8,38,48,95,112,170,128,137,95,60,22,4,9,4,2,0,0,0,1,1,0,0,1,0,2,2,3,4,5,13,21,18,21,16,39,49,29,58,57,62,76,39,56,62,56,52,44,31,29,23,28,7,10,5,4,0,5,3,2,1,2,1,1,0,0,0,0,0,0,0,0,1,1,0,0,0,0,0,1,0,0,0,2,0,1,1,2,1,2,2,1,4,7,6,9,12,6,12,9,12,9,7,21,18,23,26,13,16,25,33,25,32,32,30,45,31,22,17,23,33,33,29,32,24,29,23,25,19,14,17,20,9,12,11,16,12,2,5,3,7,5,0,2,2,0,0,3,2,0,3,1,1,1,0,1,1,0,1,1,0,0,0,0,0,0,0
,96.0,20181202256-00,한국예술종합학교 LED 전광판 설치 통신공사 (긴급공고),문화체육관광부,서울,30522000.0,30455900.0,+2% ~ -2%,0.0,87.745,830.0,기,-0.21657,2,2,30,124,239,261,131,32,5,0,0,2,0,2,5,25,43,81,117,122,113,148,73,58,26,6,1,4,0,0,0,0,0,1,1,0,0,0,1,1,1,3,3,10,13,15,16,24,29,40,46,50,39,55,49,43,43,63,49,63,25,27,33,27,19,14,9,5,1,3,1,0,2,1,1,0,0,0,0,0,0,0,0,0,0,0,1,0,0,1,0,0,0,0,0,0,1,0,1,0,1,0,0,3,1,2,7,3,6,7,3,12,8,8,12,12,11,18,18,22,24,22,21,29,21,18,32,23,26,23,19,24,23,20,27,36,37,12,38,25,15,10,12,15,21,12,13,14,12,7,6,8,7,2,3,2,1,0,3,0,0,1,0,0,0,2,1,0,1,0,0,0,0,0,0,0,0,0,0,0
,99.0,20181138754-00,분당선 이매역 등 8역 역무자동화설비 이설 타공사,한국철도공사,서울/경기/충남,227784000.0,227791450.0,+2% ~ -2%,0.0,87.745,2227.0,기,0.00327,8,20,118,366,712,532,329,108,15,4,1,7,10,10,24,94,135,231,349,363,246,286,211,118,87,21,9,6,4,0,0,1,1,4,2,3,3,5,3,6,11,6,15,31,55,44,56,79,73,114,116,147,160,156,133,87,115,109,132,89,105,75,60,53,36,57,25,12,9,5,4,5,0,1,5,2,1,1,0,0,0,0,1,0,0,1,1,3,0,2,1,2,2,1,4,1,2,1,2,4,5,6,2,4,7,8,14,17,31,24,23,21,22,34,35,44,33,40,52,62,53,63,77,70,86,74,78,78,70,63,40,47,43,72,44,65,76,56,45,44,54,51,40,35,31,29,28,25,22,14,28,29,16,9,5,7,2,7,3,2,3,1,2,3,0,0,0,1,2,3,1,1,0,1,1,0,0,0,0,0
,140.0,20181117837-00,일산선 삼송역등 14개소 집수정 개량에 따른 통신설비 신설공사,한국철도공사,서울/경기,161664000.0,161147950.0,+2% ~ -2%,0.0,87.745,2113.0,기/연기,-0.31922,10,31,100,296,650,625,305,68,15,4,3,7,17,14,31,69,87,209,296,354,298,327,191,114,52,16,11,4,4,0,2,1,0,4,3,6,8,3,5,9,8,13,17,26,36,32,30,60,70,104,93,130,137,166,124,90,134,146,139,116,90,66,62,44,43,26,21,11,7,3,8,3,2,0,2,3,0,1,0,0,1,1,1,0,0,0,2,2,0,3,2,4,4,4,3,0,4,1,3,6,5,3,10,3,10,7,8,18,17,19,13,19,10,20,25,35,35,35,44,60,42,51,53,77,73,64,93,73,60,64,42,48,57,77,74,72,75,64,68,48,44,46,32,34,35,27,24,20,24,19,16,10,11,10,5,6,3,4,1,2,4,4,1,2,0,2,0,0,1,1,1,2,0,0,1,0,0,0,0,0
,141.0,20181117833-00,경부선 영등포역 영상감시설비 개량공사,한국철도공사,서울,591899000.0,596683075.0,+2% ~ -2%,0.0,86.745,908.0,기/연기,0.80825,5,22,43,133,267,263,126,33,10,0,3,2,10,12,12,31,47,86,129,138,113,150,77,49,21,12,6,4,0,0,0,3,0,1,1,4,6,1,5,6,4,5,4,8,22,12,21,27,39,34,38,61,62,70,36,37,43,54,58,71,27,31,27,21,20,10,11,4,6,2,4,2,1,1,2,0,0,0,0,0,0,0,2,1,0,0,1,0,1,0,2,2,1,5,0,1,2,3,2,4,0,4,3,2,3,1,2,6,11,11,5,7,6,15,14,13,27,12,18,16,18,20,32,29,30,32,35,35,19,17,19,18,17,26,33,21,22,36,38,33,15,12,14,17,19,8,9,12,9,11,8,2,3,8,0,4,3,3,2,0,2,2,0,2,0,1,1,0,1,1,0,0,0,0,0,0,0,0,0,0
,144.0,20181117602-00,5.18민주화운동 진상규명조사위원회 사무실 조성공사(통신 및 네트워크시설 구축),서울지방조달청/국방부,서울,59645000.0,60113725.0,+2% ~ -2%,0.0,87.745,925.0,기/협정,0.78585,1,1,24,124,283,279,158,46,3,1,0,1,1,0,4,20,58,66,137,146,117,162,91,67,39,7,2,1,1,0,0,0,0,1,0,1,0,0,0,0,3,0,2,11,8,18,24,22,29,31,57,55,51,69,51,47,44,49,54,85,58,27,22,27,24,22,15,2,6,1,2,0,0,1,0,1,0,0,0,0,0,0,0,0,0,0,1,0,0,0,0,1,0,0,0,0,0,0,0,0,1,2,0,0,1,1,5,6,3,5,3,15,11,13,16,6,12,17,13,18,30,27,24,31,25,26,42,27,29,22,18,29,17,27,26,23,25,29,47,38,26,32,16,11,6,16,13,14,13,11,11,11,10,5,2,0,3,3,0,1,2,0,0,0,0,0,1,0,0,0,1,0,0,0,0,0,0,0,0,0
,149.0,20181111728-00,경원선 옥수~의정부간 통신설비 공용접지 연결 타공사,한국철도공사,서울/경기,99345000.0,99092475.0,+2% ~ -2%,0.0,87.745,2004.0,기,-0.25419,13,21,64,329,618,544,284,91,15,3,4,9,10,11,18,46,121,208,314,304,269,275,173,111,71,20,10,5,2,1,3,1,0,6,3,7,2,3,3,6,9,5,8,18,24,46,42,61,73,107,121,120,121,144,112,78,136,109,109,112,81,65,57,41,40,40,28,8,8,7,5,3,3,1,3,2,0,0,0,1,1,2,0,1,0,0,2,4,3,0,2,5,2,0,1,2,3,0,3,3,5,4,2,3,4,4,9,9,10,14,22,24,21,21,33,28,31,42,56,51,59,62,65,55,73,48,80,64,59,53,33,45,55,81,55,54,58,51,60,52,36,45,27,38,27,30,21,20,19,21,17,23,16,12,3,5,5,3,2,5,2,3,2,1,2,1,0,1,2,1,1,1,0,0,0,0,0,0,1,0
,155.0,20181111953-01,강남지점 리모델링공사 관급자재(CCTV) 구매,서울올림픽기념국민체육진흥공단,서울/경기,116176000.0,116670950.0,+2% ~ -2%,0.0,87.945,290.0,물품/정,0.42603,0,2,11,42,87,86,39,18,2,1,0,0,1,1,2,9,12,30,33,54,33,53,22,17,13,5,1,1,0,1,0,0,0,0,0,0,0,1,0,1,0,1,5,2,3,2,6,11,12,11,9,14,21,24,19,18,8,16,25,19,9,10,5,9,6,5,7,2,1,3,0,1,0,0,1,0,0,0,0,1,0,0,0,0,0,0,0,0,0,0,0,0,0,0,1,0,0,0,1,0,0,0,1,0,1,4,1,1,3,0,1,1,1,5,4,7,6,6,5,6,6,3,8,6,10,11,12,12,9,10,6,12,2,6,7,9,10,15,11,8,5,4,5,5,3,2,6,3,4,2,3,2,4,3,1,1,0,1,2,1,0,0,1,0,0,0,0,0,0,1,0,0,0,0,0,0,0,0,0,1
,162.0,20181109406-00,김포공항 청년창업육성센터 정보통신공사,한국공항공사,서울,11640468.0,11704550.0,+2% ~ -2%,0.0,87.745,659.0,기,0.55051,2,2,17,77,164,238,114,35,7,1,0,2,1,1,6,11,29,48,67,97,129,109,78,36,25,10,4,3,1,0,0,0,0,2,0,1,0,0,1,0,3,2,4,4,4,9,9,18,22,19,24,20,40,41,39,42,61,49,34,52,45,24,17,10,18,11,11,6,3,4,2,2,1,2,0,1,0,0,0,0,0,0,0,0,0,0,2,0,0,0,0,1,0,0,0,0,1,0,0,0,2,1,0,2,1,3,2,2,1,3,5,4,3,6,11,7,12,10,8,11,13,11,12,8,23,17,27,14,22,17,20,22,31,30,26,23,13,21,26,26,22,23,14,10,9,8,6,4,11,7,7,4,7,4,3,3,1,2,2,2,0,2,1,1,0,1,1,1,0,0,1,0,0,0,0,0,0,0,0,0
,164.0,20181106796-03,"2018년도 서울여자상업고등학교 교사동(석포관,강석관)방송시설개선공사(통신)긴급공고 (공고)",서울특별시교육청,서울,174183000.0,174027600.0,+2% ~ -2%,0.0,87.745,978.0,정,-0.08922,2,6,40,161,291,288,143,30,10,3,1,1,2,4,8,32,80,81,149,142,140,148,90,53,21,9,6,4,2,1,1,0,0,0,1,1,1,2,1,1,4,2,8,9,17,30,31,33,26,41,42,70,64,61,54,47,61,70,55,55,41,35,34,24,9,5,11,7,4,3,3,2,2,2,1,1,1,0,1,0,0,1,0,0,0,0,0,0,0,1,0,1,1,0,0,2,1,0,1,0,3,1,1,1,2,6,6,3,12,5,17,13,15,16,19,14,11,15,19,22,21,21,21,49,37,27,33,28,33,21,20,27,25,36,32,38,25,30,29,26,15,26,12,23,14,20,16,8,5,4,3,2,6,5,5,2,1,3,1,2,2,1,2,0,1,1,2,0,0,1,1,0,1,0,0,0,0,1,0,0
,168.0,20181104984-00,경부선 회역 등 14개소 PSD 승무원감시용 모니터 교체공사,한국철도공사,서울/경기,100908000.0,101142150.0,+2% ~ -2%,0.0,87.745,2019.0,기,0.23204,48,53,91,300,553,546,276,83,14,5,27,21,29,24,31,60,117,183,221,332,272,274,170,106,66,17,11,3,5,0,13,10,11,8,6,11,14,6,11,11,10,14,14,23,30,42,47,52,67,92,80,94,107,129,143,87,115,131,105,108,69,69,56,35,47,39,20,14,8,2,4,7,0,2,1,4,0,1,0,0,5,8,5,5,4,7,3,5,3,3,3,8,7,7,4,2,7,4,5,6,2,8,7,7,7,7,11,12,18,12,19,23,20,27,28,24,38,29,41,51,34,46,40,54,47,60,64,65,76,67,38,49,44,71,70,61,56,49,57,51,35,34,38,31,32,24,21,14,20,27,19,20,10,10,7,7,4,4,1,1,1,3,4,3,0,0,1,1,0,1,1,3,0,0,1,0,0,0,0,0
,173.0,20181001056-00,여의도우체국 건립 정보통신공사,전국/서울,전국/서울,6460882000.0,6431872675.0,+2% ~ -2%,0.0,85.495,650.0,기/의무,-0.449,1,2,21,68,193,213,93,33,12,7,1,0,0,2,10,11,25,43,101,92,119,94,53,40,20,13,5,7,5,2,0,0,1,0,0,0,0,0,2,0,4,5,2,3,7,9,12,14,15,18,38,45,35,44,31,42,55,33,45,38,20,24,17,15,17,9,8,5,3,8,2,1,5,2,2,3,2,0,2,0,0,0,0,0,1,0,0,0,0,0,0,0,0,0,0,0,1,1,0,0,2,2,2,3,1,1,1,2,4,3,3,6,5,7,4,10,6,9,11,7,16,22,11,34,18,17,17,27,17,14,19,23,23,32,22,11,22,23,17,21,11,9,11,13,9,8,7,8,11,6,4,5,5,3,3,2,3,0,3,5,1,1,0,1,2,3,1,1,1,1,1,2,1,1,0,0,0,2,0,0
,185.0,20181037726-00,서울대학교 약학대학 20동 재건축 통신공사 (긴급공고),서울대학교,서울,597007000.0,593760825.0,+2% ~ -2%,0.0,86.745,913.0,기,-0.54375,0,4,30,126,293,296,116,30,10,4,0,0,2,2,10,20,53,73,118,175,156,140,62,54,25,5,10,0,1,3,0,0,0,0,0,1,0,1,2,0,4,3,6,4,13,12,30,27,27,30,45,52,54,72,70,59,64,60,47,66,29,22,28,19,18,10,9,6,4,1,2,6,2,0,0,1,0,0,3,0,0,0,0,0,0,0,0,0,0,0,0,1,0,0,1,0,2,0,0,0,1,3,2,1,3,3,3,1,7,6,8,4,13,17,11,16,14,13,13,17,16,29,24,28,21,33,35,37,35,35,26,33,31,33,33,27,19,28,35,31,15,14,10,12,11,17,8,11,10,8,7,3,4,5,6,0,3,1,0,1,0,2,5,1,2,0,0,0,0,0,1,0,0,0,0,0,1,2,0,0
,206.0,20181024281-00,경복궁 영추문 매수표소 설치공사(통신) (긴급공고),문화재청,서울/경기,10120000.0,10105800.0,+2% ~ -2%,0.0,87.745,1077.0,기,-0.14032,0,5,19,114,262,353,212,82,18,2,0,0,3,2,7,12,39,75,127,135,169,184,107,105,58,24,12,6,1,1,0,0,0,0,0,3,0,0,1,1,3,4,1,6,5,15,14,20,27,38,41,64,49,65,43,67,73,71,80,62,49,40,38,39,46,33,17,17,9,6,7,4,2,1,4,0,1,0,1,0,0,0,0,0,0,0,0,0,0,0,0,3,0,0,0,0,0,1,0,1,3,0,3,1,0,1,2,4,1,4,6,9,5,9,10,10,15,12,18,20,19,22,30,34,22,27,39,26,25,18,37,30,29,44,29,42,48,32,36,26,22,27,21,19,18,20,21,18,30,16,18,15,9,8,8,9,7,2,3,3,4,3,3,1,1,1,1,0,2,2,0,0,1,0,0,0,1,0,0,0
,217.0,20181022028-00,출입통제시스템 개선 공사,국민건강보험공단,서울/인천/경기,57000000.0,57467425.0,+2% ~ -2%,0.0,87.745,1154.0,,0.82004,2,7,41,176,343,326,179,54,8,3,0,2,3,4,14,27,69,107,142,201,147,179,107,72,36,18,6,2,1,2,0,0,0,1,1,2,0,2,1,2,6,8,4,10,13,12,32,34,49,49,52,58,81,68,84,51,72,57,75,71,46,38,46,28,21,18,12,9,6,9,2,2,4,0,0,0,1,0,0,2,0,0,0,0,0,0,1,0,1,0,0,2,0,0,1,1,1,0,2,0,3,3,4,4,0,4,4,6,5,8,5,7,10,22,25,9,32,17,23,26,23,29,26,32,32,49,42,26,43,41,23,28,27,45,24,33,40,35,41,30,22,24,13,25,23,23,15,13,10,11,8,10,7,5,6,3,3,3,4,5,1,1,1,1,2,2,0,0,0,0,0,0,1,0,0,0,0,0,0,2
,220.0,20181021373-00,한세사이버보안고 도서관 통신공사 (긴급공고),서울특별시교육청,서울,11404000.0,11484475.0,+2% ~ -2%,0.0,87.745,567.0,기,0.70567,1,2,19,61,142,176,103,42,7,1,0,1,1,1,5,14,23,38,72,70,78,98,61,42,31,11,5,2,0,1,0,0,0,1,0,1,0,0,1,0,1,1,5,4,8,7,10,9,19,16,22,36,20,29,35,30,34,25,41,46,22,28,18,18,17,19,8,7,4,4,4,1,0,2,0,0,0,0,1,0,0,0,0,0,0,0,1,0,0,0,0,1,0,0,0,0,1,0,0,0,1,0,1,0,3,2,2,2,2,6,1,6,5,5,6,3,9,10,8,8,12,10,21,15,14,6,15,14,20,15,18,12,13,21,14,11,21,20,21,25,8,14,11,17,11,7,9,9,8,9,10,9,5,3,4,3,2,2,3,1,4,0,1,0,0,0,1,1,0,0,0,0,0,0,0,0,0,1,0,0
,222.0,20181021470-00,김포공항 국제선청사 장애인 화장실 인터컴 설치 및 기타 정보통신공사,한국공항공사,서울,19370659.0,19277825.0,+2% ~ -2%,0.0,87.745,800.0,,-0.47926,2,3,27,96,219,259,138,40,7,5,0,2,1,2,4,23,34,62,118,101,110,149,78,60,28,12,7,0,1,4,0,0,0,2,0,1,0,0,2,0,2,1,4,10,10,9,16,19,28,24,54,45,36,54,30,36,52,57,69,45,38,23,26,25,26,16,8,7,6,3,3,4,0,0,0,0,1,0,1,3,0,0,0,0,0,0,2,0,0,0,0,1,0,0,0,0,1,1,0,0,0,2,0,1,1,3,5,5,3,7,3,6,8,8,9,10,19,9,12,12,26,28,26,19,19,17,35,19,11,19,13,23,23,29,22,35,37,32,20,25,20,18,8,15,17,9,13,12,10,16,8,8,4,4,4,3,1,5,1,2,3,0,1,3,0,0,0,0,0,0,0,0,1,0,0,0,0,1,1,2
,233.0,20181000532-00,00청사 통신 인프라 시설보강공사,서울지방조달청/대통령경호처,서울,191465000.0,192222300.0,+2% ~ -2%,0.0,87.745,930.0,기/협정,0.39552,0,3,34,153,258,279,153,36,5,2,0,0,0,3,5,29,51,102,108,150,131,148,100,53,24,12,3,2,1,1,0,0,0,0,0,0,0,1,1,1,2,2,3,12,15,14,24,32,41,42,47,48,44,59,60,49,59,55,63,53,59,27,26,20,21,9,9,7,8,3,0,1,2,1,1,1,0,1,0,0,0,0,0,0,0,0,0,0,0,0,0,0,0,0,0,1,0,1,0,1,0,2,0,2,1,2,4,8,10,5,4,10,11,13,13,19,22,19,20,22,20,27,24,24,13,31,33,26,29,31,18,31,25,34,23,32,38,25,29,24,31,28,13,14,14,12,9,11,8,13,4,5,7,2,6,1,6,2,3,0,0,0,0,1,2,0,0,1,1,0,0,1,0,0,0,1,0,0,0,0
,236.0,20181016664-00,본관 1층 서측 사무공간 조성공사(통신),한국방송공사,서울,43000000.0,42936400.0,+2% ~ -2%,0.0,85,966.0,기,-0.14791,1,0,23,170,292,229,121,33,2,2,0,1,0,0,5,18,74,96,162,130,112,117,81,40,24,9,2,0,1,1,0,0,0,1,0,0,0,0,0,0,3,1,4,10,5,22,29,36,40,43,63,72,52,52,53,48,39,43,52,47,37,28,26,13,17,14,8,5,2,4,1,0,1,0,0,1,0,1,0,0,0,0,0,0,0,0,1,0,0,0,0,0,0,0,0,0,0,0,0,0,1,2,0,1,1,3,7,3,3,2,9,13,15,14,23,13,22,18,23,20,30,33,30,42,27,25,28,24,30,23,25,23,18,21,25,18,30,22,25,22,13,24,13,15,16,10,6,7,11,6,7,7,4,4,2,3,1,1,3,1,1,0,0,0,1,0,0,0,0,0,1,0,0,0,0,1,0,0,0,0
,237.0,20181016080-00,통신시스템 개선 공사,국민건강보험공단,서울/경기,188000000.0,188118925.0,+2% ~ -2%,0.0,87.745,648.0,,0.06325,3,8,38,105,160,179,96,27,6,1,2,1,2,6,16,22,29,76,82,78,81,98,62,34,19,8,3,3,1,0,1,0,1,1,0,1,1,1,3,2,9,4,7,10,8,11,14,17,38,25,32,36,32,25,35,35,22,44,42,36,26,19,30,11,10,10,9,2,3,3,3,0,3,0,0,1,0,0,0,0,1,0,0,0,1,0,1,0,0,0,0,1,1,0,0,1,1,2,1,1,4,5,3,1,3,4,5,5,4,4,3,8,6,8,4,13,27,11,13,12,19,13,13,23,14,18,15,10,15,20,15,20,10,12,24,20,24,18,18,18,13,13,9,10,17,13,6,5,5,5,5,5,5,4,0,2,2,1,2,1,3,0,0,0,0,3,0,0,0,0,1,0,0,0,0,0,0,0,0,0
,251.0,20181009958-00,관악서 수사부서 등 개선공사(통신),경찰청,서울,182147570.0,181649900.0,+2% ~ -2%,0.0,87.745,985.0,기,-0.27323,0,4,28,149,305,325,120,32,8,4,0,0,4,0,5,23,51,98,160,145,163,162,72,48,26,6,4,4,3,1,0,0,0,0,0,2,2,0,0,0,2,2,2,8,14,13,25,32,27,52,47,73,70,58,57,61,77,59,80,48,36,24,25,22,13,16,8,4,3,1,3,1,0,2,2,2,0,1,0,1,0,0,0,0,0,0,0,0,0,0,1,1,2,0,0,0,0,0,0,0,0,2,1,1,1,1,4,4,8,6,7,6,7,18,13,19,8,19,29,23,16,31,33,40,40,30,29,29,31,26,35,26,38,39,25,34,49,31,27,21,16,20,11,13,12,13,15,7,11,2,10,6,6,2,2,2,2,1,1,0,2,1,1,0,0,0,1,1,2,0,1,1,0,0,1,0,0,0,1,0
,252.0,20180903989-00,IBK 기업은행 본점 대수선공사(통신공사),전국/서울,전국/서울,8585760000.0,8594517550.0,+2% ~ -2%,0.0,85.495,539.0,기/의무,0.102,0,5,20,96,150,147,77,25,9,0,0,0,3,2,6,14,31,65,88,62,67,80,42,35,21,4,6,3,0,0,0,0,0,0,0,0,1,3,1,0,2,3,2,7,6,5,15,18,27,31,34,36,27,30,23,26,24,27,36,34,19,11,17,13,17,12,9,0,2,2,5,0,1,3,0,0,0,0,0,0,0,0,0,0,0,0,0,0,0,0,0,0,1,0,2,1,1,0,0,0,1,1,3,0,1,1,4,3,3,3,3,2,7,8,11,7,17,10,13,18,18,16,15,21,18,9,20,10,13,10,13,13,8,16,17,10,21,15,17,17,8,11,8,3,12,5,8,5,8,9,6,6,4,5,0,0,1,1,2,0,2,3,0,0,1,0,0,3,0,0,0,0,0,0,0,0,0,0,0,0
,255.0,20180907312-01,국립극장 지하주차장 건립 통신공사 (정정공고),서울지방조달청/문화체육관광부,서울,316488000.0,316749925.0,+2% ~ -2%,0.0,87.745,961.0,기/정/협정,0.08275,6,7,43,159,260,308,132,24,7,2,1,5,1,6,14,29,73,86,128,132,142,166,79,53,16,8,5,2,0,2,0,1,1,1,3,1,0,1,0,5,5,5,6,7,20,19,37,30,37,36,52,53,50,42,63,52,61,66,72,57,36,27,22,23,24,10,4,4,2,4,3,1,1,2,0,0,0,2,0,0,0,0,0,1,0,1,0,1,2,1,0,1,0,0,0,1,0,0,1,4,3,2,0,5,4,2,0,7,9,11,10,9,16,21,17,13,21,16,16,20,20,32,27,26,23,27,20,22,38,25,24,28,20,41,29,37,44,28,30,27,19,17,16,11,16,6,13,10,16,8,8,2,2,2,2,2,1,1,3,1,2,1,0,1,1,0,2,0,0,0,0,0,0,0,0,2,0,0,0,0
,267.0,20181004091-00,예술의전당 서예박물관 중앙감시실 구축(1차) 자동제어설비 이설공사,예술의전당,서울,112446990.0,112289075.0,+2% ~ -2%,0.0,87.745,908.0,,-0.14044,0,4,25,150,251,274,151,41,8,2,0,0,3,1,8,17,77,73,121,130,143,131,100,51,27,14,5,3,2,0,0,0,0,0,0,1,2,0,1,0,4,3,2,6,10,29,28,32,31,30,49,48,41,52,61,54,61,55,42,62,37,46,24,26,18,13,11,6,3,8,4,1,0,2,1,1,0,1,0,0,0,0,0,0,0,0,0,0,0,0,0,1,2,0,0,0,1,0,0,0,0,4,1,2,1,1,3,3,4,6,13,16,9,19,20,12,20,11,12,18,24,25,23,25,24,17,21,31,24,37,24,30,27,34,28,27,19,23,33,29,21,16,24,22,17,7,14,12,10,8,7,6,6,5,3,3,1,2,4,4,2,2,1,0,0,0,0,2,1,0,1,0,0,0,1,0,0,0,0,0
,269.0,20181004707-00,미림여자고등학교 역사관 증축공사(통신),서울특별시교육청,서울,18966000.0,18918600.0,+2% ~ -2%,0.0,87.745,740.0,,-0.24993,1,0,38,110,170,233,128,43,10,2,0,1,0,0,3,35,46,64,62,108,121,112,83,45,32,11,8,2,1,1,0,0,0,0,1,0,0,0,0,0,2,0,9,11,16,15,20,21,21,33,30,27,18,42,53,58,41,48,35,51,44,29,19,19,17,13,15,8,4,3,8,0,0,2,0,1,0,0,0,1,0,0,0,0,0,0,0,0,1,0,0,0,0,0,0,0,0,0,0,0,1,1,0,0,1,8,5,6,8,8,4,11,7,13,11,10,10,11,15,18,14,16,12,15,5,13,19,23,27,26,32,26,25,16,22,26,22,13,27,24,16,28,13,16,10,9,12,7,7,10,7,6,7,8,4,4,2,2,3,0,2,6,0,0,0,0,2,0,0,0,0,1,0,0,0,0,0,0,0,1
,270.0,20181002722-00,GKL 코엑스점 전산실 환경개선 정보통신공사,그랜드코리아레저(주),서울,119970000.0,120422350.0,+2% ~ -2%,0.0,87.745,970.0,기,0.37705,1,5,36,143,273,319,146,31,6,3,1,0,2,3,7,29,57,86,113,160,170,149,96,50,25,6,5,1,2,1,0,0,1,0,0,1,0,1,1,2,2,2,6,11,15,15,25,30,38,35,33,54,56,68,62,56,81,62,64,56,46,39,26,23,12,13,9,3,5,1,1,4,0,1,0,1,1,0,0,1,0,0,0,0,1,0,0,0,0,0,0,1,0,0,1,0,1,0,0,2,0,2,0,2,3,3,5,6,7,8,7,8,10,15,17,13,23,15,19,16,14,19,26,28,26,30,37,31,34,28,35,21,39,42,33,29,35,29,30,26,19,27,20,19,11,15,12,11,8,4,7,6,4,5,3,0,2,3,1,0,1,0,0,4,0,0,0,1,0,0,0,1,0,1,0,0,0,0,0,1
,271.0,20180920660-00,강남지점 리모델링 정보통신공사,서울올림픽기념국민체육진흥공단,서울/경기,341359000.0,342203050.0,+2% ~ -2%,0.0,86.745,2094.0,,0.24726,0,16,85,308,608,613,306,103,33,7,0,0,5,11,25,60,130,178,273,335,327,286,198,108,75,28,22,11,3,4,0,0,0,0,0,2,1,2,5,6,12,6,15,25,27,47,57,54,64,86,91,121,130,133,133,101,144,151,110,107,101,67,55,44,39,36,31,18,8,10,9,10,8,2,4,3,0,2,2,0,0,0,0,0,0,0,0,0,0,0,0,2,1,0,2,0,4,1,3,3,7,5,1,5,7,8,14,11,11,16,24,23,24,33,26,28,34,30,43,43,35,56,44,77,61,69,75,58,70,63,54,47,66,78,82,69,57,53,51,56,46,55,33,34,30,25,21,23,23,16,22,14,14,17,8,10,7,1,3,7,4,5,7,3,3,5,2,0,2,2,1,2,0,0,0,2,0,2,0,0
,279.0,20180919875-01,서울동부지방검찰청 사이버수사부 환경개선공사(통신) (긴급공고) (정정공고),대검찰청,서울,100833000.0,101059150.0,+2% ~ -2%,0.0,87.745,652.0,정/협정,0.22428,0,1,17,87,168,192,90,19,6,0,0,0,0,1,5,12,38,49,76,92,90,102,55,35,16,3,4,2,0,0,0,0,0,0,0,0,0,0,0,1,1,2,5,3,6,5,22,24,20,16,27,33,28,38,42,33,40,39,44,36,32,13,15,16,14,8,7,2,0,2,3,1,0,1,1,0,0,0,0,0,0,0,0,0,0,0,0,0,0,0,0,0,0,0,0,0,0,0,0,1,1,0,1,1,2,3,1,2,3,3,3,2,6,16,11,13,13,7,9,7,6,21,15,18,16,12,21,17,16,26,17,16,15,25,17,22,22,22,18,18,16,16,10,3,10,5,10,6,7,7,4,4,4,3,1,1,0,0,2,0,3,0,1,0,0,0,1,0,1,0,0,0,0,0,0,0,0,0,0,0
,284.0,20180921294-00,서울캠퍼스 제9호관 4층 경영대학 연구센터 설치공사(통신),한국과학기술원,서울,42790000.0,43040875.0,+2% ~ -2%,0.0,87.745,947.0,기,0.58629,0,6,21,154,304,278,135,40,5,1,0,0,0,6,4,17,55,99,131,173,119,159,70,65,27,13,4,1,1,0,0,0,0,0,0,0,0,1,2,3,1,1,5,6,8,21,24,19,36,54,52,52,55,67,78,50,41,57,54,76,35,22,34,17,27,12,9,10,5,4,3,0,2,0,0,1,0,0,0,0,0,0,0,0,0,0,0,0,0,0,0,0,0,0,0,1,1,1,0,3,1,0,1,0,2,3,1,5,4,4,10,11,8,16,10,9,20,16,31,23,22,30,26,26,27,28,42,25,37,41,22,28,18,23,28,29,29,25,43,33,20,15,11,11,13,21,10,7,10,17,6,6,4,5,6,4,3,2,3,1,3,0,0,0,1,1,0,0,0,0,1,0,0,0,0,0,0,0,0,0
,292.0,20180916973-00,혜성여자고등학교 체육관 및 학생식당 증축공사(통신),서울특별시교육청,서울,79829000.0,79771975.0,+2% ~ -2%,0.0,87.745,977.0,,-0.07144,2,8,44,155,251,312,139,43,9,1,0,2,2,6,14,30,67,88,104,147,178,134,95,44,27,16,6,3,1,0,0,0,0,1,1,2,0,2,2,2,4,8,8,13,11,19,31,32,35,38,44,43,50,64,50,70,68,73,59,42,52,31,19,24,13,17,5,6,8,7,3,3,1,1,1,0,1,0,0,0,0,0,0,0,0,0,0,1,0,1,0,2,0,0,0,2,1,1,2,0,2,2,4,4,2,6,9,4,5,6,8,11,15,16,17,15,19,16,19,19,20,24,20,23,17,33,33,31,29,21,33,37,36,32,40,33,29,30,23,19,20,32,20,11,12,7,12,12,7,6,10,7,2,3,5,1,3,5,3,4,2,1,1,2,0,1,1,0,1,0,0,0,0,1,0,0,0,0,0,0
,297.0,20180910501-00,국회 교육위원회 전체회의실 중계카메라 광복합케이블 구매설치 공사 (긴급공고),국회,서울,60000000.0,60025800.0,+2% ~ -2%,0.0,87.745,919.0,연기/협정,0.043,1,2,35,152,254,294,128,43,7,0,0,1,1,1,4,31,78,74,134,120,157,137,82,46,34,9,5,2,0,0,0,0,1,0,0,1,0,0,1,0,1,3,4,12,15,19,38,32,30,33,35,66,58,55,40,60,61,64,58,51,37,32,26,21,12,17,11,10,3,2,3,2,2,0,0,0,0,0,0,0,0,0,0,0,0,1,0,0,0,0,0,1,0,0,0,0,1,0,0,0,0,1,1,2,0,4,7,5,10,5,9,10,13,25,21,11,18,12,14,19,14,21,27,39,33,25,28,27,24,16,36,24,31,30,36,28,31,27,25,26,17,20,16,16,13,13,12,9,7,5,13,4,6,5,6,4,2,1,1,1,1,2,2,0,0,2,0,0,0,0,0,0,0,0,0,0,0,0,0,0
,309.0,20180824952-00,정부서울청사 본관 노후 통신 부대시설 보강공사,서울지방조달청/행정안전부,서울,205868000.0,206574175.0,+2% ~ -2%,0.0,87.745,945.0,기/협정,0.34302,0,6,37,154,284,262,148,35,4,5,0,0,1,5,10,27,66,88,149,135,130,132,108,40,24,11,2,2,3,2,0,0,0,0,0,1,0,1,2,2,0,8,7,9,13,14,33,36,27,44,58,56,52,43,75,47,56,57,57,45,61,36,19,15,17,11,11,3,7,3,1,0,2,0,1,0,2,2,1,0,0,0,0,0,0,0,0,0,0,0,0,1,0,0,0,1,2,0,0,2,0,0,3,5,2,5,6,3,6,7,5,9,14,19,19,17,15,12,25,19,25,33,27,29,35,17,22,21,35,40,18,29,27,29,27,30,30,27,13,32,28,33,21,15,11,8,6,9,12,5,6,5,8,3,2,1,4,3,1,2,1,0,0,0,1,1,0,0,0,1,0,0,1,1,1,1,0,1,0,0
,313.0,20180902018-00,신사파출소 신축공사(통신),경찰청,서울,39479000.0,39586825.0,+2% ~ -2%,0.0,87.745,948.0,기,0.27311,0,3,32,147,264,291,145,50,8,0,0,0,3,0,4,28,37,110,128,136,145,146,94,51,44,6,4,4,0,0,0,0,0,0,0,3,0,0,0,0,2,2,3,10,15,9,17,24,44,53,34,62,62,62,44,49,67,65,56,54,48,26,36,14,21,26,16,3,3,2,4,0,1,2,1,0,0,0,0,0,0,0,0,0,0,0,0,0,0,0,1,2,0,0,0,0,0,0,0,0,1,1,1,1,0,3,4,6,11,4,3,6,8,9,11,13,25,19,33,20,13,21,31,31,32,30,36,26,21,23,24,25,30,37,29,36,35,21,25,29,27,21,12,14,20,16,7,7,13,8,14,12,7,9,2,1,1,2,2,0,3,1,0,0,0,1,2,0,1,0,0,0,0,0,0,0,0,0,0,0
,321.0,20180824604-00,헌법재판연구원 방송 및 통신설비 공사,서울지방조달청/헌법재판소,서울,150931000.0,149860175.0,+2% ~ -2%,0.0,87.745,960.0,기/협정,-0.70948,0,4,25,141,284,312,145,36,8,2,0,0,1,3,6,19,48,93,116,168,137,175,89,56,26,10,5,3,2,0,0,0,0,0,0,1,0,1,2,0,3,1,5,4,12,11,28,30,31,41,47,53,47,58,79,52,59,65,79,57,42,33,26,19,25,12,7,10,1,6,3,1,1,1,2,0,2,0,0,0,0,0,0,0,0,0,0,0,0,0,0,1,0,0,0,1,1,1,0,0,0,3,1,0,2,3,2,2,8,4,4,7,12,16,9,21,16,15,21,20,25,22,27,26,16,31,29,29,36,43,25,27,29,30,26,39,49,30,24,33,25,17,17,16,14,12,12,7,14,11,6,6,4,3,7,3,0,1,4,2,0,3,1,0,1,0,0,1,1,1,0,0,1,1,0,0,0,0,0,0
,322.0,20180827541-00,한국체육대학교 학생회관 1층 업무공간조성 통신공사,한국체육대학교,서울,14920000.0,14852425.0,+2% ~ -2%,0.0,87.745,755.0,,-0.45292,0,2,25,95,196,245,152,34,2,1,0,0,1,1,2,23,47,48,86,110,101,144,80,72,27,7,2,0,0,1,0,0,0,0,0,1,0,0,1,0,1,1,3,7,13,11,25,17,20,22,29,32,46,33,56,31,45,59,69,41,30,32,38,32,20,19,6,3,2,4,1,1,0,0,0,0,0,1,0,0,0,0,0,0,0,0,0,0,0,0,0,1,0,0,0,0,1,0,0,0,1,0,1,0,0,3,3,4,7,6,4,7,13,12,11,6,12,8,13,9,14,15,12,20,25,21,18,15,31,25,12,19,20,25,25,34,39,30,24,17,14,16,17,15,18,20,22,10,11,9,11,8,4,2,2,1,2,0,2,2,0,1,0,1,0,0,0,0,0,0,0,0,0,0,0,1,0,0,0,0
,335.0,1802662-00,서울서부권 건설및매입임대주택 유지보수공사 (정보통신),한국토지주택공사,서울,608280000.0,604168000.0,+2% ~ -2%,0.0,86.745,807.0,기,-0.67601,0,4,39,143,212,221,119,38,11,2,0,0,1,3,8,31,61,82,87,125,114,107,79,40,26,12,7,4,2,0,0,0,0,0,0,0,1,0,3,0,2,4,5,7,21,17,29,31,30,36,32,38,43,51,48,35,57,50,44,35,45,21,20,18,15,16,6,9,3,4,4,1,2,2,2,1,1,0,0,0,0,0,0,0,0,0,0,0,0,0,0,0,1,0,0,0,3,0,0,0,1,1,2,2,2,3,2,5,11,10,9,8,13,16,15,16,18,12,17,19,21,11,17,21,17,26,26,25,27,21,13,22,30,27,22,28,26,18,20,15,20,25,12,9,13,7,8,10,6,9,10,6,3,3,4,5,2,1,4,0,1,3,1,0,2,0,1,1,2,0,0,1,1,0,0,0,0,0,0,0
,336.0,1802661-00,서울동부권 건설및매입임대주택 유지보수공사 (정보통신),한국토지주택공사,서울,699952000.0,700938000.0,+2% ~ -2%,0.0,86.745,805.0,기,0.14086,0,2,42,143,206,234,117,33,8,2,0,0,1,1,9,33,64,79,94,112,120,114,73,44,22,11,7,1,0,2,0,0,0,0,0,0,1,0,1,0,2,4,5,11,20,15,29,38,29,32,38,39,39,44,46,46,41,59,43,45,38,22,22,18,17,9,9,6,4,5,4,2,1,1,0,0,0,1,0,1,0,0,0,0,0,0,0,0,0,0,0,0,1,0,0,0,1,0,0,0,1,1,2,2,3,2,4,7,9,11,7,8,12,17,20,18,17,12,14,18,23,15,20,19,17,22,23,21,26,20,18,28,11,30,33,26,22,21,21,24,26,12,11,11,13,9,8,10,8,9,6,3,6,3,4,2,4,0,4,1,1,3,1,1,1,0,0,1,0,0,0,0,0,0,0,1,0,0,0,1
,338.0,20180821076-01,종합교육연구동(220동) 지하2층 강의실(3실) 증축 통신공사 (정정공고),서울대학교,서울,104960000.0,105301175.0,+2% ~ -2%,0.0,87.745,995.0,기/정,0.32505,0,5,36,146,279,300,179,39,7,4,0,0,2,3,10,26,56,90,141,138,139,161,124,55,34,5,6,1,3,1,0,0,0,0,0,1,1,0,2,1,4,4,6,12,10,20,23,30,35,38,67,58,37,64,53,55,54,59,62,70,69,39,30,23,18,14,15,7,1,2,3,3,0,0,1,1,2,0,1,0,0,0,0,0,0,0,0,0,0,0,0,1,1,0,0,0,1,1,1,0,2,2,2,2,2,4,7,5,4,6,9,11,12,11,13,17,21,14,21,17,25,42,31,27,16,21,39,25,32,21,27,28,29,25,30,29,34,28,35,35,30,39,18,21,16,14,9,14,10,8,8,6,7,8,5,2,1,0,2,0,1,2,1,2,0,0,0,0,1,0,1,0,0,2,0,0,0,1,0,0
,340.0,20180816185-00,김포공항 지상감시레이더 선로개선공사,한국공항공사,서울,14624682.0,14694850.0,+2% ~ -2%,0.0,87.745,693.0,,0.47979,1,5,18,89,205,208,121,34,4,0,1,0,2,3,6,12,31,58,100,105,89,119,73,48,24,10,4,0,0,0,1,0,0,0,0,1,1,1,2,0,3,2,2,4,7,15,10,14,22,28,30,49,37,40,49,32,42,42,42,50,33,23,31,16,18,10,7,9,4,4,2,2,0,0,0,0,0,0,0,0,1,0,0,0,0,0,0,0,0,0,0,1,1,0,0,1,2,0,0,0,1,2,0,2,1,1,1,3,3,4,11,4,7,3,6,8,8,14,14,14,15,15,26,23,21,16,25,15,19,30,13,19,24,18,15,27,21,21,29,21,21,12,9,14,17,14,5,11,10,8,5,5,2,5,7,2,3,1,4,0,2,0,1,1,0,0,0,0,0,0,0,0,0,0,0,0,0,0,0,0
,341.0,20180819135-00,국립고궁박물관 전시동 공간조성공사(통신),서울지방조달청/문화재청,서울,74369000.0,73851800.0,+2% ~ -2%,0.0,87.745,1043.0,기/협정,-0.69546,0,5,30,167,307,320,157,46,6,1,0,0,2,3,11,19,58,109,141,166,145,175,104,53,32,14,4,2,1,0,0,0,0,0,0,1,1,1,1,1,3,3,10,4,10,29,21,30,49,38,57,56,56,76,62,62,60,62,75,61,54,32,34,22,15,15,7,14,7,3,3,0,1,0,2,1,0,0,0,0,0,0,0,0,0,0,0,0,0,0,0,1,1,0,0,1,1,0,1,0,2,1,1,2,5,5,2,2,4,6,16,13,9,12,8,22,26,23,20,18,26,31,30,26,28,28,42,34,36,26,36,26,37,23,23,39,48,27,33,28,27,27,23,9,18,16,11,11,12,3,7,8,4,3,10,4,5,2,1,2,3,0,0,0,1,0,0,0,0,2,1,0,0,0,0,0,0,0,0,0
,343.0,20180818875-00,코레일유통(주) 서울본부사옥 3층 용도변경 통신공사,코레일유통,서울,20500000.0,20357525.0,+2% ~ -2%,0.0,87.745,839.0,기,-0.695,1,5,24,119,186,278,179,37,6,2,0,1,3,2,2,22,48,71,87,99,113,165,130,49,28,9,5,1,0,2,0,0,1,0,0,2,1,0,0,2,1,0,4,6,13,17,19,24,25,34,39,31,36,40,40,45,48,47,64,74,56,51,35,22,15,11,7,11,4,4,4,1,0,1,0,0,0,0,1,1,0,0,0,0,0,1,0,0,0,0,0,2,1,0,0,0,0,0,1,1,0,1,0,0,1,3,3,3,6,7,9,8,8,11,12,12,12,13,17,17,11,28,13,18,17,19,22,18,21,19,23,22,19,29,20,27,33,31,39,35,28,28,21,30,23,12,11,11,7,8,8,3,2,5,10,1,2,2,2,2,2,2,0,1,0,0,1,0,0,0,0,0,0,0,0,0,0,1,0,1
,347.0,20180817328-00,통합감시반 전력제어 및 CCTV 이설 공사,한국체육산업개발주식회사,서울,24443000.0,24426625.0,+2% ~ -2%,0.0,87.745,831.0,,-0.067,0,4,36,112,215,259,155,29,9,2,0,0,2,2,5,31,49,63,92,123,111,148,93,62,19,10,8,1,0,2,0,0,0,0,0,2,0,0,0,2,2,1,8,9,16,17,21,19,32,23,37,34,47,55,42,36,48,65,72,38,41,34,35,27,18,12,5,5,3,4,6,2,1,0,0,0,0,1,1,0,0,0,0,0,0,0,0,0,0,0,0,2,0,0,0,0,0,0,1,1,0,2,1,0,2,6,5,4,9,7,9,8,8,13,11,8,13,19,12,11,19,18,19,15,21,26,33,22,18,24,15,21,16,32,27,38,36,36,19,19,16,25,22,12,18,17,11,16,12,6,7,5,4,1,2,3,2,1,3,1,3,3,0,2,0,1,0,0,0,0,0,0,0,0,0,1,0,1,0,0
,352.0,20180807669-00,김포공항 국제선청사 간선케이블 포설 및 타 정보통신공사,한국공항공사,서울,206398128.0,207541125.0,+2% ~ -2%,0.0,87.745,982.0,기,0.55378,0,7,32,123,294,331,144,37,9,2,0,0,1,6,8,24,44,79,137,157,125,206,84,60,31,6,6,3,2,0,0,0,0,0,0,1,0,1,3,2,2,4,5,7,14,9,19,28,29,38,51,54,57,65,67,45,40,86,84,75,38,33,27,28,19,12,13,7,5,0,5,1,1,2,0,1,1,0,0,0,0,0,0,0,0,0,0,0,0,0,0,1,0,0,0,1,0,3,1,1,0,2,2,2,2,3,3,4,9,5,3,6,7,12,16,12,18,11,18,20,21,30,21,33,32,25,35,30,29,38,20,25,22,18,40,46,43,41,34,41,22,16,23,10,14,13,15,13,9,10,6,6,6,7,6,1,4,1,0,0,2,3,1,0,0,1,1,1,0,0,1,0,0,1,0,0,0,0,0,0
,355.0,20180811268-00,경찰청 층간스위치 이설공사,경찰청,서울,41149220.0,41320375.0,+2% ~ -2%,0.0,87.745,904.0,기,0.41593,0,6,27,139,259,295,130,39,6,1,0,0,3,3,7,20,67,72,111,148,135,160,84,46,31,8,2,4,0,1,0,0,0,0,0,1,2,0,1,2,0,5,7,3,12,20,32,27,28,32,43,45,56,65,50,47,64,67,62,55,39,26,27,20,18,17,9,6,4,3,0,2,1,1,2,0,0,0,0,1,0,0,0,0,0,0,0,0,0,0,0,1,2,0,0,0,1,0,0,2,0,0,3,2,2,5,1,2,6,6,6,14,14,18,15,12,18,10,18,14,17,26,21,24,23,33,44,21,27,23,28,19,32,32,24,43,36,26,31,24,25,14,16,10,19,8,8,12,8,10,5,12,7,2,5,1,3,1,1,2,0,0,1,1,0,1,1,0,2,0,0,0,0,0,0,0,0,0,0,1
,358.0,20180809711-00,주택도시보증공사 여의도 영업부서 이전사무실 인테리어 공사(통신),주택도시보증공사,서울,616618000.0,612443550.0,+2% ~ -2%,0.0,86.745,742.0,,-0.677,0,0,5,22,45,60,17,1,1,0,0,0,0,0,2,3,7,15,22,23,25,35,10,7,1,0,1,0,0,0,0,0,0,0,0,0,0,0,0,0,1,1,0,1,2,1,4,2,10,5,5,13,7,6,14,4,14,19,14,9,4,3,4,3,3,0,0,1,0,0,1,0,0,0,0,0,0,0,0,0,0,0,0,0,0,0,0,0,0,0,0,0,0,0,0,0,0,0,0,0,1,0,1,0,0,0,1,0,1,1,0,1,4,0,2,0,4,6,3,2,1,4,7,6,4,3,3,3,7,7,2,2,5,9,7,12,9,5,6,3,1,3,2,1,3,1,1,2,2,1,0,0,0,0,1,0,0,0,0,0,0,1,0,0,0,0,0,0,0,0,0,0,0,0,0,0,0,0,0,0
,371.0,20180733017-00,경복궁 업무시설 증축공사(통신),문화재청,서울/경기,29537000.0,29721875.0,+2% ~ -2%,0.0,87.745,1917.0,기,0.6259,2,7,76,252,537,545,354,116,17,2,1,1,4,3,16,60,106,146,240,297,297,248,226,128,71,45,13,4,2,0,0,1,0,0,1,2,2,1,1,1,4,6,15,22,29,42,43,35,61,71,89,98,118,127,105,112,119,127,96,91,86,89,87,50,42,33,23,25,19,16,7,6,1,2,1,1,1,0,0,0,0,0,0,1,0,0,0,0,1,0,0,2,1,1,0,1,0,1,0,1,1,3,4,2,6,9,11,11,18,11,21,21,23,20,21,14,30,31,39,32,41,48,44,54,53,65,77,50,58,47,50,62,58,61,66,61,46,50,50,41,52,34,37,52,51,36,27,23,22,20,21,12,8,15,15,10,14,5,10,6,4,3,1,5,0,1,1,1,1,0,1,0,1,0,0,0,0,0,0,0
,374.0,20180734021-00,서8병동 재배치 공사(통신),서울대학교병원,서울,85379411.0,85390575.0,+2% ~ -2%,0.0,87.745,1019.0,,0.01307,0,6,38,161,285,312,169,30,10,1,0,0,4,2,7,31,58,103,131,154,170,142,104,65,23,7,9,1,1,0,0,0,0,0,0,2,1,1,1,1,3,2,7,11,15,22,17,32,41,49,40,59,55,64,67,65,75,63,51,58,59,27,32,30,21,12,7,6,1,4,6,2,1,1,0,1,0,0,0,0,0,0,0,0,0,0,0,0,0,0,1,1,1,0,1,0,0,1,0,1,1,2,0,2,2,5,7,4,6,9,14,8,10,7,19,13,21,20,26,23,22,18,28,31,32,23,27,37,29,38,30,35,32,43,30,33,29,22,29,29,30,29,15,12,18,14,16,14,14,7,4,8,5,2,4,2,1,0,3,1,3,3,0,2,1,0,1,0,0,0,0,1,0,0,0,0,0,0,0,0
,381.0,20180723551-00,국립극장 해오름 리모델링 통신공사,서울지방조달청/문화체육관광부,전국/서울,788229000.0,792339650.0,+2% ~ -2%,0.0,86.745,1070.0,기/의무,0.5215,1,1,28,173,279,310,198,46,23,2,1,0,1,0,10,18,76,97,107,172,151,159,121,77,30,16,10,13,2,0,1,0,0,0,0,0,1,0,0,0,3,1,8,7,9,30,28,35,42,38,36,49,56,64,74,45,67,73,55,70,59,43,37,29,30,20,6,6,6,8,6,3,4,8,2,0,2,0,0,0,0,1,0,0,0,0,0,0,0,0,0,0,1,0,0,0,0,0,0,0,0,3,0,1,6,2,1,6,7,2,11,19,15,13,18,17,21,21,20,18,14,22,19,30,22,34,32,32,34,40,25,20,35,32,39,34,27,28,41,29,30,29,18,25,19,18,17,12,17,13,12,8,2,4,4,2,5,1,7,1,3,3,1,2,1,3,5,3,1,1,0,0,2,0,0,0,0,0,0,0
,399.0,20180729222-00,"전자서명인증관리센터 UPS, 항온항습기 노후설비 보수공사",한국인터넷진흥원,서울,9939600.0,9874650.0,+2% ~ -2%,0.0,87.745,265.0,특허,-0.65345,0,4,9,35,62,51,54,39,6,1,0,0,1,3,1,8,16,19,30,32,20,31,23,31,24,15,4,2,1,0,0,0,0,0,0,1,0,0,0,3,1,0,3,1,4,5,6,6,5,13,10,11,13,16,12,6,11,8,14,12,13,7,10,12,12,11,9,6,9,4,3,1,0,2,0,0,1,0,0,0,0,0,0,0,0,0,0,0,0,0,0,1,0,0,0,0,0,0,0,3,0,1,0,0,0,3,1,0,2,2,3,2,3,3,5,1,4,1,9,4,4,6,3,8,9,4,12,4,4,8,5,1,4,7,3,5,9,5,6,6,9,4,5,2,3,7,7,5,7,5,7,4,6,3,4,2,5,4,2,2,3,0,0,1,0,0,1,1,0,0,0,0,1,0,0,0,0,0,0,0
,401.0,20180717238-00,CKL업지원센터 창작자지원시설 리모델링 공사(통신),한국콘텐츠진흥원,서울,58000000.0,57997425.0,+2% ~ -2%,0.0,87.745,963.0,기,-0.00444,2,7,41,132,270,289,171,38,4,2,0,2,2,5,7,34,57,75,128,142,138,151,111,60,30,8,2,2,0,2,0,0,0,2,0,1,1,1,0,4,2,3,5,11,20,20,27,21,27,37,54,54,39,61,62,54,61,53,62,59,52,48,27,25,19,12,14,5,3,4,1,1,2,0,0,0,0,0,2,0,0,0,0,0,0,0,1,1,0,0,0,1,1,0,0,1,0,0,0,4,2,0,2,1,2,3,7,4,11,9,6,14,13,14,10,11,11,16,18,19,28,26,26,28,20,19,36,25,29,33,28,26,23,38,23,30,29,33,24,35,20,32,20,28,11,16,15,10,9,10,6,6,7,7,4,1,3,0,1,3,0,1,1,0,0,2,0,0,0,0,0,0,0,0,0,0,1,1,0,0
,408.0,20180724547-01,배화여자고등학교 방송시설개선공사 입찰공고 (긴급공고) (정정공고),서울특별시교육청,서울,72055000.0,71786625.0,+2% ~ -2%,0.0,87.745,981.0,기/정,-0.37246,1,14,35,133,269,292,176,47,5,3,0,1,6,8,11,24,56,77,137,132,133,159,104,72,32,15,3,2,1,2,0,0,0,1,0,2,2,5,3,2,3,5,8,9,10,16,23,36,30,28,54,51,50,53,61,52,53,71,69,47,44,37,36,35,24,17,9,10,7,4,3,0,0,1,1,0,0,1,1,1,0,0,0,0,0,0,0,1,0,0,0,2,2,0,2,3,2,1,2,0,2,1,2,3,3,5,5,4,6,4,8,8,10,13,17,19,16,14,16,12,24,30,27,24,32,18,32,21,33,28,21,31,20,33,28,43,37,32,25,22,24,20,17,20,23,13,22,13,14,10,10,7,5,4,6,4,4,3,3,1,1,2,0,0,0,0,0,1,0,1,0,0,0,0,1,0,0,1,0,1
,411.0,20180720415-00,김포공항 재난대책상황실 개선 정보통신공사,한국공항공사,서울,128399842.0,128195400.0,+2% ~ -2%,0.0,87.745,965.0,기,-0.15923,1,7,35,139,292,290,155,35,3,1,0,1,2,5,8,27,61,78,139,153,125,165,93,62,26,9,2,1,1,0,0,0,1,0,0,1,1,0,2,3,1,3,7,8,16,18,29,31,30,31,45,54,69,58,66,49,53,54,73,61,32,40,36,20,27,13,10,7,5,0,1,1,0,0,1,1,0,0,0,0,0,0,0,0,0,1,0,0,0,0,0,1,1,0,0,0,1,1,2,1,0,1,3,0,4,3,6,2,8,8,8,10,12,17,14,17,17,13,23,8,23,22,24,30,40,29,29,29,31,35,20,29,27,26,23,31,36,37,29,32,19,13,17,23,21,15,13,7,16,11,7,6,5,5,3,4,3,2,0,0,1,0,1,0,0,0,0,0,1,0,0,1,0,0,0,0,0,0,0,0
,413.0,20180722357-00,정화여자중학교 다목적강당 방송시스템구축 및 기타공사 (긴급공고),서울특별시동부교육청,서울,39363000.0,39412950.0,+2% ~ -2%,0.0,87.745,906.0,,0.12689,2,9,42,120,246,250,164,51,5,2,0,2,2,7,19,23,54,66,114,132,122,128,101,63,36,15,1,4,2,0,0,0,0,1,1,1,1,1,2,4,6,8,9,9,10,21,20,23,27,29,47,43,55,46,55,52,40,60,54,44,53,35,25,31,20,13,17,9,9,3,0,1,3,1,0,0,2,0,0,0,0,0,0,0,0,0,0,1,1,0,0,1,1,0,0,1,0,2,1,3,1,5,5,3,5,4,3,6,5,5,10,11,7,13,13,10,17,10,13,16,21,26,15,28,24,31,27,19,27,28,22,30,22,18,30,30,36,18,22,22,31,22,20,15,13,12,22,9,9,11,4,9,11,6,6,3,7,2,2,1,0,0,0,1,0,3,1,0,0,0,0,0,1,1,0,0,0,0,0,0
,421.0,20180634972-00,서울동부지사 상설검정장 겸 청사 신축공사(통신),서울지방조달청/한국산업인력공단,서울,245023000.0,245960875.0,+2% ~ -2%,0.0,87.745,936.0,기/협정,0.38277,0,4,43,148,264,263,153,43,4,2,0,0,1,3,14,29,62,86,146,118,129,134,93,60,32,11,1,3,1,1,0,0,0,0,0,1,0,0,0,3,5,4,10,8,16,18,28,32,32,38,45,68,52,52,47,46,52,64,53,48,49,28,26,26,24,16,12,7,6,2,1,0,1,0,2,1,0,0,1,0,0,0,0,0,0,0,0,0,0,0,0,1,0,0,0,0,0,0,0,3,1,4,0,4,5,5,2,6,9,7,10,8,12,16,16,16,17,15,13,25,19,26,35,33,33,19,29,23,21,26,20,26,22,30,31,33,29,24,24,24,26,23,11,17,16,10,13,13,9,15,9,7,6,6,4,3,4,2,2,0,1,0,0,0,0,1,0,0,1,1,0,1,0,0,0,0,0,1,0,0
,423.0,20180634568-00,서울남부지방법원 별관 신축 1차 통신공사,서울지방조달청/대법원,서울,732365000.0,732220425.0,+2% ~ -2%,0.0,86.745,893.0,기/협정,-0.01975,0,10,34,139,240,259,152,40,7,8,0,0,3,7,13,21,58,81,110,130,134,125,97,55,22,18,3,4,5,3,0,0,0,0,0,2,1,0,2,5,5,5,6,9,9,23,23,28,29,36,50,38,57,55,40,47,53,60,57,42,51,29,27,21,24,13,8,9,5,5,2,1,1,3,0,1,3,1,2,1,0,0,0,0,0,0,0,0,0,0,0,2,1,0,0,0,1,1,3,2,1,4,1,4,3,3,4,5,5,4,7,16,9,14,12,16,16,13,18,18,27,23,24,14,22,35,25,30,19,21,22,25,23,30,34,26,30,27,27,15,19,32,15,14,17,10,14,7,12,12,7,6,4,4,1,8,3,2,3,2,1,1,1,0,0,1,1,2,0,0,1,0,1,2,1,0,1,1,0,1
,425.0,20180712852-00,수술실등 네트워크 회선 포설 작업,경찰청,서울,18477900.0,18520225.0,+2% ~ -2%,0.0,87.745,719.0,기,0.22905,0,2,24,85,193,211,134,51,11,0,0,0,1,1,6,18,35,50,97,96,108,103,87,47,38,13,6,5,0,0,0,0,0,0,0,1,0,0,1,0,2,4,0,10,8,13,17,14,23,18,36,35,44,42,36,39,45,46,51,30,37,33,34,13,17,16,15,12,4,4,3,3,2,2,1,0,0,0,0,0,0,0,0,0,0,0,0,0,0,0,0,1,0,0,0,0,0,1,0,0,1,1,3,1,0,0,5,5,1,7,3,10,5,12,5,9,12,11,8,10,12,24,18,17,26,18,29,13,18,18,20,19,24,21,24,22,29,22,16,14,22,15,19,14,17,17,3,10,7,10,7,9,9,6,7,5,3,1,3,1,3,0,2,1,0,2,2,0,1,0,0,0,0,0,0,0,0,0,0,0
,430.0,20180703719-00,김포공항 기계통합감시제어센타 개선공사,한국공항공사,서울,437753000.0,438045275.0,+2% ~ -2%,0.0,86.745,870.0,,0.06676,0,6,34,120,202,263,172,53,8,3,0,0,4,2,7,27,49,71,87,115,104,159,112,60,38,15,6,2,2,1,0,0,0,0,0,2,2,0,1,1,2,3,5,8,16,11,23,28,33,25,37,32,36,53,44,39,44,50,71,59,41,42,46,24,19,22,12,5,12,2,3,2,2,1,0,1,0,2,0,0,0,0,0,0,0,0,0,0,0,0,0,2,2,0,0,0,0,1,0,1,0,2,1,2,2,3,6,2,9,7,6,5,10,13,15,13,17,16,13,12,16,21,14,18,18,18,28,25,25,19,17,22,17,27,21,29,34,37,32,27,24,17,21,21,29,17,11,13,11,8,11,11,5,7,4,1,7,5,1,1,0,3,1,1,1,1,1,0,0,0,1,0,0,0,1,1,0,0,0,0
,447.0,20180636599-00,"국회 의원회관 제1,2세미나실 회의용 마이크 설치 공사",국회,서울,40000000.0,39701000.0,+2% ~ -2%,0.0,87.745,866.0,협정,-0.7475,0,5,27,129,246,283,129,34,4,1,0,0,2,3,7,20,46,83,95,151,153,130,75,54,25,9,3,1,0,1,0,0,0,0,0,2,0,1,1,1,1,4,3,10,9,15,18,23,31,42,26,48,57,68,47,66,61,58,44,54,34,29,21,29,16,12,8,6,4,4,1,1,2,0,0,0,0,0,0,1,0,0,0,0,0,0,0,0,0,0,0,2,0,0,0,1,0,1,0,1,0,1,2,2,2,1,5,5,5,4,6,9,10,8,13,10,18,13,21,21,12,14,19,29,21,36,41,27,26,21,27,39,32,29,26,32,23,21,28,26,20,14,17,12,12,9,16,13,7,9,5,7,3,5,5,1,2,2,2,2,1,0,1,0,1,1,0,0,0,0,0,0,0,0,0,0,0,0,1,0
,452.0,20180635876-00,(통신)서울동부구치소 혈액투석실 리모델링 공사(통신) (긴급공고),법무부,서울/경기,28487000.0,28214350.0,+2% ~ -2%,0.0,87.745,1761.0,기,-0.95711,2,6,53,240,511,504,319,94,17,4,1,1,3,3,7,46,94,146,246,265,266,238,179,140,72,22,12,5,3,1,0,0,2,0,0,2,1,0,2,1,3,4,6,15,25,31,40,53,53,63,107,85,99,102,118,86,123,119,96,80,69,76,70,62,42,39,24,13,6,12,5,6,3,2,1,0,2,1,1,0,0,0,0,0,1,1,0,0,0,0,1,1,1,0,0,0,0,2,1,0,2,1,3,1,0,6,5,10,9,16,15,16,21,19,23,30,28,25,32,31,54,53,42,43,54,45,57,45,54,64,36,50,54,69,57,62,48,48,49,31,33,36,35,41,34,36,26,36,21,21,21,18,11,13,9,4,2,4,7,5,4,1,4,2,1,2,0,2,1,0,0,0,2,0,1,0,1,0,0,0
,454.0,20180633155-00,한국의집 보안장비(CCTV)개선공사 시공업체 선정 입찰공고,한국문화재재단,서울,41901603.0,42012700.0,+2% ~ -2%,0.0,87.745,919.0,,0.26513,2,4,31,130,268,306,120,39,3,1,1,1,2,2,8,23,49,81,119,149,128,178,76,44,31,8,2,1,0,1,0,0,1,1,0,1,1,0,1,1,3,4,3,11,10,14,18,29,31,38,33,50,57,71,57,48,57,60,68,73,24,36,27,15,18,10,13,11,1,4,1,0,2,0,0,0,0,0,0,1,0,0,0,0,1,0,1,0,0,0,0,1,1,0,0,0,0,1,1,0,2,1,1,3,1,2,7,4,4,6,7,7,7,11,17,12,15,16,17,21,12,21,23,27,36,21,39,32,29,28,22,26,23,34,23,37,37,31,36,37,12,12,21,15,16,11,4,11,12,6,3,7,6,7,8,3,1,0,1,3,0,1,0,0,1,1,0,0,0,0,0,0,0,0,0,0,0,0,0,1
,462.0,20180630237-00,대진여고 교사동 방송시설 개선공사 (긴급공고),서울특별시교육청,서울,139098000.0,140032775.0,+2% ~ -2%,0.0,87.745,946.0,기,0.67202,0,10,41,139,329,257,126,37,2,1,0,0,5,5,11,30,49,90,152,177,143,114,89,37,24,13,2,0,1,0,0,0,0,0,0,3,1,2,2,2,4,2,8,8,19,13,27,24,36,39,49,65,70,67,78,44,71,57,50,35,47,30,21,13,15,12,10,7,7,1,1,0,1,0,0,0,1,0,0,0,0,0,0,0,0,0,0,0,0,0,0,3,0,1,1,1,1,1,1,1,0,4,0,2,5,3,5,3,12,7,7,6,10,17,9,15,20,16,18,21,20,29,24,41,38,32,31,36,34,44,19,25,29,42,28,29,25,25,19,16,23,24,11,19,12,9,8,5,10,5,7,5,5,5,2,5,3,4,1,0,0,1,0,0,1,0,0,0,0,0,0,0,1,0,0,0,0,0,0,0
,464.0,20180603245-00,서문여고 방송시설 환경개선 사업,서울특별시교육청,서울,118690000.0,117950000.0,+2% ~ -2%,0.0,87.745,960.0,,-0.62348,3,14,29,168,290,273,138,31,8,0,1,2,7,7,12,17,56,112,126,164,130,143,86,52,21,10,7,1,0,0,1,0,1,0,1,4,2,2,2,4,7,3,6,7,6,16,23,36,49,44,48,49,65,65,63,46,64,56,66,41,49,27,22,16,24,15,5,3,4,4,4,1,2,1,0,0,0,0,0,0,1,0,0,0,0,1,0,0,1,0,1,3,1,1,1,1,1,1,3,1,3,4,1,2,2,4,5,2,4,2,9,7,10,13,17,19,28,21,24,20,23,25,24,25,29,36,38,27,30,33,24,22,23,41,20,36,33,33,21,20,31,18,12,15,10,12,10,6,16,8,6,9,2,3,1,2,3,1,0,4,1,3,1,0,2,0,0,1,0,0,0,0,0,0,0,0,0,0,0,0
,465.0,1801812-00,서울지역본부 공공리모델링 임대주택 정보통신공사 3공구,한국토지주택공사,서울,230571000.0,232388000.0,+2% ~ -2%,0.0,87.745,883.0,기,0.78804,3,3,36,151,265,267,114,32,3,2,2,1,0,3,7,29,55,96,131,134,140,127,64,50,23,9,2,1,1,1,1,1,0,1,0,0,0,1,0,2,0,5,7,10,14,15,30,28,33,45,50,54,59,60,42,46,65,54,63,39,28,25,22,17,22,16,4,6,5,1,1,1,0,1,0,0,1,0,0,1,0,1,1,0,0,0,1,0,0,0,0,0,0,0,0,1,0,0,1,1,0,0,0,5,2,5,7,3,9,5,4,11,12,18,10,18,18,15,24,21,25,25,28,26,27,32,31,29,19,23,25,21,30,35,29,25,38,25,27,12,13,15,13,12,11,11,6,11,15,7,11,5,1,3,3,3,2,3,1,0,0,1,0,1,0,0,0,1,0,0,0,0,1,0,0,0,0,0,0,1
,466.0,1801810-00,서울지역본부 공공리모델링 임대주택 정보통신공사 2공구,한국토지주택공사,서울,242511000.0,242874000.0,+2% ~ -2%,0.0,87.745,877.0,기,0.14968,2,2,33,145,281,243,123,26,2,3,1,1,0,2,8,25,50,95,127,154,121,122,69,54,18,8,2,0,3,0,0,1,1,0,0,0,0,1,0,1,1,4,12,7,9,11,27,29,36,42,47,53,58,69,54,44,54,50,53,42,32,20,32,17,22,11,4,5,3,3,1,1,0,0,0,0,3,0,0,0,0,0,1,0,0,1,0,0,0,0,0,0,0,0,0,1,0,0,1,0,0,1,1,3,3,9,3,4,6,3,6,5,12,15,12,17,16,20,22,20,23,24,27,26,27,31,40,29,25,29,21,23,23,31,23,27,31,22,23,19,18,14,9,11,17,15,9,8,12,10,6,5,1,3,3,2,1,2,3,0,1,0,0,1,0,0,0,0,0,0,0,0,1,2,0,0,0,0,0,0
,471.0,20180619130-00,의생명연구원 5층 교수실 및 56병동 재배치 공사 [통신],서울대학교병원,서울,185145098.0,184171275.0,+2% ~ -2%,0.0,87.745,962.0,,-0.52598,0,3,31,127,335,274,143,40,7,0,0,0,2,1,9,22,48,79,174,161,124,150,85,58,31,9,4,3,0,0,0,0,0,0,0,1,1,1,0,0,4,3,7,5,12,9,23,29,34,32,67,72,68,62,66,43,53,62,52,64,49,27,23,30,14,17,9,8,5,1,3,1,0,0,3,0,0,0,0,0,0,0,0,0,0,0,0,0,0,0,0,1,1,0,0,1,0,0,0,0,4,0,2,1,2,5,4,1,7,5,3,6,8,15,16,13,15,19,10,22,32,35,36,36,35,33,38,24,37,29,24,19,26,27,28,34,25,27,37,27,30,19,13,14,9,14,17,13,5,9,9,8,7,2,5,3,4,1,0,1,1,2,0,1,0,0,0,0,3,0,0,0,0,0,0,0,0,0,0,0
,476.0,20180616899-00,경찰병원 병동(71) 통신시설 개선공사,서울지방조달청/경찰청,서울,82636000.0,82566425.0,+2% ~ -2%,0.0,87.745,1015.0,기/협정,-0.0842,2,0,31,133,304,326,162,44,4,0,1,1,0,0,12,19,57,76,143,161,169,157,106,56,32,12,4,0,0,0,0,0,2,0,0,0,0,0,0,0,3,6,3,7,12,18,29,27,22,37,55,53,62,53,81,52,73,77,76,48,52,40,27,22,21,16,12,5,4,7,2,1,1,0,0,0,0,0,0,0,0,0,0,0,1,1,0,0,0,0,0,0,0,0,0,0,0,0,0,0,2,1,1,5,3,0,3,4,5,7,9,9,13,16,10,17,13,9,14,23,21,34,29,24,35,27,24,29,46,35,27,25,32,41,44,33,46,30,25,23,26,26,20,20,14,13,14,8,10,11,7,9,7,5,4,1,3,1,2,5,1,1,0,1,1,0,0,0,0,0,0,0,0,0,0,0,0,0,0,0
,481.0,20180613899-00,서울검찰청사 대강당 리모델링 통신공사,대검찰청,서울,91240000.0,90749375.0,+2% ~ -2%,0.0,87.745,943.0,기,-0.53774,0,3,32,138,324,272,134,28,8,0,0,0,1,2,8,24,51,87,164,160,136,136,92,42,23,5,6,2,0,0,0,0,0,0,0,1,0,1,1,0,3,4,8,10,7,15,24,32,36,31,56,70,64,65,69,57,46,55,59,55,46,31,29,11,17,13,4,7,3,1,3,3,1,1,0,0,0,0,0,0,0,0,0,0,0,0,0,0,0,0,0,1,0,0,0,1,0,1,0,0,0,3,2,2,1,7,5,5,3,4,5,10,13,11,12,20,18,18,18,13,24,32,35,35,38,26,29,36,33,36,24,33,20,26,33,22,30,29,35,20,21,25,18,13,15,14,6,5,8,9,8,5,1,3,6,1,3,0,0,1,2,1,2,1,0,1,0,1,0,0,0,0,0,0,0,0,0,0,0,0
,485.0,20180612955-00,청사 네트워크 회선 증설 공사(긴급) (긴급공고),국가인권위원회,서울,70000000.0,70164850.0,+2% ~ -2%,0.0,87.745,987.0,,0.2355,0,4,41,148,293,308,149,30,7,1,0,0,2,2,10,31,57,91,167,126,149,159,77,72,23,7,5,2,0,1,0,0,0,0,0,2,0,0,1,1,2,5,9,11,14,18,27,25,29,49,84,52,58,51,48,49,70,67,70,52,46,22,28,25,28,9,10,5,3,3,2,3,0,1,1,0,0,1,0,0,0,0,0,0,0,0,0,0,0,0,0,2,0,0,0,0,0,1,1,0,1,1,0,5,3,6,6,5,7,7,8,10,20,7,12,13,15,14,25,24,43,41,31,21,31,27,26,25,27,21,21,28,24,46,30,37,31,39,29,23,20,26,12,10,9,19,16,9,12,16,2,7,6,4,4,1,2,1,0,3,1,1,1,2,0,0,1,0,1,0,0,0,0,0,0,1,0,0,0,0
,491.0,20180606413-00,서울남부지방검찰청 대회의실 등 리모델링 공사 (통신),서울지방조달청/대검찰청,서울,77464000.0,77352325.0,+2% ~ -2%,0.0,87.745,1044.0,기/협정,-0.14417,0,7,24,149,302,351,164,38,3,0,0,0,3,4,9,15,64,85,135,167,152,199,98,66,29,9,1,2,0,0,0,0,0,0,0,3,0,0,1,3,3,5,3,6,7,28,23,26,25,47,55,45,65,65,72,57,67,77,78,72,53,30,27,19,35,13,13,5,5,2,1,0,0,2,0,0,0,0,0,0,0,0,0,0,0,0,0,0,0,0,0,3,0,0,0,0,0,1,0,3,1,2,1,4,1,2,4,2,5,2,11,17,11,12,13,13,11,14,23,24,19,36,22,23,35,30,36,29,37,35,27,30,27,40,28,49,40,38,41,31,27,26,18,12,15,12,9,10,13,22,3,10,8,5,3,2,3,2,0,2,1,0,0,0,0,0,1,1,0,0,0,0,0,0,0,0,0,0,0,0
,493.0,20180604939-00,경찰병원 음압격리병실 등 통신시설 개선공사,서울지방조달청/경찰청,서울,61672000.0,61856000.0,+2% ~ -2%,0.0,87.745,1008.0,기/협정,0.29835,3,2,37,160,267,329,165,30,3,2,1,2,1,1,13,24,60,100,129,138,179,150,109,56,22,8,2,1,1,1,1,0,1,0,1,1,0,0,0,1,5,7,4,10,11,24,20,27,35,54,57,37,59,61,53,67,71,77,64,50,67,32,22,15,29,10,10,3,6,1,2,0,0,1,0,1,0,0,1,0,1,0,0,0,0,1,0,0,1,0,0,1,0,0,0,0,0,0,1,0,1,4,1,6,1,3,7,3,8,3,8,16,13,7,16,11,17,18,24,30,28,29,19,18,35,24,31,30,26,27,33,34,33,38,41,36,36,28,21,29,36,31,25,7,10,12,6,9,14,15,4,6,5,5,2,1,3,3,0,1,1,1,0,0,0,0,1,0,0,0,1,0,0,0,0,0,0,1,0,0
,496.0,20180608059-00,서초2파출소 신축공사(통신),경찰청,서울,41452390.0,41221050.0,+2% ~ -2%,0.0,87.745,950.0,기,-0.55809,0,8,23,125,283,305,158,40,3,0,0,0,3,5,5,18,46,79,116,167,175,130,98,60,29,11,2,1,0,0,0,0,0,0,0,1,1,2,2,2,0,4,5,6,8,12,24,24,31,34,39,46,70,72,56,67,80,49,49,60,46,40,27,25,20,17,11,3,6,3,2,0,0,1,0,0,0,0,0,0,0,0,0,0,0,0,0,0,0,0,0,1,1,0,1,1,2,0,0,2,0,0,0,4,1,4,3,3,4,4,3,9,13,11,10,14,19,12,15,19,16,23,27,19,31,39,43,29,25,31,35,32,39,41,28,21,23,26,35,25,22,24,23,17,12,15,15,10,12,8,12,5,6,5,1,2,3,3,3,0,2,0,0,0,0,0,1,0,0,0,0,0,0,0,0,0,0,0,0,0
,500.0,20180538320-02,"서울아이티고등학교 방송시설 개선공사(본관동,다목적동) (정정공고)",서울특별시교육청,서울,105453000.0,105465950.0,+2% ~ -2%,0.0,87.745,960.0,기/정,0.01228,1,6,40,144,303,262,148,45,5,3,0,1,1,5,10,30,52,92,152,151,142,120,103,45,28,17,4,1,3,0,0,0,1,0,0,0,1,0,4,1,2,5,3,14,16,10,25,28,31,50,54,59,74,62,54,51,62,59,38,52,50,37,29,19,13,16,8,7,10,4,3,1,0,1,0,0,3,0,0,0,0,0,0,0,0,1,0,0,0,0,0,0,0,1,0,0,2,2,0,1,1,1,2,3,3,0,4,10,7,9,3,7,8,17,17,11,18,13,31,19,27,27,30,29,39,35,34,28,34,20,26,25,32,30,29,30,24,14,27,25,28,22,20,17,16,13,9,10,5,8,8,8,3,5,4,3,7,3,1,3,3,0,1,0,0,0,0,1,0,0,0,0,1,2,0,0,0,0,0,0
,501.0,20180607881-00,국회 정보망 확충 공사 (긴급공고),국회,서울,49500000.0,49743200.0,+2% ~ -2%,0.0,87.745,847.0,,0.49131,0,5,32,145,251,248,115,46,1,1,0,0,2,3,4,28,50,95,132,119,145,103,59,56,39,7,1,0,1,0,0,0,0,0,0,1,0,1,1,2,2,0,5,10,15,14,23,29,41,38,42,45,75,53,36,47,68,46,40,47,33,19,22,27,14,18,15,6,4,3,1,0,0,0,0,1,0,0,0,0,0,0,0,0,0,0,0,0,0,0,0,1,0,0,1,0,0,1,0,2,1,1,0,0,2,3,6,4,5,10,4,10,8,15,13,16,16,25,17,21,17,25,19,26,45,30,32,21,15,21,18,29,24,44,30,16,23,17,22,25,19,14,10,9,7,15,16,11,8,6,7,11,5,10,6,0,2,2,1,2,1,0,0,0,0,0,0,0,0,0,0,1,0,0,0,0,0,0,0,0
,502.0,20180539332-00,서울적십자병원 진단검사의학과 리모델링공사(통신)-소액수의견적입찰,대한적십자사,서울,46000000.0,46196925.0,+2% ~ -2%,0.0,87.745,991.0,기,0.42809,2,1,33,162,287,283,163,35,7,4,2,0,1,0,11,22,63,99,148,139,114,169,108,55,22,13,3,4,1,3,2,0,0,0,0,0,1,0,0,0,6,2,4,8,13,21,28,26,42,45,61,61,49,63,53,40,48,70,62,63,43,52,30,25,13,13,8,2,8,4,2,0,1,2,2,1,0,1,2,0,2,0,0,0,0,0,0,0,0,0,0,0,1,0,0,0,0,0,0,0,3,3,2,0,3,1,4,4,5,8,11,10,10,18,14,12,23,19,20,25,29,32,29,32,26,23,34,29,28,25,20,20,20,28,26,44,35,27,29,34,21,22,30,22,13,17,12,13,7,6,5,8,4,4,1,1,5,3,2,2,2,0,0,0,1,0,1,1,2,0,0,1,0,0,0,1,1,1,0,0
,506.0,20180540926-00,한국시설안전공단 일산청사 환경개선 작업 (통신) (긴급공고),국토안전관리원,서울/인천/경기,52400000.0,51960675.0,+2% ~ -2%,0.0,87.745,205.0,기/여성,-0.83841,1,1,2,34,37,86,27,16,1,0,0,1,1,0,1,1,20,14,13,24,44,42,17,10,12,4,0,1,0,0,0,0,0,0,1,0,0,1,0,0,0,0,1,1,0,7,7,9,4,7,3,6,9,12,7,16,20,12,21,16,5,9,7,5,2,4,6,2,3,1,0,0,0,1,0,0,0,0,0,0,0,0,0,0,0,0,0,0,1,0,0,0,0,0,1,0,0,0,0,0,0,0,0,0,1,0,0,1,0,0,2,5,4,3,6,3,3,1,4,3,2,1,0,6,4,5,4,8,2,5,8,8,9,11,8,4,8,13,6,10,1,4,2,7,4,3,3,2,1,1,4,0,3,3,2,0,2,1,1,0,0,0,0,0,0,0,0,1,0,0,0,0,0,0,0,0,0,0,0,0
,512.0,20180532439-00,행복한백화점 종합서비스데스크 공사(정보통신),(주)중소기업유통센터,서울,34406295.0,34715925.0,+2% ~ -2%,0.0,87.745,791.0,,0.89992,0,4,23,119,233,215,146,46,1,2,0,0,1,3,7,16,46,73,113,120,94,121,81,65,33,13,0,1,1,1,0,0,0,0,0,1,0,0,3,0,2,3,2,5,11,18,16,27,32,26,45,44,50,37,57,35,43,36,50,51,47,24,26,32,17,18,13,7,8,0,0,0,1,0,0,0,1,0,0,1,0,0,0,0,0,0,0,0,0,0,0,1,0,0,0,0,2,1,0,0,2,0,1,2,2,0,1,4,4,7,8,10,7,9,12,15,20,12,12,14,19,26,25,19,24,26,19,18,30,27,17,18,20,23,16,20,24,26,29,22,28,19,15,9,10,16,23,9,7,10,12,6,9,4,2,5,3,5,0,0,0,0,0,0,0,1,0,0,0,0,0,0,0,1,0,0,0,0,0,1
,517.0,20180509697-00,한국체육대학교 도서관(학생회관) 개축 통신공사,서울지방조달청/한국체육대학교,전국/서울,943710000.0,947697225.0,+2% ~ -2%,0.0,86.745,1044.0,기/의무,0.4225,1,9,46,162,279,289,181,59,15,0,0,1,2,7,13,33,75,87,129,150,134,155,125,56,47,12,7,8,0,0,0,0,0,0,1,0,2,1,2,4,2,6,8,14,16,20,33,35,25,49,47,55,51,64,62,40,72,63,62,52,58,43,40,18,22,21,19,9,5,5,1,3,6,2,3,0,0,0,0,0,0,0,0,0,0,0,0,0,0,1,0,0,1,1,0,1,0,2,2,2,1,1,2,4,5,3,11,3,7,9,7,13,15,18,22,13,14,11,24,25,25,22,22,33,27,24,29,35,32,30,17,23,27,45,22,41,33,29,33,19,27,31,21,22,24,16,9,9,12,10,13,8,11,8,7,2,5,0,1,4,1,0,2,1,3,3,2,0,3,0,0,0,0,0,0,0,0,0,0,0
,519.0,20180529737-00,디지털서울문화예술대학교 행정실 리모델링 공사(통신),디지털서울문화예술대학교,서울,27639440.0,27711425.0,+2% ~ -2%,0.0,87.745,933.0,기,0.26044,4,4,30,135,251,243,162,40,6,2,1,3,2,2,8,22,62,73,119,132,141,102,94,68,28,12,3,3,0,2,0,1,0,1,2,1,1,0,2,0,2,5,4,9,10,15,28,31,28,33,48,47,59,59,38,45,73,48,42,35,51,34,29,33,15,15,10,4,7,4,3,0,1,1,1,0,0,0,1,1,0,0,0,1,0,0,1,0,1,1,0,1,0,1,0,0,1,1,0,0,0,2,2,3,1,3,4,5,5,5,9,6,14,14,19,12,12,16,12,21,25,23,16,31,24,35,40,19,18,20,20,25,34,39,23,25,20,22,21,14,23,28,19,15,9,20,20,13,11,4,8,7,8,2,3,1,3,4,1,3,3,0,0,0,0,1,1,0,0,1,0,0,0,0,0,0,0,1,0,1
,520.0,20180531401-00,2018년 초등교육관 지붕설치 및 시설설비 보수공사(통신),서울지방조달청/교육부,서울,67707000.0,68210600.0,+2% ~ -2%,0.0,87.745,1003.0,기/협정,0.74379,4,6,48,147,296,271,158,63,3,1,1,3,4,2,14,34,56,91,125,171,128,143,98,60,47,16,2,1,1,0,0,1,0,1,2,1,3,0,2,0,5,5,9,14,15,15,29,25,42,36,44,50,63,71,68,46,57,61,49,58,51,31,28,25,23,15,22,14,10,2,0,1,2,0,0,0,0,1,0,0,0,0,0,1,0,0,1,0,2,0,0,1,1,2,0,0,1,1,0,0,4,1,2,3,4,5,5,9,8,7,6,9,11,18,12,13,20,22,18,18,22,22,29,21,31,32,44,27,43,25,18,28,28,29,25,36,28,21,27,31,27,24,10,21,16,12,13,12,16,7,5,10,14,8,10,4,5,5,2,0,0,0,1,0,1,1,0,0,0,0,0,0,0,0,1,0,0,0,0,0
,524.0,20180522841-00,GKL 강북 힐튼점 리모델링에 따른 정보통신 공사,그랜드코리아레저(주),서울,78067000.0,78432000.0,+2% ~ -2%,0.0,87.745,1007.0,기,0.46754,2,6,53,170,320,284,114,44,4,0,2,0,3,3,9,44,74,96,140,180,137,147,75,39,33,11,3,1,0,0,2,0,0,0,0,1,1,2,2,0,4,3,11,21,14,23,27,36,37,47,56,54,70,73,67,42,62,71,56,53,35,30,22,13,14,15,10,10,7,2,3,0,1,0,0,0,0,0,0,0,0,2,0,0,0,0,0,0,0,0,0,1,1,0,1,1,1,1,0,0,1,3,0,3,2,9,12,9,6,8,9,14,11,16,24,12,16,21,18,29,27,29,24,30,30,40,42,31,35,32,14,28,23,39,33,38,21,35,34,19,16,19,17,13,10,12,8,5,9,5,7,8,4,6,8,2,4,3,2,0,3,0,0,0,0,1,0,0,0,0,0,0,0,0,0,0,0,0,0,0
,528.0,20180522923-00,CCTV 시스템 개선 공사,국민건강보험공단,서울/인천/경기,66100000.0,66069800.0,+2% ~ -2%,0.0,87.745,2434.0,기,-0.04569,2,14,95,380,773,717,307,98,16,4,0,2,4,10,24,71,147,233,338,435,383,334,176,131,83,15,10,6,3,1,0,0,1,0,1,3,1,2,2,6,5,12,17,29,32,41,63,92,83,101,132,132,164,172,173,124,177,167,128,121,82,60,60,53,52,42,24,19,8,5,5,2,5,2,2,0,2,1,1,0,0,0,0,0,0,1,0,0,0,1,0,3,0,1,0,2,0,2,2,4,2,3,4,8,7,10,11,18,12,20,21,20,22,41,43,49,42,41,59,42,59,73,50,82,74,90,103,69,91,82,55,69,81,96,82,85,65,63,58,63,52,30,33,27,34,26,32,21,25,27,21,21,14,10,17,2,5,3,4,1,2,3,0,2,3,2,2,0,2,0,0,0,2,0,1,0,0,1,0,0
,537.0,20180511924-00,김포공항 외곽지역 보안용카메라(CCTV) 개량 정보통신공사,한국공항공사,서울,511917411.0,510980650.0,+2% ~ -2%,0.0,86.745,923.0,,-0.183,3,4,29,135,282,292,127,39,4,3,1,2,2,2,9,20,56,79,116,166,146,146,63,64,26,13,1,3,2,1,1,0,0,0,2,1,1,1,1,0,4,3,5,7,10,16,28,24,28,39,38,50,56,67,71,61,62,53,69,47,24,29,23,25,26,14,9,9,4,3,0,1,2,1,0,1,1,1,0,0,0,1,0,0,0,0,0,0,0,2,0,1,1,0,0,1,0,1,0,0,3,1,0,3,2,3,4,3,6,4,6,10,14,14,12,12,12,16,16,23,12,26,24,26,28,28,31,36,37,34,26,35,20,42,23,30,35,34,26,21,16,8,9,20,10,13,11,14,13,13,10,4,7,2,3,6,4,0,2,1,0,0,1,0,0,2,1,0,0,0,1,0,1,0,0,1,0,0,0,0
,539.0,20180512204-00,한국국방연구원-한국과학술원 아파트 CCTV 설치공사,국방부,서울,135204000.0,135606325.0,+2% ~ -2%,0.0,87.745,960.0,기,0.29756,1,5,36,155,311,306,113,29,0,0,1,0,2,3,12,24,55,100,137,174,169,137,60,53,19,10,0,0,0,0,0,1,0,0,0,1,1,0,1,2,3,6,6,9,12,21,26,23,42,43,60,43,74,79,55,61,82,60,56,47,29,22,14,24,24,10,6,8,2,3,0,0,0,0,0,0,0,0,0,0,0,0,0,1,0,0,0,0,0,0,0,1,1,0,0,0,0,1,2,0,3,0,1,5,3,3,5,4,7,5,10,11,9,17,8,15,20,22,22,21,26,34,21,22,34,40,36,43,36,19,26,35,34,48,26,34,32,24,25,22,19,10,11,11,9,5,12,12,13,11,6,4,1,5,3,5,0,2,0,3,0,0,0,0,0,0,0,0,0,0,0,0,0,0,0,0,0,0,0,0
,550.0,20180506809-00,국회 청사 CCTV 카메라 추가 설치공사,국회,서울,94000000.0,93697600.0,+2% ~ -2%,0.0,87.745,895.0,협정,-0.32171,1,5,43,146,290,267,103,33,3,1,1,0,1,4,8,35,58,88,132,158,140,127,73,30,24,9,3,0,1,0,0,1,0,0,0,1,0,0,2,2,3,4,5,8,23,15,27,28,40,36,41,57,63,74,55,34,75,59,55,44,32,27,19,14,11,16,6,5,4,2,2,0,1,0,0,1,0,0,0,0,0,0,0,1,0,0,0,0,0,0,0,1,0,0,0,0,0,2,2,0,1,2,1,3,1,4,5,3,11,12,6,9,11,16,16,12,20,20,15,21,22,19,25,32,34,29,38,36,31,24,18,16,36,39,31,28,25,30,17,27,15,17,7,20,14,5,10,4,4,7,8,8,3,3,2,3,2,2,1,1,1,1,0,0,1,0,0,0,0,0,1,0,0,0,0,0,0,0,0,0
,567.0,20180438118-01,김포공항 급유시설 누유감지시스템 구축 공사 (정정공고),한국공항공사,전국/서울,981734000.0,976447425.0,+2% ~ -2%,0.0,86.745,980.0,정/의무,-0.5385,1,4,33,139,271,327,140,48,10,1,1,0,1,3,5,28,57,82,129,142,171,156,93,47,36,12,5,5,1,0,0,0,1,0,0,0,0,1,3,0,2,3,4,9,15,22,20,27,37,33,43,61,44,69,54,52,81,75,78,41,43,32,27,22,16,14,14,12,5,3,3,1,1,4,1,1,0,0,0,0,0,0,0,0,1,0,0,0,0,0,0,0,0,0,1,0,1,2,0,0,1,1,1,2,0,4,2,7,6,9,10,12,10,10,15,12,21,16,17,16,15,28,22,39,25,19,38,31,32,22,28,24,45,36,38,37,40,38,24,17,27,16,13,19,18,9,11,11,8,8,9,5,3,11,8,4,1,4,2,1,3,0,1,0,1,0,2,2,1,0,0,1,0,0,0,0,0,0,0,0
,573.0,20180433804-00,은평서 석면제거 및 타공사(통신),경찰청,서울,22086900.0,22055725.0,+2% ~ -2%,0.0,87.745,788.0,기,-0.14115,1,1,37,114,192,225,149,52,8,0,0,1,1,0,9,28,54,60,91,101,124,101,106,43,35,17,8,0,0,0,0,0,0,0,1,0,1,0,0,0,2,4,8,10,13,18,19,24,24,29,27,45,39,47,34,38,60,51,41,35,52,44,17,17,19,20,12,10,10,0,5,2,1,0,0,0,0,0,0,0,0,0,0,0,0,0,0,0,1,0,0,0,1,0,0,0,0,0,0,0,0,2,0,4,3,5,4,6,5,8,9,9,12,7,17,7,11,13,17,12,15,12,22,23,19,20,32,15,18,16,20,18,26,34,26,25,25,16,17,18,26,26,26,18,10,7,7,10,12,7,13,7,7,5,3,7,6,4,0,0,4,1,1,1,1,0,0,0,0,0,0,0,0,0,0,0,0,0,0,0
,574.0,20180431562-00,경찰병원 장례식장 빈소 안내시스템(ERP)교체,경찰청,서울/인천/경기,38040200.0,38126400.0,+2% ~ -2%,0.0,88,117.0,물품/기,0.2266,0,0,4,10,25,39,19,15,2,0,0,0,0,0,0,4,2,8,12,13,21,18,9,10,10,5,1,1,0,0,0,0,0,0,0,0,0,0,0,0,0,0,0,2,2,1,1,3,4,1,5,7,2,6,5,9,11,3,11,5,5,3,2,3,6,3,6,3,3,0,1,0,1,0,0,0,0,0,0,0,0,0,0,0,0,0,0,0,0,0,0,0,0,0,0,0,0,0,0,0,0,0,0,0,0,0,1,1,2,0,1,0,0,1,0,3,3,1,0,1,4,1,5,2,0,2,3,3,3,2,5,4,7,4,1,2,6,5,3,2,2,3,1,2,1,1,3,0,1,5,2,1,3,3,1,2,2,1,0,0,1,0,0,0,0,1,0,0,0,0,0,0,0,0,0,0,0,0,0,0
,580.0,20180412650-00,서울대학교 의과대학 실험동물실 환경개선 통신 공사,서울대학교,서울/경기,29137000.0,28973300.0,+2% ~ -2%,0.0,87.745,1555.0,,-0.56183,3,5,54,220,416,478,275,75,13,2,0,3,0,5,16,38,92,128,222,194,254,224,188,87,46,29,8,5,1,1,0,0,1,0,2,0,0,0,2,3,4,8,11,17,14,30,38,45,51,56,83,84,81,81,87,99,114,87,91,87,78,71,60,39,27,24,18,10,16,7,5,3,1,2,2,1,0,0,1,0,0,0,0,0,0,1,0,0,1,1,0,0,0,0,0,0,0,2,2,1,3,1,3,5,4,7,9,8,12,2,15,15,22,16,24,21,23,28,27,29,48,35,38,46,55,26,35,46,47,40,45,54,44,70,41,46,37,54,47,40,39,39,38,33,39,21,21,18,19,8,11,13,8,10,4,6,9,7,3,4,2,3,1,2,0,1,0,2,2,0,0,1,0,0,0,0,1,0,0,0
,595.0,20180410550-00,김포공항 항공훈련센터 확장 정보통신공사,한국공항공사,서울,92339328.0,92766925.0,+2% ~ -2%,0.0,87.745,953.0,,0.46307,0,2,42,126,274,280,164,51,10,2,0,0,0,2,9,33,51,75,134,140,132,148,97,67,41,10,6,4,0,2,0,0,0,0,0,0,0,0,1,1,2,4,5,10,21,17,22,29,22,36,45,58,65,53,53,54,58,46,68,54,40,33,43,28,20,12,22,10,5,2,6,0,0,3,1,0,0,1,0,1,0,0,0,0,0,0,0,0,0,0,0,0,0,0,0,0,0,1,0,1,0,2,2,2,3,2,4,6,12,9,7,10,11,11,12,17,10,12,24,12,22,23,26,32,31,34,28,25,25,28,31,23,32,26,20,26,28,40,31,23,22,18,17,16,24,19,15,13,15,5,6,6,11,11,7,3,1,4,2,0,3,3,0,0,0,0,2,1,1,0,0,0,0,0,0,1,0,0,0,1
,596.0,20180344341-00,김포공항 외곽울타리 개량에 따른 장력시스템 교체공사,한국공항공사,전국/서울,1274598000.0,1274222050.0,+2% ~ -2%,0.0,86.745,865.0,의무,-0.0295,0,6,36,112,220,256,146,50,27,6,0,0,0,6,12,24,41,71,111,109,131,125,90,56,38,12,16,11,2,4,0,0,0,0,0,0,0,3,1,2,5,5,3,7,16,10,22,24,22,34,24,61,50,37,48,41,67,39,55,54,43,31,30,24,18,18,9,14,4,5,11,2,5,6,3,2,0,0,1,3,0,0,0,0,0,0,0,0,0,0,0,0,0,0,0,3,0,1,1,1,1,4,3,2,2,1,3,4,11,5,4,6,10,12,9,15,9,13,20,14,12,12,25,36,26,24,20,17,21,27,10,31,35,32,23,16,33,22,28,26,20,23,15,16,16,14,12,12,11,7,7,11,3,6,11,3,3,1,3,2,7,4,1,1,3,2,4,2,3,0,1,1,0,0,0,0,1,0,2,1
,635.0,20180234956-00,강서경찰서 청사 신축 통신공사,서울지방조달청/경찰청,전국/서울,1653721000.0,1653679700.0,+2% ~ -2%,0.0,86.745,882.0,기/의무,-0.0025,0,6,40,124,238,266,119,47,25,10,0,0,1,5,13,27,49,75,117,121,132,134,85,34,29,18,14,11,6,4,0,0,0,0,0,0,0,2,2,2,4,6,8,10,12,14,20,27,29,34,32,61,52,48,45,51,57,59,49,50,43,30,22,13,11,11,13,11,6,6,5,5,8,3,4,4,2,0,4,0,0,0,0,0,0,0,0,0,0,0,0,0,0,0,1,1,0,2,1,1,3,1,3,3,3,5,7,3,9,3,9,5,8,12,15,12,18,11,17,17,11,21,25,36,24,28,22,26,29,16,21,30,23,34,24,35,28,21,29,21,26,17,15,15,12,10,8,5,7,4,7,4,7,6,5,6,2,4,5,1,4,1,1,4,4,4,2,1,3,1,1,3,1,1,0,0,2,2,0,0
,638.0,20180317773-00,서울대학교치과병원 융복합치의료센터 통신공사,서울대학교치과병원,서울,667315000.0,662865725.0,+2% ~ -2%,0.0,86.745,929.0,기,-0.66675,1,5,33,133,266,318,115,39,15,1,1,0,1,4,7,26,47,86,111,155,169,149,78,37,27,12,10,5,1,0,0,1,0,0,0,0,1,0,1,3,2,4,8,10,9,9,24,32,39,29,38,54,43,54,77,59,75,71,59,54,38,26,20,16,15,10,10,12,2,5,3,4,4,2,2,0,1,0,0,0,0,0,1,0,0,0,0,0,0,0,0,0,0,1,0,0,0,1,1,2,1,1,0,4,1,7,3,7,5,4,4,5,7,17,14,18,24,15,15,14,25,13,20,34,19,24,27,27,42,35,33,26,34,41,35,36,38,21,25,29,26,12,14,12,14,6,8,8,7,8,3,7,3,7,7,5,0,2,4,1,3,0,0,4,3,1,1,1,1,1,0,0,0,1,0,0,0,0,0,0
,642.0,20180236881-00,보안수사대 통합청사 신축공사(통신),서울지방조달청/경찰청,서울,736152000.0,744236825.0,+2% ~ -2%,0.0,86.745,876.0,기/협정,1.09825,0,5,31,146,254,242,141,39,5,3,0,0,0,5,3,28,64,82,123,131,123,119,99,42,28,11,2,3,2,1,0,0,0,0,0,0,0,0,3,2,0,2,5,10,14,14,32,30,39,31,40,55,42,48,69,43,54,59,50,36,50,33,21,22,15,11,11,11,2,4,0,1,1,1,2,1,1,0,0,1,0,0,0,0,0,0,0,0,0,0,0,0,0,0,0,0,1,2,2,0,0,0,1,1,1,4,4,6,6,8,5,9,12,20,18,12,22,17,18,13,20,20,27,28,28,14,24,24,37,32,17,26,22,32,26,33,29,21,17,19,24,26,15,18,16,5,8,14,6,9,4,7,4,7,6,5,0,2,2,2,0,0,1,0,1,0,1,0,2,0,0,1,0,1,0,0,0,0,0,1
,658.0,20180301115-00,정부서울청사 공무직 사무실 통신망 구축공사,행정안전부,서울,42900000.0,42740250.0,+2% ~ -2%,0.0,87.745,987.0,,-0.37238,0,6,41,144,312,289,144,44,3,1,0,0,1,5,8,33,53,91,123,189,134,155,86,58,28,16,1,2,1,0,0,0,0,0,0,0,1,1,3,1,0,7,5,12,17,14,26,29,28,47,42,49,64,85,72,52,59,72,59,47,40,35,27,21,21,9,16,9,6,4,0,1,2,0,0,0,0,1,0,0,0,0,0,0,0,0,0,0,0,0,0,0,1,0,0,1,1,2,0,1,0,0,0,7,1,4,6,6,9,8,2,12,9,17,13,16,14,14,21,26,20,22,20,29,32,32,49,36,31,41,24,28,27,32,23,49,31,28,22,25,23,17,16,19,11,16,11,10,12,9,5,4,7,9,3,6,5,1,3,1,0,0,0,1,0,2,0,0,0,0,0,0,0,0,1,0,0,0,0,0
,664.0,20180229939-00,서울우정교육센터 리모델링 정보통신공사,과학기술정보통신부,서울,243070000.0,243961525.0,+2% ~ -2%,0.0,87.745,982.0,기,0.36677,2,7,39,152,312,285,132,42,6,2,0,2,0,7,10,29,64,88,147,165,140,145,75,57,36,6,4,2,0,2,0,0,0,0,2,0,0,0,2,5,5,2,8,9,15,19,32,24,32,45,50,63,64,56,79,58,54,65,56,52,31,34,22,30,15,25,9,3,3,2,3,1,0,0,2,0,0,0,1,1,0,0,0,0,0,0,0,0,1,1,0,0,0,0,0,0,0,2,2,3,2,3,0,2,3,5,4,5,8,7,10,9,16,16,13,11,16,16,24,21,21,29,30,33,34,30,28,28,48,31,28,30,28,26,28,37,34,22,30,22,18,13,21,13,10,12,14,16,9,6,17,8,7,2,2,1,3,0,2,0,1,2,1,0,0,0,0,0,0,2,0,0,0,0,0,0,1,0,1,0
,673.0,20180214208-00,병원동 2층 리노베이션 공사(정보통신),서울지방조달청/한국원자력의학원,서울,267548000.0,270339925.0,+2% ~ -2%,0.0,87.745,927.0,기/협정,1.04352,1,5,36,134,283,295,135,33,3,1,0,1,1,4,9,27,58,76,145,138,160,135,93,42,24,9,2,1,1,0,0,0,0,1,0,1,0,0,2,2,4,3,6,11,12,16,26,32,26,34,45,67,51,65,55,55,71,69,54,46,47,36,18,17,17,10,7,10,4,2,0,1,2,0,0,1,0,0,0,0,0,0,0,0,0,0,1,0,0,0,1,0,0,0,0,0,1,1,0,2,2,2,1,2,2,4,5,6,5,7,6,10,9,17,16,16,14,12,14,20,17,28,38,29,33,18,46,19,38,17,31,24,38,33,34,35,29,25,28,18,26,21,19,17,10,8,10,7,10,7,7,3,3,4,7,3,4,0,0,2,0,0,1,0,1,1,0,0,0,0,1,0,0,0,0,0,0,0,0,0
,681.0,20180212479-00,해동학술정보실 외 3건 조성 통신공사 입찰 공고,서울과학기술대학교,서울,111461000.0,111408400.0,+2% ~ -2%,0.0,87.745,957.0,,-0.0472,0,8,34,116,301,304,144,30,4,2,0,0,3,5,12,22,45,71,155,146,125,179,96,48,20,10,2,2,2,0,0,0,0,0,0,0,3,2,3,0,4,5,7,6,12,18,14,18,36,30,53,71,49,61,67,39,54,62,73,76,40,36,31,19,18,11,6,8,2,3,0,2,0,2,0,1,1,0,0,0,0,0,0,0,0,0,0,0,0,0,0,0,1,2,0,2,0,3,0,0,2,2,2,3,3,4,4,2,6,6,9,9,8,6,13,5,20,16,20,10,17,36,37,34,31,18,40,21,40,27,18,21,21,33,32,30,35,38,33,43,23,17,17,19,20,11,11,8,9,9,6,5,3,3,3,5,1,1,3,0,0,0,2,0,0,0,2,0,0,0,0,1,1,0,0,0,0,0,0,0
,682.0,20180211734-00,서울과학기술대학교 학생회관 리모델링 통신공사,서울과학기술대학교,서울,166072000.0,165962025.0,+2% ~ -2%,0.0,87.745,994.0,,-0.06623,1,6,33,135,308,316,146,36,2,4,0,1,2,4,13,20,57,78,164,144,142,174,106,40,24,12,2,0,1,3,0,0,0,0,1,0,2,2,2,0,3,7,5,6,12,17,23,22,39,34,56,73,54,64,61,46,66,63,64,77,46,41,31,12,16,6,12,11,2,5,1,0,1,0,0,1,0,1,1,1,0,0,0,0,0,0,0,0,0,1,0,0,1,1,0,2,0,2,0,0,1,2,3,4,3,2,5,1,6,6,8,9,12,11,17,5,24,15,19,15,20,36,39,34,35,19,38,26,37,24,16,30,31,35,30,33,29,35,33,44,29,17,20,21,19,12,6,6,9,7,3,3,6,6,6,5,0,2,4,1,0,1,0,0,1,0,0,0,0,0,1,0,0,0,0,1,0,1,0,1
,699.0,20180203127-00,충암초등학교 열람실 및 특별실 설치 공사(통신),서울특별시서부교육청,서울,24021000.0,23866575.0,+2% ~ -2%,0.0,87.745,907.0,,-0.64288,1,6,30,123,246,264,159,62,7,3,1,0,1,5,8,22,55,68,124,122,122,142,95,64,40,22,5,2,2,1,1,0,0,0,0,0,1,0,5,0,0,5,7,7,11,20,24,20,27,32,42,53,40,56,55,49,50,56,62,47,42,30,42,21,24,14,14,17,11,6,5,0,0,2,0,1,1,0,0,1,1,0,0,0,0,0,0,0,0,0,0,0,1,0,0,0,1,4,0,0,0,0,1,4,3,4,2,5,4,7,9,11,13,11,11,9,15,12,13,19,20,22,22,31,29,11,37,19,30,25,23,26,27,23,23,33,26,36,23,24,20,22,10,20,23,19,9,12,13,11,9,5,5,9,12,5,5,6,3,3,3,2,0,0,0,0,1,1,0,0,1,0,1,0,0,0,0,0,0,1
,701.0,20180208394-00,서일국제경영고 전관방송설비 개선공사 (긴급공고),서울특별시교육청,서울,49901000.0,49827575.0,+2% ~ -2%,0.0,87.745,933.0,기,-0.14715,0,7,65,127,248,268,169,41,3,0,0,0,1,6,11,54,59,68,99,149,94,174,106,63,30,11,3,0,0,0,0,0,0,0,0,0,0,3,3,1,1,5,14,14,31,16,26,27,25,33,32,45,51,58,62,37,38,49,65,79,37,47,39,25,21,17,12,5,5,2,3,0,0,0,0,0,0,0,0,0,0,0,0,0,0,0,0,0,0,0,0,0,0,0,1,2,1,2,1,0,1,0,1,4,5,9,4,10,15,16,9,7,11,15,17,10,19,6,18,15,11,21,23,22,22,29,42,16,35,27,23,14,20,18,19,30,32,33,44,35,17,20,23,24,22,17,16,9,10,11,12,5,3,9,1,4,1,4,1,1,2,1,0,0,0,0,0,0,0,0,0,0,0,0,0,0,0,0,0,0
,719.0,20180124347-00,한국자산관리공사 홍릉 지식협력단지 시설물 공사(정보통신),한국자산관리공사,서울,159940000.0,159713725.0,+2% ~ -2%,0.0,87.745,976.0,,-0.14148,0,9,37,163,300,242,163,48,6,1,0,0,3,6,9,28,55,108,146,154,119,123,108,55,33,15,5,1,1,0,0,0,0,0,0,1,1,1,3,3,3,5,8,12,9,21,19,28,32,63,50,64,51,55,80,54,44,52,42,50,63,27,26,20,27,14,10,15,7,2,3,2,0,0,1,1,0,0,0,0,0,0,0,0,0,0,0,0,0,0,0,1,0,1,1,0,2,1,3,0,0,3,1,4,1,7,6,6,5,4,8,13,6,13,15,13,14,18,31,32,22,28,33,31,32,19,29,26,35,45,27,27,19,25,21,31,19,23,29,21,30,33,16,11,18,8,9,11,17,10,6,8,5,5,9,6,2,5,2,0,1,2,1,1,0,0,0,0,0,1,0,1,0,0,0,0,0,0,0,0
,727.0,20180116062-00,중대부중 노후방송설비 교체공사 (긴급공고),서울특별시동작교육청,서울,107800000.0,107188275.0,+2% ~ -2%,0.0,87.745,911.0,기,-0.56747,0,10,35,151,265,268,126,44,6,3,0,0,3,7,13,22,60,91,129,136,135,133,80,46,36,8,4,2,3,0,0,0,0,0,0,1,2,1,3,3,4,4,8,5,14,16,24,38,30,43,29,59,63,49,65,51,59,55,70,33,33,34,21,26,12,17,10,12,4,1,3,1,0,1,1,1,2,0,0,0,0,0,0,0,0,0,0,0,0,0,0,1,0,2,0,1,3,0,0,3,0,4,0,4,5,3,4,1,8,6,6,10,10,14,20,18,15,15,18,25,16,13,25,34,41,22,26,23,27,38,25,26,27,32,25,30,44,26,17,16,18,15,10,24,13,8,15,11,5,7,11,6,4,6,9,3,4,0,1,0,1,2,0,1,0,0,0,1,1,0,0,1,1,1,0,0,0,0,0,0
,34.0,E011812442,154kV 지축E/C 전력통신설비 시설공사,한국전력공사,서울/경기,131637000.0,132326094.0,+2% ~ -2%,0.0,87.745,1735.0,,0.52348,3,7,76,353,505,409,282,72,11,2,3,0,3,4,17,59,125,228,237,268,203,206,194,88,48,24,9,2,2,0,1,2,0,0,0,0,1,2,1,3,9,4,13,22,28,53,56,59,95,90,93,106,94,111,101,79,86,76,87,81,70,89,60,40,23,21,19,12,15,5,6,3,0,1,1,1,1,0,0,0,0,1,1,1,0,0,0,0,0,0,0,0,0,1,2,0,0,1,1,2,5,4,2,2,4,9,15,7,14,14,20,33,26,30,16,43,48,47,41,49,49,44,46,60,38,56,57,54,54,47,40,39,38,48,38,38,46,41,42,39,35,35,45,44,35,25,23,17,9,14,12,9,13,6,8,4,11,4,2,3,2,4,2,1,0,0,0,1,0,1,0,1,0,1,0,0,0,0,0,0
,210.0,E011810304,신정변전소 무인보안시스템 교체공사,한국전력공사,서울,91979800.0,92103667.0,+2% ~ -2%,0.0,87.745,742.0,,0.13466,1,8,27,134,217,209,102,29,6,1,0,1,1,7,7,20,68,66,95,122,109,100,65,37,21,8,4,2,1,0,0,0,0,0,1,0,1,2,3,2,4,3,2,10,8,16,36,28,28,26,31,40,38,53,55,43,45,42,45,34,30,22,17,17,16,9,9,5,4,2,1,2,1,1,1,1,0,0,0,0,0,0,0,0,0,0,0,0,1,0,0,0,1,0,0,2,2,1,0,2,3,1,0,3,0,2,3,7,3,5,6,10,15,21,16,12,13,15,17,9,10,21,20,20,24,14,19,34,25,30,24,19,26,19,21,21,21,24,16,18,15,15,8,14,13,4,9,8,6,10,3,6,3,6,3,2,2,2,2,0,0,1,1,1,1,0,0,1,1,0,1,0,0,0,0,0,0,0,0,0
,235.0,E011810152,154kV 교대S/S 노후 무인보안시스템 교체공사,한국전력공사,서울,148657300.0,146917110.0,+2% ~ -2%,0.0,87.745,794.0,,-1.17061,1,2,29,129,285,187,121,19,6,1,0,1,0,2,10,19,57,72,127,158,110,77,75,46,13,6,2,4,1,0,0,0,0,0,1,0,0,1,0,1,2,5,5,7,10,11,26,36,27,29,44,62,44,61,74,44,49,39,27,28,40,26,17,20,18,7,3,6,2,1,1,1,1,1,2,0,1,0,0,0,0,0,0,0,0,0,0,0,0,1,0,0,0,0,0,1,0,0,0,1,1,1,3,2,3,2,3,4,8,2,4,7,13,13,20,16,17,10,14,15,20,24,29,33,21,23,29,32,38,36,24,20,23,26,17,22,13,14,13,15,23,17,16,10,9,8,11,9,10,8,4,3,2,1,3,3,2,0,1,0,0,1,0,1,0,1,0,1,0,2,0,0,1,0,0,0,0,0,0,0
,238.0,E011810215,당인리S/S 보안감시시스템 교체공사,한국전력공사,서울,73125583.0,73487811.0,+2% ~ -2%,0.0,87.745,817.0,,0.49535,0,2,25,156,253,221,130,20,0,1,0,0,0,2,8,17,59,97,112,141,98,123,80,50,17,3,0,0,1,0,0,0,0,0,0,0,0,0,0,2,2,4,4,5,10,15,26,37,40,38,47,45,37,55,69,40,40,40,53,47,44,33,13,23,18,7,7,4,1,1,0,0,0,0,0,0,1,0,0,0,0,0,0,0,0,0,0,0,0,0,0,0,0,0,0,0,0,0,0,2,1,1,1,3,2,2,0,5,4,6,4,11,15,11,18,19,18,22,24,14,15,32,20,25,20,17,28,27,41,28,21,19,19,21,18,22,25,28,26,21,24,20,15,18,4,9,19,4,10,8,3,4,4,3,3,1,1,0,1,0,0,0,0,0,0,0,0,0,0,0,0,0,0,1,0,0,0,0,0,0
,240.0,E011810068,남서울본부 송변전 광단말장치 시설공사(전자제어부),한국전력공사,서울/경기,251029900.0,249693577.0,+2% ~ -2%,0.0,87.745,1761.0,,-0.53234,1,5,78,316,558,444,260,74,9,7,1,0,0,5,29,49,136,180,235,323,204,240,143,117,56,18,7,2,5,2,0,1,0,0,0,0,0,0,3,2,12,14,10,21,21,48,50,65,74,79,78,91,137,112,140,79,88,89,89,98,75,49,50,36,51,24,19,17,9,5,6,1,0,1,1,4,1,0,2,0,0,0,1,0,0,0,0,0,0,0,0,0,0,0,0,0,3,0,0,2,9,3,5,9,3,7,9,12,10,11,22,26,23,27,38,27,34,40,34,45,31,47,37,54,66,71,62,50,79,61,31,48,41,47,37,52,39,50,55,43,38,37,24,25,20,30,23,13,25,26,11,13,8,11,13,4,2,7,2,3,2,4,0,1,0,0,0,1,1,0,3,1,1,0,0,0,1,1,0,0
,241.0,E011810014,남서울본부 송변전계통 광통신선로 시설공사(전자제어부),한국전력공사,서울,171826600.0,171688923.0,+2% ~ -2%,0.0,87.745,766.0,,-0.08013,0,4,27,108,243,221,119,30,3,4,0,0,1,3,13,14,46,62,113,130,106,115,73,46,26,4,1,2,3,1,0,0,0,0,0,0,0,1,3,0,4,6,6,2,9,17,16,26,21,28,38,54,56,61,34,33,50,46,36,56,38,25,23,14,19,9,13,6,2,0,1,0,1,1,0,3,0,0,1,0,0,0,0,0,0,0,0,0,0,0,0,0,0,0,1,0,2,1,0,0,2,2,5,1,3,3,0,2,5,4,6,11,9,7,13,13,13,8,16,12,19,19,27,27,21,35,32,29,19,15,17,16,26,24,23,23,15,21,31,25,20,18,17,8,10,13,10,4,9,10,6,3,8,5,4,2,0,2,0,0,0,1,0,0,0,1,0,1,0,0,1,2,0,0,0,0,1,0,0,0
,268.0,E011809829,154kV 풍납S/S 노후 무인보안시스템 교체공사,한국전력공사,서울,122607100.0,122565073.0,+2% ~ -2%,0.0,87.745,761.0,,-0.03428,3,2,25,150,244,209,100,17,5,2,0,3,1,1,10,15,53,97,107,137,105,104,62,38,12,5,4,1,2,0,0,0,0,0,3,0,0,1,0,1,4,3,3,5,10,14,26,28,46,36,44,41,56,55,48,47,42,40,38,42,28,26,12,16,18,6,5,1,2,3,3,0,1,0,1,1,1,0,0,0,0,0,0,0,0,0,0,0,2,1,0,0,0,0,1,0,0,0,0,1,2,2,0,3,3,0,4,1,4,6,3,11,6,20,13,15,29,17,17,19,12,32,17,24,22,34,29,26,23,25,24,23,27,15,16,24,21,17,20,22,16,12,10,16,8,4,9,7,9,9,4,2,3,2,1,0,2,0,2,1,2,1,0,0,1,0,0,0,0,1,1,0,0,1,0,0,0,0,0,0
,302.0,E011809348,18년 하반기 변압기공동이용 자고객 원격검침 통신망 시설공사,한국전력공사,서울,442388100.0,441936463.0,+2% ~ -2%,0.0,86.745,699.0,,-0.1021,2,0,29,119,204,214,104,12,6,1,1,1,0,0,10,19,47,72,126,78,99,115,53,51,9,3,4,2,1,0,1,0,0,1,0,0,0,0,0,0,2,6,4,9,8,11,27,22,26,33,40,61,45,27,31,32,42,50,55,35,33,16,14,17,24,4,5,1,0,2,2,1,1,1,1,0,1,0,0,0,1,0,0,0,0,0,1,0,0,0,0,0,0,0,0,0,0,0,0,0,1,1,5,1,2,2,4,5,1,7,2,9,13,14,9,13,14,12,15,18,21,19,30,31,25,20,19,8,16,15,16,16,20,22,25,25,36,19,19,16,19,14,8,8,4,10,9,8,9,15,1,3,3,2,0,1,0,0,1,1,0,2,1,0,1,0,0,1,1,0,0,0,1,0,0,0,0,0,0,0
,312.0,E011809058,"154kV 여의,노들S/S 노후 무인보안시스템 교체공사(전자제어부)",한국전력공사,서울,225764000.0,225643100.0,+2% ~ -2%,0.0,87.745,747.0,,-0.05356,0,0,28,127,195,233,133,19,5,4,0,0,0,0,6,22,55,72,97,98,118,115,83,50,15,4,3,2,4,0,0,0,0,0,0,0,0,0,0,0,2,1,6,10,9,16,23,29,29,30,33,38,43,39,42,42,50,54,51,36,37,29,28,23,16,9,6,1,3,0,2,1,0,1,1,1,2,1,0,0,0,0,0,0,0,0,0,0,0,0,0,0,0,0,0,0,0,0,0,0,2,0,1,0,3,3,3,7,3,6,9,7,12,11,16,13,12,17,14,16,13,20,14,24,26,17,21,18,25,17,22,20,21,29,26,28,31,20,19,17,22,15,15,14,17,11,11,12,11,5,3,6,4,2,0,1,3,0,0,0,1,1,1,0,0,0,1,0,1,0,0,1,0,2,1,0,0,0,0,0
,323.0,E011808857,대치S/S ICT실 이전공사,한국전력공사,서울,94286500.0,94013748.0,+2% ~ -2%,0.0,87.745,711.0,,-0.28929,0,5,22,122,207,208,115,21,4,1,0,0,1,4,6,16,44,78,120,87,87,121,58,57,15,6,2,2,1,0,0,0,0,0,0,1,0,0,1,3,3,3,2,6,8,13,18,29,34,28,46,52,39,35,35,33,32,54,60,29,26,26,20,21,22,8,5,3,3,2,0,2,0,0,2,0,0,1,0,0,0,0,0,0,0,0,0,0,0,0,0,1,0,0,0,0,1,0,1,2,2,1,1,2,0,2,3,3,5,3,6,7,7,11,13,16,13,21,18,10,22,24,27,25,22,17,16,19,20,15,13,20,13,19,22,32,33,27,19,10,9,17,13,13,6,14,14,7,14,8,7,1,2,3,2,1,0,3,0,2,0,0,0,2,0,0,0,0,1,1,0,0,0,0,1,0,0,0,0,0
,328.0,E011808954,2018년 송변전 광단말장치 시설공사,한국전력공사,서울,61352214.0,61750985.0,+2% ~ -2%,0.0,87.745,737.0,,0.64997,0,2,21,153,203,215,102,32,2,0,0,0,1,1,5,16,65,88,109,94,103,112,65,37,22,10,1,1,0,0,0,0,0,0,0,0,1,0,0,1,1,4,3,7,6,18,33,38,37,27,43,47,42,40,31,25,58,39,48,45,30,20,23,15,14,14,3,9,3,3,0,1,0,1,0,0,0,0,0,0,0,0,0,0,0,0,0,0,0,0,0,0,1,0,0,0,0,0,0,1,0,1,1,3,0,3,4,3,3,3,6,12,16,17,14,24,16,21,14,13,22,21,22,25,19,23,23,17,17,14,11,14,28,30,20,19,25,23,24,21,14,16,10,10,15,8,10,5,8,6,9,5,1,2,5,4,1,2,1,2,0,0,1,0,0,0,0,1,0,0,0,0,0,0,0,0,0,0,0,0
,361.0,E011808253,마곡 택지지구 2차 DAS용 자가광통신망 구축공사(ICT운영부),한국전력공사,서울,292843677.0,294288742.0,+2% ~ -2%,0.0,87.745,762.0,,0.49345,2,4,16,128,226,217,124,27,5,3,0,2,2,2,5,11,54,74,118,108,104,113,79,45,19,8,4,1,2,1,0,0,0,2,0,0,2,0,1,1,2,1,4,4,5,12,26,28,29,33,42,50,51,41,42,51,40,40,56,30,32,32,22,20,18,11,7,4,2,3,3,0,1,0,1,1,1,1,0,0,0,0,0,0,0,0,0,2,0,0,0,0,2,0,0,0,1,0,0,1,2,0,1,0,2,2,1,3,4,1,5,7,14,12,16,12,16,13,14,19,18,24,23,27,26,25,25,16,22,20,26,25,22,18,13,27,33,23,13,17,18,14,15,17,15,7,6,14,8,10,5,6,5,2,1,3,2,0,2,1,0,3,0,0,1,0,0,0,0,1,0,1,1,0,0,1,0,0,0,0
,378.0,E011808027,하반기 자고객 원격검침망 구축공사,한국전력공사,서울,159280000.0,159968248.0,+2% ~ -2%,0.0,87.745,681.0,,0.43209,0,0,29,126,199,189,109,15,6,0,0,0,0,0,8,21,58,68,90,109,90,99,72,37,10,5,4,2,0,0,0,0,0,0,0,0,0,0,0,0,2,4,3,9,11,16,28,31,26,25,40,37,35,41,46,24,52,37,31,45,34,26,19,16,14,6,4,1,1,3,1,3,1,0,1,0,0,0,0,0,0,0,0,0,0,0,0,0,0,0,0,0,0,0,0,0,0,0,0,0,2,0,0,4,2,1,3,6,6,5,5,11,14,14,14,17,11,15,14,11,22,18,21,16,13,22,24,17,27,19,13,11,29,23,14,23,17,14,24,21,12,22,12,14,12,7,9,7,8,6,3,3,3,1,0,1,1,0,1,2,1,0,3,0,0,1,0,0,0,1,0,0,0,0,0,0,0,0,0,0
,458.0,E011806885,서대문은평지사 배전계통 자가 광통신망 증설공사,한국전력공사,서울,183293000.0,182047331.0,+2% ~ -2%,0.0,87.745,708.0,,-0.67961,0,1,18,132,215,212,99,20,2,0,0,0,1,0,6,12,58,74,100,115,117,95,62,37,15,5,1,1,0,0,0,0,0,0,0,1,0,0,0,0,2,3,3,4,6,15,27,33,31,26,43,40,38,48,46,29,62,49,36,36,42,16,12,12,17,9,5,2,1,3,1,0,0,0,1,0,0,0,0,0,0,0,0,0,0,0,0,0,0,0,0,1,0,0,0,0,0,0,0,0,1,1,0,3,1,2,4,0,3,3,5,10,11,16,16,17,20,11,15,11,18,25,24,16,17,21,21,27,26,20,14,15,28,34,26,23,24,12,17,19,23,19,9,7,4,8,7,5,7,10,5,4,1,4,1,1,1,0,2,1,0,1,0,0,0,0,0,0,0,1,0,0,0,0,0,0,0,0,0,0
,487.0,E011806270,흥인S/S 등 2개소 노후 보안감시시스템 교체공사,한국전력공사,서울,109304800.0,108652637.0,+2% ~ -2%,0.0,87.745,716.0,,-0.59665,4,3,26,98,238,219,102,19,0,1,1,3,0,3,8,18,36,62,119,119,116,103,62,40,17,2,0,0,1,0,1,0,0,1,2,0,0,1,0,2,2,3,6,5,10,18,13,15,21,31,41,50,58,50,39,38,60,43,48,30,36,20,14,15,17,11,6,1,0,1,0,0,0,0,0,1,0,0,0,0,0,1,0,0,0,0,1,0,1,1,0,0,0,0,0,1,0,0,1,1,0,2,1,2,3,3,2,3,2,8,6,12,6,7,5,10,11,10,15,16,17,24,29,21,28,30,29,21,23,16,19,19,25,35,18,25,28,20,17,13,18,18,11,9,6,8,6,9,10,7,4,7,3,3,0,1,0,0,1,0,0,0,0,0,0,0,0,0,0,0,0,1,0,0,0,0,0,0,0,0
,518.0,E011805744,345kV 미금성동T/L 전력구 감시시스템 화상설비 보강공사,한국전력공사,서울,689734100.0,688509165.0,+2% ~ -2%,0.0,86.745,489.0,정/협정,-0.1776,0,2,21,95,170,118,69,10,2,1,0,0,0,2,7,14,40,55,81,89,61,57,48,21,5,5,1,1,1,0,0,0,0,0,0,0,0,1,0,1,1,5,3,7,5,15,15,20,24,21,26,38,35,41,30,26,28,21,23,20,21,20,13,4,11,3,2,1,3,1,0,0,1,0,1,0,1,0,0,0,0,0,0,0,0,0,0,0,0,0,0,0,0,0,0,1,0,0,0,1,0,1,2,3,1,2,3,4,3,2,5,10,11,4,10,10,15,9,11,10,13,13,14,24,17,18,17,24,18,12,13,13,14,14,7,14,12,11,12,8,11,10,10,10,7,6,3,1,5,6,1,2,1,1,0,1,2,1,1,0,0,0,0,0,1,0,0,0,0,1,0,0,1,0,0,0,0,0,0,0
,530.0,E011805516,마포용산지사 리모델링 사옥 통신공사,한국전력공사,서울,674362057.0,678442187.0,+2% ~ -2%,0.0,86.745,735.0,,0.60503,2,5,41,127,283,171,77,13,5,4,1,1,3,2,15,26,58,69,135,148,96,75,43,34,10,3,4,1,4,0,1,0,0,1,0,0,2,1,0,2,4,7,7,7,16,24,24,20,25,34,54,58,48,73,50,41,40,38,22,30,22,17,14,7,17,8,2,1,1,1,4,0,0,0,1,2,0,2,0,0,1,0,0,0,0,0,0,1,0,0,0,0,1,1,1,0,0,0,0,2,2,2,2,5,4,3,2,5,5,11,7,17,13,11,10,10,12,13,15,19,25,29,27,31,23,25,41,32,24,26,21,20,21,19,15,23,9,13,20,10,15,7,9,8,4,10,5,2,9,8,3,5,1,1,0,1,0,1,1,0,2,2,0,0,0,0,0,0,1,0,2,0,0,0,2,0,0,0,0,0
,540.0,E011805304,강남P/O 관내 광케이블 보강공사,한국전력공사,서울/경기,27717250.0,27936889.0,+2% ~ -2%,0.0,87.745,1633.0,,0.79242,2,6,67,236,496,445,270,83,9,2,1,1,3,3,13,54,95,141,259,237,227,218,173,97,59,24,7,2,1,1,0,0,2,0,0,1,1,2,2,0,5,4,14,14,30,27,45,42,50,72,64,131,108,89,104,86,95,103,99,62,71,77,59,37,26,34,18,16,9,6,2,3,2,2,0,1,0,0,0,1,0,0,0,0,1,1,0,0,0,0,1,0,1,0,1,1,1,1,0,0,1,4,2,2,4,10,9,5,15,15,16,11,22,23,23,19,23,27,38,34,31,33,55,76,64,44,48,41,55,49,39,47,47,48,46,57,49,50,35,27,32,39,42,35,25,34,24,13,14,12,17,17,11,7,7,9,6,3,5,1,0,2,2,1,2,0,0,2,0,0,1,0,0,0,0,0,0,0,1,0
,545.0,E011805358,성수S/S 보안감시시스템 교체공사,한국전력공사,서울,52435900.0,52646414.0,+2% ~ -2%,0.0,87.745,780.0,,0.40146,2,0,29,135,261,205,106,32,4,0,2,0,0,0,7,22,64,71,120,141,102,103,63,43,24,8,3,1,0,0,1,1,0,0,0,0,0,0,0,0,1,6,3,5,14,17,27,31,23,37,50,49,54,65,43,35,47,48,39,36,27,21,25,15,18,10,10,6,5,1,1,0,3,0,0,0,0,0,0,0,0,1,0,1,0,0,0,0,0,0,0,0,0,0,0,0,0,0,0,0,0,1,3,3,0,3,5,0,7,7,7,10,14,13,20,11,15,8,22,15,25,25,18,31,21,33,35,30,23,20,12,23,22,25,20,28,25,14,18,18,14,13,10,11,15,10,8,7,7,11,7,3,5,5,4,2,4,1,0,1,1,0,0,0,2,1,0,0,0,0,0,0,0,0,0,0,0,0,0,0
,555.0,E011805086,원남-돈암 등 2구간 광케이블 보강공사,한국전력공사,서울,31360450.0,31398644.0,+2% ~ -2%,0.0,87.745,682.0,,0.12179,0,4,34,100,199,194,117,25,2,0,0,0,1,3,11,23,41,59,94,105,83,111,75,42,19,6,1,1,0,0,0,0,0,0,0,0,1,0,1,2,1,8,6,7,12,16,17,21,20,26,42,35,44,48,30,32,38,38,41,45,36,25,18,19,19,9,6,7,3,0,0,0,1,0,1,0,0,0,0,0,0,0,0,0,0,0,0,0,0,0,0,0,0,1,0,0,1,0,1,1,1,0,5,3,2,4,3,4,6,6,8,8,7,10,8,13,11,9,15,11,23,19,18,17,17,27,32,16,17,13,17,15,22,16,13,25,26,15,22,23,15,21,12,13,14,4,8,11,9,10,5,4,4,2,4,3,2,1,0,0,0,0,0,0,1,0,0,0,0,1,0,0,0,0,0,0,0,0,0,0
,588.0,E011804270,154kV 시흥-독산변전소간 광케이블 시설공사 (영등포전력지사),한국전력공사,서울,37570279.0,37320924.0,+2% ~ -2%,0.0,87.745,708.0,,-0.66371,0,1,27,102,183,192,145,44,2,0,0,0,0,1,6,21,46,56,88,95,82,110,90,55,35,9,0,2,0,0,0,0,0,0,0,0,0,0,0,1,2,3,3,7,12,12,23,20,20,27,34,39,35,49,26,25,34,44,48,41,32,42,29,21,21,22,9,5,7,1,0,0,0,1,1,0,0,0,0,0,0,0,0,0,0,0,0,0,0,0,0,0,0,0,0,0,0,0,1,0,2,0,0,3,1,2,3,4,7,5,5,7,11,12,11,9,8,12,11,16,15,19,18,21,15,20,32,17,14,12,16,9,10,24,23,21,26,22,24,17,17,15,27,15,16,13,13,8,12,9,12,10,6,3,4,1,4,3,1,0,0,0,0,0,0,0,1,0,0,1,0,0,0,0,0,0,0,0,0,0
,606.0,E011803634,345kV 신광명S/S GIS화 관련 전력통신설비 정비공사,한국전력공사,서울/경기,266286463.0,264965945.0,+2% ~ -2%,0.0,87.745,1701.0,연기,-0.49591,1,12,79,295,523,440,234,79,12,4,0,1,5,7,20,59,128,167,280,243,232,208,143,91,69,10,5,7,4,0,0,0,0,0,1,2,3,0,1,6,5,9,19,15,31,40,55,55,75,70,93,115,124,106,85,65,105,109,79,81,70,52,46,32,35,36,27,11,5,0,2,1,2,5,2,3,1,0,0,0,0,0,0,0,0,0,0,0,1,0,1,1,2,1,0,0,0,1,2,4,2,3,4,5,6,13,10,5,17,14,12,28,25,30,33,22,41,34,29,41,47,46,52,63,72,52,60,46,47,38,27,38,48,57,62,47,42,37,43,38,35,35,28,24,22,24,16,16,21,14,7,29,17,10,6,5,4,1,0,0,0,2,0,1,2,0,2,3,1,1,3,0,0,1,0,0,0,0,0,0
,617.0,E011803441,18년 상반기 변압기공동이용 자고객 원격검침 통신망 시설공사,한국전력공사,서울,282167600.0,282148205.0,+2% ~ -2%,0.0,87.745,715.0,연기,-0.00688,2,6,28,128,232,191,104,16,3,0,1,1,1,5,6,22,56,72,114,118,99,92,70,34,13,3,2,1,0,0,0,0,1,1,0,0,0,3,1,2,2,2,6,3,15,19,23,25,32,29,48,43,40,48,53,30,54,41,33,33,36,24,13,15,16,5,6,3,1,1,2,0,0,0,1,0,0,0,0,0,0,0,0,0,1,0,1,0,0,0,0,0,0,0,1,2,0,1,1,1,1,1,0,2,2,4,1,2,11,4,6,13,6,17,14,11,19,13,16,13,20,28,18,25,23,17,30,18,31,22,16,14,24,30,15,26,17,16,21,12,12,24,15,9,10,3,9,6,9,7,2,3,3,3,2,1,1,0,1,0,0,2,0,0,0,0,0,0,1,0,0,0,0,0,0,0,0,0,0,0
,633.0,E011803079,영등포 사옥 CCTV시스템 교체공사,한국전력공사,서울,19450200.0,19463261.0,+2% ~ -2%,0.0,87.745,564.0,,0.06715,0,4,20,83,176,133,108,26,1,1,0,0,0,4,6,14,29,54,89,87,68,65,72,36,18,8,1,0,0,1,0,0,0,0,0,0,0,0,2,2,2,3,4,3,8,7,17,20,23,16,31,40,36,41,28,22,31,32,26,22,42,20,19,12,15,9,5,4,6,2,1,0,0,0,0,0,0,0,0,1,0,0,0,0,0,0,0,0,0,0,0,0,0,0,0,0,2,0,2,0,1,1,1,2,1,3,1,2,6,2,2,5,6,11,5,15,12,11,5,11,16,15,22,18,18,18,25,16,16,12,10,12,13,18,15,17,16,10,6,16,22,20,13,7,10,9,3,9,8,7,7,2,2,3,4,0,2,4,0,2,1,0,0,0,0,0,0,0,0,0,0,0,0,0,0,0,0,0,0,1
,652.0,E011802485,보호계전기 데이터 원격취득시스템(PDAS) 증설공사,한국전력공사,서울,21547900.0,21479178.0,+2% ~ -2%,0.0,87.745,494.0,,-0.31893,1,3,20,81,134,139,93,18,2,0,0,1,1,2,6,14,45,36,49,85,72,67,60,33,13,5,1,1,0,0,0,0,0,1,0,1,0,0,1,1,1,1,6,7,5,12,21,21,12,15,20,20,33,36,25,25,35,27,31,21,30,19,19,8,17,9,2,3,2,2,0,1,0,1,0,0,0,0,0,0,0,0,0,0,0,0,0,1,0,0,1,0,0,0,0,0,1,0,0,1,0,1,1,0,4,2,4,3,4,1,5,7,6,15,12,9,6,6,10,5,8,12,10,10,9,24,25,11,15,10,13,12,17,18,12,15,17,14,14,7,8,22,8,11,11,8,3,5,10,7,5,4,1,1,2,1,1,1,2,0,0,0,0,1,0,0,0,1,0,0,0,0,0,0,0,0,0,0,0,0
,671.0,E011801843,2018년 강남P/O 보호계전기 데이터 원격취득시스템(PDAS) 포트 증설공사,한국전력공사,서울/경기,22541200.0,22742784.0,+2% ~ -2%,0.0,87.745,1122.0,,0.89429,1,4,48,160,314,323,172,87,5,0,0,1,0,4,10,38,69,91,144,170,174,149,100,72,67,20,4,1,0,0,0,0,0,1,0,0,0,0,1,3,4,3,8,13,20,18,35,35,33,39,53,62,70,76,53,67,81,62,54,59,49,41,29,25,28,40,19,15,10,3,3,1,1,0,0,0,0,0,0,0,0,0,0,0,0,0,0,1,0,0,0,0,0,0,0,0,1,0,2,1,2,2,1,2,3,5,6,7,11,9,9,9,20,15,16,19,16,17,23,16,27,26,25,37,29,41,39,37,24,29,34,33,44,37,26,36,26,28,36,23,21,28,22,19,10,19,15,10,14,14,17,23,10,9,8,7,7,3,2,1,2,1,1,0,0,1,0,0,0,0,0,0,0,0,0,0,0,0,0,0
,679.0,E011801785,보호계전기 데이터 원격취득시스템(PDAS) 증설공사,한국전력공사,서울,51028919.0,51419731.0,+2% ~ -2%,0.0,87.745,629.0,,0.76586,0,3,27,115,172,177,95,31,1,0,0,0,1,2,7,20,44,71,80,92,79,98,54,41,27,4,1,0,0,0,0,0,0,0,0,1,0,0,1,1,5,2,4,8,8,18,19,17,27,34,39,29,25,38,41,30,28,45,43,31,23,22,20,19,11,17,8,3,0,3,0,0,1,0,0,0,0,0,0,0,0,0,0,0,0,0,0,0,0,0,0,1,0,0,0,0,0,1,0,1,4,1,1,1,0,4,5,3,4,4,8,10,9,10,7,10,18,9,19,15,17,22,15,14,12,13,20,18,22,19,14,16,9,19,21,24,22,21,16,15,12,11,14,8,9,11,7,12,5,6,10,7,5,3,2,1,0,0,2,1,0,0,0,0,1,0,0,0,0,0,0,0,0,0,0,0,0,0,0,0
,680.0,E011801534,2018년 보호계전기 원격취득시스템 포트 증설공사(전자제어부),한국전력공사,서울,15340600.0,15407698.0,+2% ~ -2%,0.0,87.745,416.0,,0.43738,1,0,20,58,135,117,62,17,1,0,0,1,0,0,5,15,28,30,83,52,51,66,33,29,13,4,1,0,0,0,0,0,1,0,0,0,0,0,0,0,0,5,1,5,9,6,17,13,7,15,35,31,29,23,17,13,25,30,38,11,16,12,10,16,8,8,3,2,2,2,1,0,0,0,0,0,0,0,0,0,0,0,0,0,0,1,0,0,0,0,0,0,0,0,0,0,0,0,0,0,0,0,2,3,0,1,2,3,3,6,2,4,7,10,5,8,3,4,5,10,14,21,19,12,17,12,17,6,9,8,6,7,7,18,13,17,22,16,7,4,7,9,8,4,5,5,9,7,5,3,3,5,3,0,2,0,1,1,0,2,0,1,0,0,0,0,0,0,0,0,0,0,0,0,0,0,0,0,0,0
,696.0,E011801174,변압기공동이용 자고객 원격검침망 구축공사,한국전력공사,서울,114180000.0,112838157.0,+2% ~ -2%,0.0,87.745,667.0,,-1.1752,0,2,26,116,203,205,91,17,2,0,0,0,0,2,5,21,44,72,76,127,109,96,58,33,15,2,1,1,0,0,0,0,0,0,0,0,0,0,1,1,2,3,1,10,10,19,17,19,24,37,32,29,40,50,52,33,47,48,33,44,24,20,22,10,15,8,5,3,1,0,1,0,1,0,0,0,0,0,0,0,0,0,0,0,0,0,0,0,0,0,0,0,0,0,0,0,0,1,1,0,1,1,0,3,0,1,7,3,6,4,8,11,9,8,8,11,15,9,15,22,18,14,11,18,15,25,32,18,24,28,15,18,23,24,29,19,17,16,23,21,14,10,11,9,14,8,5,5,8,7,4,4,1,4,2,1,0,1,0,0,1,0,0,0,0,1,0,0,0,0,0,0,0,0,0,0,0,0,0,0
,745.0,E011713657,육군 00부대 면회소 및 정문 신축건물 통신공사,한국전력공사,서울,24288000.0,24397076.0,+2% ~ -2%,0.0,87.745,556.0,,0.44909,0,4,17,88,156,177,75,28,2,0,0,0,1,3,6,11,32,56,66,90,73,104,48,27,24,4,1,1,0,0,0,0,0,0,0,0,1,0,2,1,1,3,3,4,5,7,18,15,24,25,23,29,35,33,36,18,37,37,45,40,20,22,13,9,11,6,13,8,1,0,1,0,0,0,1,0,0,0,0,0,0,0,0,0,0,0,0,0,0,0,0,0,1,0,0,0,1,1,1,0,1,0,1,2,2,1,2,2,2,3,3,4,7,11,8,7,11,13,12,13,16,7,13,16,14,21,18,15,20,16,8,10,17,20,18,19,19,26,19,21,7,13,11,11,6,7,3,6,7,4,3,3,6,7,5,3,1,0,0,0,0,1,0,0,0,0,0,0,1,0,0,0,0,0,0,0,0,0,0,0
