id,공고번호,공고제목,발주처(수요기관),지역제한,기초금액,예정가격,예가범위,A값,투찰률(%),참여업체수,공고구분표시,정답사정률(%)
1,20231238044-00,2024년 버스정보시스템(BIS) 센터장비 유지보수 견적제출 안내 공고,성남도시개발공사,서울/경기,84000000,83538250,+3% ~ -3%,0,88,78,기/수의,-0.54971
2,20231238016-00,2024년 지능형교통체계(ITS) 네트워크 유지관리 용역 견적제출 안내 공고,성남도시개발공사,서울/경기,81840000,81234425,+3% ~ -3%,0,88,84,기/수의,-0.73995
3,20231214170-00,고객주차장 증축공사(통신),서울지방조달청/서울대학교병원,전국/서울,1053763000,1054687750,+2% ~ -2%,74271592,87.745,1180,기/A값/순/의무,0.08775
4,20231238517-00,스포츠윤리센터 본원 및 지역사무소 전화시스템 임대차 및 유지관리,재단법인,서울,68340000,68212950,+2% ~ -2%,0,88,96,낙찰정정/기/수의,-0.18591
5,20231233337-00,2024년도 국회 CCTV설비 유지보수 용역 (긴급공고),국회,서울,99800000,99490675,+2% ~ -2%,0,84.245,83,기,-0.30995
6,20231231857-00,2024년 교통관리시스템 통신공사(연간단가),서울시설공단,서울/경기,594946000,588477500,+3% ~ -3%,24772222,87.745,2557,기/A값/순,-1.08725
7,20231230279-00,2024년 터널 및 지하차도 재방송설비 유지관리점검용역,서울시설공단,서울/경기,84634000,85012125,+3% ~ -3%,0,87.745,293,,0.44677
8,20231233306-00,명지중학교 방송시설개선(선로교체)공사(통신) (긴급공고),서울특별시서부교육청,서울,247216000,245372450,+2% ~ -2%,12777172,87.745,1072,기/A값/순,-0.74573
9,20231235330-00,2024 성동문화재단 통신시스템 유지관리,재단법인,서울,65400000,66311700,+3% ~ -3%,0,88,13,기/수의,1.39403
10,20231238081-00,양천고등학교 다목적강당 및 급식실 증축 통신공사,서울특별시교육청,서울,96158000,95979425,+3% ~ -3%,5290795,87.745,962,기/A값/순,-0.18571
11,20231234173-00,선일여자고등학교 관리실 리모델링공사(통신) (긴급공고),서울특별시교육청,서울,114623000,113939875,+2% ~ -2%,2086178,87.745,1076,기/A값/순,-0.59598
12,20231135940-02,대학생 연합기숙사(용산) 신축 통신공사 (정정공고),한국장학재단,전국/서울,2560360000,2536260625,+2% ~ -2%,120492694,86.745,1143,기/정/A값/순/의무,-0.94125
13,20231231918-00,2024년 자가통신망 유지보수 용역,경기도,서울/경기,138341000,135637875,+3% ~ -3%,0,87.745,13,,-1.95396
14,20231227394-00,2023년 계성고등학교 교육환경개선공사[정보통신],서울특별시교육청,서울,42705000,42882350,+2% ~ -2%,0,87.745,979,수의,0.41529
15,20231221713-01,GIST AI정책대학원 서울강의실 구축공사(통신) (정정공고),광주과학기술원,서울,21791000,21827200,+2% ~ -2%,436483,87.745,743,기/정/A값/순,0.16612
16,2023-29481,00부대 취사식당 신축 통신공사,육군,서울,90309000,90585920,+2% ~ -2%,0,87.745,937,기/수의,0.30663
17,20231231167-00,2024년 터널 및 지하차도 CCTV시스템 유지관리 용역,서울특별시,서울,66261260,65900175,+3% ~ -3%,0,88,88,수의,-0.54495
18,20231232284-00,"경원선 창동역 3,4번 승강장 통신설비 개량공사",한국철도공사,서울,79014000,79473500,+2% ~ -2%,0,87.745,1053,기/수의,0.58154
19,20231230286-00,"2024년 홍지문, 정릉, 구룡터널 및 도봉지하차도 자동제어시스템 유지관리점검용역",서울시설공단,서울,71151310,71462300,+3% ~ -3%,0,88,23,기/수의,0.43708
20,20231217705-00,빈집활용사업(초행지붕-천호) 정보통신공사,서울주택도시공사,서울,62240000,62346150,+3% ~ -3%,3348131,87.745,949,기/A값/순/협정,0.17054
21,20231229157-00,"2024년 터널 및 지하차도 라디오, DMB 재방송설비 유지관리 용역",서울특별시,서울,96371220,95773275,+3% ~ -3%,0,88,121,기/수의,-0.62047
22,20231228533-00,혁신지원사업 잡 카페 환경개선 전기·통신 공사 시행 건 (긴급공고),여주대학,서울/경기,194571160,194581425,+2% ~ -2%,0,-,14,기/협정,0.00527
23,20231228066-00,지능형교통체계(ITS) 응용(개발) 소프트웨어 유지관리 용역 소액수의 견적제출 공고(긴급) (긴급공고),성남도시개발공사,서울/경기,49515000,49760625,+3% ~ -3%,0,88,25,기/수의,0.49606
24,20231229539-00,2024년 버스정보시스템(BIS) 유지보수 단가계약 (긴급공고),경기도,서울/인천/경기,9045000,9038238.87,+3% ~ -3%,0,86.745,29,기,-0.07475
25,20231223690-00,2024년 경기도의료원 개인정보보호시스템 유지보수 용역,경기도의료원,서울/경기,118496000,116523675,+3% ~ -3%,0,87.745,65,,-1.66447
26,20231223046-01,예술의전당 음악당 음악영재아카데미 환경개선공사(통신) (정정공고),예술의전당,서울,65275000,64668975,+2% ~ -2%,4245193,87.745,1021,기/정/A값/순,-0.92842
27,20231222694-01,안양교도소 전자경비시스템 유지관리 용역 (정정공고),법무부,서울/경기,42984510,42704450,+2% ~ -2%,0,87.995,48,기/정/수의,-0.65154
28,20231221914-00,인덕대학교 IP교환기 시스템 구매설치,인덕대학,서울/인천/경기,183260000,183030975,+2% ~ -2%,0,84.245,59,물품,-0.12498
29,20231220280-00,2023년 전문대학혁신지원사업 산업맞춤형 교육환경고도화 외 2건_정보통신공사,대림대학교,서울/인천/경기,75973520,76294750,+2% ~ -2%,4210355,87.745,2854,기/A값/순,0.42281
30,20231224456-00,서울여중 장애인편의시설 설치 및 기타 통신공사,서울특별시교육청,서울,84675000,84808000,+3% ~ -3%,2358907,87.745,1109,기/A값/수의,0.15707
31,20231220449-00,2024년 주행형단속시스템 유지보수 용역,경기도,서울/경기,60034000,60765125,+3% ~ -3%,0,88,37,수의,1.21785
32,2023-28240,정비고 및 무기고 신축 통신공사(23-276-4),수도방위사령부,서울,409637000,412468367,+2% ~ -2%,24567366,87.745,858,기/A값/순,0.69118
33,2023-27671,정비고 신축 및 노후배관 개선 통신공사(23-275-4),수도방위사령부,서울,138740000,138723597,+2% ~ -2%,0,87.745,1015,기/수의,-0.01183
34,20231221242-00,2024년 터널 및 지하차도 CCTV시스템 유지관리용역,서울특별시,서울,70642500,71193925,+3% ~ -3%,0,88,47,수의,0.78058
35,20231221730-00,2024년 대기환경 옥외전광판 유지보수 용역,인천광역시,서울/인천/경기,56300000,56214175,+3% ~ -3%,0,88,26,수의,-0.15245
36,20231221446-00,강남 힐링 숲 조성(1단계) 공사(통신),서울특별시,서울,76131000,76285750,+3% ~ -3%,4875734,87.745,1101,기/A값/수의,0.20326
37,20231218393-01,(긴급) 중원중 체육관전면보수 전기공사 관급자재(방송장비) 구매 (긴급공고) (정정공고),서울특별시교육청,서울,98008000,98096250,+3% ~ -3%,0,87.995,30,물품/기/정,0.09004
38,20231218346-02,(긴급) 노원중 다목적강당 환경개선 통신공사 관급자재(방송장비) 구매 (긴급공고) (정정공고),서울특별시교육청,서울,69225000,69568050,+3% ~ -3%,0,87.995,22,물품/기/정,0.49555
39,20231217809-00,강서양천교육지원청사 리모델링 통신공사 (긴급공고),서울특별시교육청,서울,418307000,425356575,+3% ~ -3%,24550457,87.745,1032,기/A값/순,1.68526
40,20231216087-00,양강초 외 1교(삼정중) 노후배관 개선 및 기타 통신공사 (긴급공고),서울특별시교육청,서울,405569000,406919600,+3% ~ -3%,26435748,87.745,1028,기/A값/순,0.33301
41,20231219037-00,HCMC AV 시스템 구축,한국과학기술원,서울/경기,84600000,84958775,+2% ~ -2%,0,88,27,물품/기/수의,0.42408
42,20231219211-00,"경원선 창동역 3,4번선 열차행선안내장치 개량공사",한국철도공사,서울/경기,66153000,66716875,+2% ~ -2%,0,87.745,2622,기/수의,0.85238
43,20231218179-00,2024년 파주시 민방위 경보시설 유지보수 용역,경기도,서울/경기,38736000,38944275,+3% ~ -3%,0,88,12,수의,0.53767
44,20231214237-00,2024년 콜센터 정보시스템 유지보수 용역,경기도,서울/경기,41288000,40894675,+3% ~ -3%,0,88,34,기/수의,-0.95264
45,20231213189-00,"경인초 급식실 및 학생식당, 기타시설 증축 통신공사 (긴급공고)",서울특별시교육청,서울,183828000,183156175,+3% ~ -3%,11324545,87.745,1059,기/A값/순,-0.36547
46,20231209802-00,염동초 체육관 및 급식시설 증축 통신공사 관급자재[방송장비] 구매,서울특별시교육청,서울/경기,91938000,91225525,+3% ~ -3%,0,87.995,59,물품/기,-0.77496
47,20231213562-01,미래산업과학고등학교 급식실 및 학생식당 증축공사(통신) (정정공고),서울특별시교육청,서울,51370000,51345375,+3% ~ -3%,2732597,87.745,1068,기/정/A값/수의,-0.04794
48,20231212280-00,종암중 모듈러 임시교사 설치 통신공사,서울특별시교육청,서울,81802000,81281575,+3% ~ -3%,4646555,87.745,1123,기/A값/수의,-0.63621
49,20231206214-00,2023년 다목적 CCTV 구매설치(신규2차),서울특별시,서울,267068000,264311225,+3% ~ -3%,0,87.995,95,물품/기/협정,-1.03224
50,20231212914-00,진실화해위원회 조사실 영상녹화시스템 구매(설치) (긴급공고),진실화해를위한과거사정리위원회,서울/경기,42000000,41763500,+3% ~ -3%,0,88,62,낙찰정정/물품/기/연기/수의,-0.56310
51,20231210546-00,2024년도 서부교육지원청 정보시스템(PC 및 주변기기) 유지관리 용역,서울특별시교육청,서울,29040000,29047800,+3% ~ -3%,0,88,14,기/연기/수의,0.02685
52,20231210421-00,[긴급]서부교육지원청 청사 리모델링 통신공사 (긴급공고),서울특별시교육청,서울,504694000,505157125,+3% ~ -3%,31996419,87.745,1033,기/A값/순/연기,0.09176
53,20231208100-00,금천구립가산도서관 리모델링 공사(정보통신) (긴급공고),서울특별시,서울,100533000,100036175,+3% ~ -3%,6318150,87.745,1039,기/A값/순/연기,-0.49420
54,20231201914-00,2024년 SBA 운영 보안시스템 통합 유지보수,(재)서울경제진흥원,서울,135491082,135753650,+3% ~ -3%,0,87.745,24,연기,0.19378
55,20231205664-00,2024년 강동구립통합도서관 정보화 시스템 통합 유지보수 용역 (긴급공고),재단법인강동문화재단,서울/경기,183685820,184147825,+3% ~ -3%,0,87.745,51,,0.25151
56,20231207668-00,철도교통관제센터 등 2개소 고속선 관제전화설비 개량공사 (긴급공고),한국철도공사,서울/대전,218420000,218856875,+2% ~ -2%,6058921,87.745,1199,기/A값/순,0.20001
57,20231205630-00,2024년 남양주시 도서관 정보화시스템 유지보수 용역,경기도,서울/경기,62604000,62881075,+3% ~ -3%,0,88,17,수의,0.44258
58,2023-25864,위병소 및 민원실 신축 통신공사(23-253-4),수도방위사령부,서울,143215000,142357092,+2% ~ -2%,0,87.745,981,기/수의,-0.59904
59,20231202187-00,2024년 융합과학교육원 사무기기 및 네트워크 장비 유지관리 용역 견적 제출 안내공고,서울특별시교육청,서울,37349400,37218625,+3% ~ -3%,0,88,11,수의,-0.35014
60,20231202721-00,2024년 네트워크 장비 유지관리 및 현장대응 용역,경기도,서울/경기,91998000,92608225,+3% ~ -3%,0,88,22,기/수의,0.66330
61,20231204654-01,서남센터 분뇨처리시설 자동제어시스템 성능개선 (정정공고),서울물재생시설공단,서울/인천/경기,67624000,66409350,+3% ~ -3%,0,88,25,물품/기/정/수의,-1.79619
62,20231203492-00,서울남대문시장 아케이드 설치 통신공사,서울특별시,서울,74519000,75384775,+3% ~ -3%,4018954,87.745,1098,기/A값/수의,1.16181
63,20231202916-00,2024년 인터넷전화시스템 유지관리 용역,경기도,서울/경기,68732000,68268950,+3% ~ -3%,0,88,39,수의,-0.67371
64,20231202629-00,2024년 서울시남부교육지원청 행정정보화기기 유지관리 용역,서울특별시교육청,서울,38081000,37958150,+3% ~ -3%,0,88,18,기/수의,-0.32261
65,20231140556-00,약수하이츠동아 인터폰 교체공사,서울주택도시공사,서울,480390000,481751950,+3% ~ -3%,15422130,87.745,987,기/A값/순,0.28350
66,20231132321-00,스피드개집표기 개량 전자공사(2차),서울교통공사,전국/서울,3038105960,3027996725,+3% ~ -3%,200073804,86.745,924,기/A값/순/의무,-0.33275
67,20231147234-00,서울자양초 정보통신시설 개선공사,서울특별시교육청,서울,300894000,300324600,+3% ~ -3%,20639126,87.745,1076,기/A값/순,-0.18924
68,20231202122-00,[긴급][집행대행]진관중 본관동 방송선로 및 방송장비 교체 통신공사 (긴급공고),서울특별시교육청,서울,308110000,305827725,+3% ~ -3%,18985757,87.745,1038,기/A값/순,-0.74074
69,20231200219-00,종묘 공영주차장 전력감시시스템 구축공사,서울시설공단,서울,41685000,41671425,+3% ~ -3%,698315,87.745,266,기/A값/수의,-0.03257
70,20231144229-00,2023년 하반기 노후 CCTV 성능개선(3차),서울특별시,서울,373065000,373901650,+3% ~ -3%,0,87.995,77,물품/기,0.22426
71,20231141065-00,덕성여자중학교 교사동 통신시설 개선 공사 전자입찰 공고,서울특별시중부교육청,서울,187990000,187705250,+2% ~ -2%,3404066,87.745,1093,기/A값/순,-0.15148
72,2023-25747,23-A-00부대 통신공사(1736),국군재정관리단,서울,348403920,349046397,+2% ~ -2%,24153109,87.745,843,기/A값/순,0.18440
73,20231146480-01,신원지하차도 외 1개소 진입차단시설 설치 통신공사 (정정공고),서울특별시,서울,153702000,152827875,+3% ~ -3%,9499726,87.745,1181,기/정/A값/수의,-0.56872
74,20231149378-00,한국스포츠정책과학원 신청사 리모델링 공사(통신),서울올림픽기념국민체육진흥공단,서울,533538446,529359575,+2% ~ -2%,40086403,87.745,1034,기/A값/순,-0.78324
75,20231148829-00,2024년 광대역 자가통신망 유지관리 용역,경기도,서울/경기,27141000,26807325,+3% ~ -3%,0,88,18,기/수의,-1.22942
76,20231139796-00,2024년 노후경유차 운행제한 단속시스템 유지관리 용역 (재입찰),인천광역시,서울/인천/경기,208500000,208690300,+3% ~ -3%,0,87.745,12,정,0.09127
77,20231146352-00,자양취수장 진공펌프 및 밸브 감시제어시스템 정비공사,서울특별시,서울/인천/경기,76384000,75877625,+3% ~ -3%,546328,87.745,2793,기/A값/수의,-0.66294
78,20231145458-00,서울특별시보라매병원 연결통로 개통에 따른 실방 재배치공사(통신),서울시,서울,38606000,38297800,+3% ~ -3%,2422560,87.745,974,기/A값/수의,-0.79833
79,20231142437-00,2024년 서울안전통합센터 충무시설 영상음향시스템 유지관리 용역,서울특별시,서울,63266000,63745625,+3% ~ -3%,0,87.745,126,기,0.75810
80,20231144555-00,분당선 압구정로데오역 등 4개역 영상감시설비 보수공사,한국철도공사,서울/경기,38474000,38924500,+2% ~ -2%,0,87.745,2469,기/수의,1.17092
81,20231144506-00,경강선 판교역 등 80개역 장애인화장실 비상호출장치 신설공사,한국철도공사,서울/인천/경기,40997000,41125450,+2% ~ -2%,0,87.745,2734,기/수의,0.31331
82,20231138701-00,2024년 스페이스 살림 네트워크 설비 유지보수 용역 (2인이상 견적 수의계약),서울특별시,서울,21350976,21322575,+3% ~ -3%,0,88,34,기/수의,-0.13302
83,20231131450-00,천호삼성 인터폰(인터폰→비디오폰) 교체공사,서울주택도시공사,서울,155729200,155410375,+3% ~ -3%,5584116,87.745,1007,기/A값/순,-0.20474
84,20231141258-00,2024년 인터넷전화교환기(IPT) 유지관리 용역 소액 견적제출 안내공고,경기도,서울/경기,96700000,96284725,+3% ~ -3%,0,88,12,수의,-0.42945
85,20231140742-00,2024년 중랑물재생센터 슬러지 계면측정기 유지관리 용역,서울특별시,서울,100000000,98758750,+3% ~ -3%,0,88,74,수의,-1.24125
86,20231136000-00,신동중 교사동 방송선로 개선 통신공사 입찰 공고,서울특별시강남서초교육지원청,서울,168299000,168300750,+3% ~ -3%,11123403,87.745,1063,기/A값/순,0.00103
87,20231133316-00,남가좌새롬어린이도서관 리모델링 공사(통신),서울특별시,서울,92829000,93120775,+3% ~ -3%,5336491,87.745,1159,기/A값/수의,0.31431
88,20231139717-00,2024년 정보통신 및 정보보안 통합유지관리 용역 (긴급공고),서울특별시/서울특별시,서울,174420000,173315950,+3% ~ -3%,0,87.745,43,기,-0.63299
89,20231139450-00,강남구 지체장애인쉼터 조성 공사(통신),서울특별시,서울,20007000,19999925,+3% ~ -3%,1425219,87.745,827,기/A값/수의,-0.03537
90,20231137593-00,[긴급] 신구중 방송선로교체 및 기타 통신공사 (긴급공고),서울특별시강남서초교육지원청,서울,259984000,259462775,+3% ~ -3%,16620337,87.745,1056,기/A값/순,-0.20049
91,20231133157-00,강서도서관 가양분관 건립 리모델링 통신공사(장기계속),서울특별시교육청,서울,319003000,319078825,+3% ~ -3%,21859683,87.745,1052,기/A값/순,0.02376
92,20231137026-00,서울뷰티허브 조성(리모델링) 통신공사 (긴급공고),서울특별시,서울,82643000,82426950,+3% ~ -3%,5050299,87.745,1051,기/A값/순,-0.26143
93,E012309875,신양재 과천 등 4개 전력구 강화액 원격 격발기능 보강공사(강남전력지사),한국전력공사,서울/경기,498355000,495744597,+2% ~ -2%,15966644,87.745,1520,기/A값/순/협정,-0.52381
94,20231131127-00,2024년 본관 청사 통신공사(연간단가) (긴급공고),서울특별시,서울,261015000,261009850,+3% ~ -3%,12622476,87.745,1042,기/A값/순,-0.00198
95,20231133024-00,옥인동 공영주차장 및 복합시설 건설 통신공사 (긴급공고),서울특별시,서울,198583000,201011725,+3% ~ -3%,12858035,87.745,1070,기/A값/순,1.22302
96,20231132085-00,임차사무실 정보통신공사(2차) 시행,서울특별시,서울,42509000,43033925,+3% ~ -3%,500374,87.745,1008,기/A값/수의,1.23485
97,20231129919-00,방화중 외 1교(수명중) 방송선로 개선 및 기타 통신공사 (긴급공고),서울특별시교육청,서울,210800000,208749500,+3% ~ -3%,13481118,87.745,1058,기/A값/순,-0.97273
98,20231124700-00,동부공원여가센터 청사 증축 통신공사,서울특별시,서울,170700000,170909575,+3% ~ -3%,11226472,87.745,1210,기/A값/수의,0.12277
99,20231130289-00,임차사무실 정보통신공사(3차) 시행,서울특별시,서울,9736430,9695500,+3% ~ -3%,8507317,87.745,431,기/A값/수의,-0.42038
100,20231128980-00,서울은천초등학교 방송 설비 개선 공사 수의견적 제출 안내 공고,서울특별시동작교육청,서울,166870000,166491250,+3% ~ -3%,9015257,87.745,1202,기/A값/수의,-0.22698
101,20231125991-00,불광중학교 본관 및 불광관 방송선로 및 방송장비개선 통신공사,서울특별시교육청,서울,373262000,368245400,+3% ~ -3%,21770137,87.745,1055,기/A값/순,-1.34399
102,20231125900-00,서울신남초 교사 개축 통신공사 (긴급공고),서울특별시교육청,전국/서울,1321341000,1318024475,+3% ~ -3%,85628434,86.745,1128,기/A값/순/의무,-0.25100
103,20231125119-00,5호선 하남선“강일역 외 4개역 대용량 공기청정기 운용 정보통신공사”,서울교통공사,서울/경기,175280940,175951000,+3% ~ -3%,12914636,87.745,2725,기/A값/순,0.38227
104,20231122443-00,2024년 교통신호제어용 차량검지기 설치공사(연간단가),서울특별시,서울,190000000,189665600,+3% ~ -3%,10348272,87.745,241,기/A값/순,-0.17600
105,20231122345-00,교통정보용 CCTV 카메라 신규 이전 설치공사,서울특별시,서울,296327000,296698950,+3% ~ -3%,12286095,87.745,1029,기/A값/순,0.12552
106,20231127139-00,태릉입구역 기술분야 근무환경 개선 정보통신공사,서울교통공사,서울,22471020,22558650,+3% ~ -3%,1098670,87.745,829,기/A값/연기/수의,0.38996
107,20231126679-00,고덕강일지구 4단지 아파트 홈네트워크 예비전원장치 설치 정보통신공사 (긴급공고),서울주택도시공사,서울,215534000,216540050,+3% ~ -3%,7223127,87.745,1037,기/A값/순/연기,0.46677
108,20231123681-00,녹번초 교사동 방송선로 및 방송장비 개선 통신공사,서울특별시교육청,서울,271092000,270000225,+3% ~ -3%,16946504,87.745,1056,기/A값/순/연기,-0.40274
109,20231123672-00,홍은초 본관 방송선로 개선 및 석면해체제거 통신공사,서울특별시교육청,서울,203188000,204801850,+3% ~ -3%,13932307,87.745,1065,기/A값/순/연기,0.79426
110,20231123203-00,학내 노후 광케이블 교체공사,서울과학기술대학교,서울,274000000,274191850,+2% ~ -2%,13853203,87.745,1043,기/A값/순/연기,0.07001
111,20231121787-00,의료법 개정에 따른 CCTV 시스템 개선공사,국민건강보험공단,서울/인천/경기,39280000,39679425,+2% ~ -2%,495082,87.745,2769,기/A값/순/연기,1.01686
112,20231118264-00,국립전통예술고등학교 제1예술관 강당 리모델링 통신공사,서울지방조달청/문화체육관광부,서울,219396000,219452550,+2% ~ -2%,13660092,87.745,1042,기/A값/순/연기/협정,0.02577
113,E012309662,개포전력구 광케이블 및 비상통신망 지장이설공사(전자제어부),한국전력공사,서울,126816096,125560823,+2% ~ -2%,2923143,87.745,781,기/A값/순,-0.98984
114,20231122741-00,2023년 강북구 무등록 골목시장 화재알림시설 구매 설치,서울특별시,서울,208800000,207803550,+3% ~ -3%,0,84.245,44,물품,-0.47723
115,2303458-00,2023년 서울 공공리모델링 임대주택 정보통신공사(구산동 356-7외 1필지),한국토지주택공사,서울,166923000,166170000,+2% ~ -2%,11024203,87.745,922,기/A값/순,-0.45111
116,20231118479-00,2024년 한강공원 CCTV 유지관리 용역(하류),서울특별시/서울특별시,서울,160344800,158822375,+3% ~ -3%,0,87.745,268,기,-0.94947
117,20231118444-00,2024년 한강공원 CCTV 유지관리 용역(상류),서울특별시/서울특별시,서울,146388000,146074800,+3% ~ -3%,0,87.745,278,기,-0.21396
118,20231125201-00,반포역 5번 외부출입구 캐노피 설치 정보통신공사,서울교통공사,서울,8827000,8668000,+3% ~ -3%,369784,87.745,411,기/A값/수의,-1.80130
119,20231125155-00,2023년 승무분야 근무환경 개선 정보통신공사,서울교통공사,서울,19321430,19337125,+3% ~ -3%,842105,87.745,757,기/A값/수의,0.08123
120,20231124973-00,노원교 진출램프 신설(확장) 통신공사(장기계속) (긴급공고),서울특별시/서울특별시,서울,308759000,309802650,+3% ~ -3%,16222436,87.745,1037,기/A값/순,0.33801
121,20231124816-00,창전동 효도숙식경로당 조성 리모델링 공사(통신) (긴급공고),서울특별시,서울,92330000,91373750,+3% ~ -3%,5281396,87.745,1050,기/A값/순,-1.03569
122,20231123817-00,서울은로초등학교 교실 및 학생식당 증축 통신공사 (긴급공고),서울특별시교육청,서울,186379000,183187300,+3% ~ -3%,11557213,87.745,1088,기/A값/순,-1.71248
123,20231120051-00,종로경찰서 삼청파출소 신축 통신공사,경찰청,서울,36611820,36432075,+2% ~ -2%,0,87.745,992,기/수의,-0.49095
124,20231119722-00,2024년 예술의전당 전산시스템 통합유지보수 용역,예술의전당,서울,70000000,69921775,+2% ~ -2%,0,87.995,24,기,-0.11175
125,20231120142-00,2024년 서울역사박물관 방송통신반시설 유지보수 용역 (긴급공고),서울특별시/서울특별시,서울,183472300,182409125,+3% ~ -3%,0,87.745,48,기,-0.57948
126,20231118164-00,남산2호 및 금화터널 비상방송 교체공사 (긴급공고),서울특별시/서울특별시,서울,299500000,298212950,+3% ~ -3%,14916524,87.745,1035,기/A값/순,-0.42974
127,20231116624-01,(긴급)(가칭)강현유치원 신축 통신공사(장기계속) (정정공고),서울특별시교육청,서울,210100000,208749125,+3% ~ -3%,14136873,87.745,1083,기/정/A값/순,-0.64297
128,20231122232-00,[긴급](장기계속) 종암중 공간혁신 전면 리모델링 및 증축 통신공사 (긴급공고),서울특별시교육청,서울,745800000,752273575,+3% ~ -3%,49532414,87.745,1006,기/A값/순,0.86800
129,20231118715-00,2024년 유량계 원격감시반 유지보수 용역(연간단가),서울특별시,서울,277427000,279158875,+3% ~ -3%,0,86.745,21,기,0.62426
130,20231116499-00,도시안전종합시설 통신공사,서울특별시,서울,67566000,67957925,+3% ~ -3%,3767863,87.745,1117,기/A값/수의,0.58006
131,20231109547-00,2024년도 경영대학 A/V시스템 유지보수 용역,한국과학기술원,서울,104900000,104882750,+2% ~ -2%,0,87.995,12,현필,-0.01645
132,20231106602-00,한국우진학교 별관 교사동 및 주차장 신축공사(통신),서울지방조달청/교육부,서울,306058000,304797825,+2% ~ -2%,20209535,87.745,1046,기/A값/순/협정,-0.41175
133,20231119654-00,공릉동도깨비시장 고객지원센터 신축 통신공사,서울특별시,서울,72845000,73525225,+3% ~ -3%,4478418,87.745,1143,기/A값/수의,0.93379
134,20231120885-00,동작역 외 1개기지 승무분야 근무환경 개선에 따른 정보통신공사,서울교통공사,서울,18691900,18531575,+3% ~ -3%,846022,87.745,769,기/A값/수의,-0.85773
135,20231119486-00,서울대학교 첨단융합학부(관악 18동) 공간조성 통신공사 (긴급공고),서울대학교,서울,167640000,167077625,+2% ~ -2%,9446729,87.745,1086,기/A값/순,-0.33547
136,20231117835-00,동작도서관 통합형 시설개선 통신공사 (긴급공고),서울특별시교육청,서울,233604000,234123250,+3% ~ -3%,15757126,87.745,1070,기/A값/순,0.22227
137,20231115886-00,재난 통합관리를 위한 기전상황실 개선 건축공사,서울특별시 도로사업소 성동도로사업소,서울,124630000,124190725,+3% ~ -3%,5645944,87.745,17,기/A값/수의,-0.35247
138,20231115940-00,수락중 다목적강당 겸 체육관 증축 통신공사(장기계속),서울특별시교육청,서울,100430000,101668350,+3% ~ -3%,6114286,87.745,1120,기/A값/수의,1.23304
139,20231113566-00,2024년 스마트 자가통신망 유지보수 용역,경기도,서울/경기,153663400,153055325,+3% ~ -3%,0,87.745,23,,-0.39572
140,20231111549-01,소방서 IP행정교환기증설 및 부가장비 구매 (정정공고),서울특별시/서울특별시,서울,160571000,162317275,+3% ~ -3%,0,84.245,11,물품/정,1.08754
141,20231035786-00,공동구 이설 통신공사,서울지방조달청/서울과학기술대학교,서울,542854000,542342400,+2% ~ -2%,37079102,87.745,998,기/A값/순/협정,-0.09425
142,E012309202,154kV 강일S/S 전력통신설비 시설공사,한국전력공사,서울/경기,514587700,511344425,+2% ~ -2%,31472347,87.745,2260,기/A값/순,-0.63027
143,20231113876-00,2024년 정보화시스템 유지보수 용역 (긴급공고),서울특별시,서울,117420000,117989250,+3% ~ -3%,0,87.745,31,,0.48479
144,20231114517-00,경원선 광운대역 등 7역 통합형 자동개집표기 신설 기타공사,한국철도공사,서울/경기,76072000,76664650,+2% ~ -2%,0,87.745,2718,기/수의,0.77906
145,20231112631-00,스마트 페트병 분리배출기 구매제작 및 설치운영,서울특별시,서울,51000000,51400525,+3% ~ -3%,0,88,11,물품/기/수의,0.78534
146,20231110575-00,2024년 정보시스템 유지관리 용역 (긴급공고),서울특별시/서울특별시,서울,125554000,124896775,+3% ~ -3%,0,87.745,38,기,-0.52347
147,20231106122-00,서울어린이대공원 공연장 리모델링 통신공사,서울특별시/서울특별시,서울,393997000,397726200,+3% ~ -3%,23493826,87.745,1067,기/A값/순,0.94650
148,20231112377-00,서리풀아트스튜디오 조성공사(통신),서울특별시,서울,44440000,44168075,+3% ~ -3%,2360515,87.745,1015,기/A값/수의,-0.61190
149,20231111803-00,2024년 중랑물재생센터 수질계측 유지관리용역 (긴급공고),서울특별시,서울,299618000,296632350,+3% ~ -3%,0,86.745,83,기,-0.99649
150,20231109212-00,2024년 난지물재생센터 수질계측 유지관리 용역 (긴급공고),서울특별시,서울,253490000,252085100,+3% ~ -3%,0,86.745,53,기,-0.55423
151,20231107089-00,이문체육문화센터 골프타석 배정 키오스크 구매설치,서울특별시,서울/경기,30000000,29732850,+3% ~ -3%,0,88,31,물품/기/수의,-0.89050
152,20231106711-00,수도전기공고 거점형 메이커 스페이스 신규 구축 통신공사,서울특별시교육청,서울,6930000,6940350,+2% ~ -2%,0,87.745,394,기/수의,0.14935
153,20231106583-00,사당로 자가정보통신망 지중화 선로공사,서울특별시,서울,107030000,107103625,+3% ~ -3%,1196523,87.745,1123,기/A값/수의,0.06878
154,20231104167-00,서울안국동우체국 건립공사(통신),과학기술정보통신부,서울,43580000,43323025,+2% ~ -2%,0,87.745,1019,기/수의,-0.58967
155,20231104032-00,서울시청 본관1층 마음쉼터 조성 통신공사 (긴급공고),서울특별시,서울,232430000,231356225,+3% ~ -3%,11158495,87.745,1056,기/A값/순,-0.46198
156,20231105601-00,경부선 수원역 등 9역 자동개집표기 개량공사,한국철도공사,서울/인천/경기,146438000,147029275,+2% ~ -2%,0,87.745,3242,기/수의,0.40377
157,20231104953-00,제2중랑미디어센터 인테리어 공사(통신),서울특별시,서울,96935000,97550325,+3% ~ -3%,5292040,87.745,1148,기/A값/수의,0.63478
158,20231103166-00,고속선 관제전화시스템 개량공사,한국철도공사,서울/광주/군위/울산/경기/충북/충남/경북/전북,90830000,90890675,+2% ~ -2%,0,87.745,3709,기/수의,0.06680
159,20231038202-00,경의선 서울~가좌 등 2개 구간 광케이블 신설 및 기타공사(총체 및 1차) (긴급공고),한국철도공사,전국/서울/경기,1770000000,1776500325,+2% ~ -2%,95068598,86.745,2779,기/A값/순/의무,0.36725
160,20231037618-00,서울수유동우체국 건립 정보통신공사,과학기술정보통신부,서울,58565000,58084500,+2% ~ -2%,0,87.745,1108,기/수의,-0.82046
161,20231038150-00,2023년도 통신케이블 증설 및 개량공사,서울교통공사,서울,86815000,86257050,+3% ~ -3%,4889307,87.745,1107,기/A값/수의,-0.64269
162,20231037293-00,2호선 잠실역 내부 E/S 보완 전자공사,서울교통공사,서울,82328750,81980750,+3% ~ -3%,5234218,87.745,1079,기/A값/수의,-0.42270
163,20231032142-00,2024년 행정정보통신망 설치공사(연간단가),서울특별시,서울,80445010,80048275,+3% ~ -3%,5154196,87.745,990,기/A값/순,-0.49318
164,20231034569-00,하수관로 수위계 설치공사,서울특별시,서울,29782560,29545625,+3% ~ -3%,334340,87.745,73,기/A값/수의,-0.79555
165,20231017412-00,서울출입국·외국인청 신축 통신공사,서울지방조달청/법무부,전국/서울,1978722000,1981749475,+2% ~ -2%,131722948,86.745,1172,기/A값/순/의무,0.15300
166,2023-22471,1여단 공중동작시설 통신공사(23-신-12),특수전사령부,서울,15716000,15895738,+2% ~ -2%,0,87.745,529,기/수의,1.14366
167,20231033278-00,경희여자고등학교 본관 및 녹황관 방송선로 교체 공사,서울특별시교육청,서울,152900000,153344975,+2% ~ -2%,0,87.745,1187,기/수의,0.29102
168,20231016811-00,서울청 무선통신망 철거공사,서울지방조달청/경찰청,전국/서울,1839834000,1835634625,+2% ~ -2%,123608475,86.745,1152,기/A값/순/의무,-0.22825
169,20231027114-00,서울의료원 외래진료실 환경개선 통신공사,서울특별시,서울,65340000,64914050,+3% ~ -3%,3290376,87.745,1125,기/A값/수의,-0.65190
170,20231030926-00,미아동 공영주차장 부설헬스장 시설개선 공사(통신) 전자수의 견적제출 안내 공고,서울특별시강북구도시관리공단,서울,9900000,9967000,+3% ~ -3%,447166,87.745,446,기/A값/수의,0.67676
171,20231030147-00,승무분야 여승무원 주박침실 비상통화장치 설치공사,서울교통공사,서울/경기,93155890,92871350,+3% ~ -3%,4358928,87.745,2920,기/A값/수의,-0.30545
172,20231025720-00,서울대학교 수의과대학 85-1동 4층 동물실험실 리모델링 공사(통신) (긴급공고),서울대학교,서울,91850000,91987350,+2% ~ -2%,4995974,87.745,1016,기/A값/순,0.14953
173,20231028221-00,4호선 수유역 7번출구 캐노피 개선 정보통신공사,서울교통공사,서울,17508500,17552075,+3% ~ -3%,916608,87.745,762,기/A값/수의,0.24887
174,20231024784-00,"창동 업무시설 2~6, 8~10층 공간구획 통신공사 (긴급공고)",서울주택도시공사,서울,178783000,179252325,+3% ~ -3%,12761341,87.745,1069,기/A값/순,0.26251
175,E012308700,지하전력구 PS-LTE 비상통신망 시설(동서울전력지사),한국전력공사,서울/경기,58199900,57989539,+2% ~ -2%,3377564,87.745,2293,기/A값/순,-0.36145
176,20231019856-00,공동현관 로비폰 교체 공사(행당두산위브),서울특별시,서울,78716000,79320950,+3% ~ -3%,1211225,87.745,1094,기/A값/수의,0.76852
177,20231024300-00,5호선 마곡역 등 6개역 정보통신 접지설비 개량공사,서울교통공사,서울/경기,58096210,58729375,+3% ~ -3%,2452107,87.745,2853,기/A값/수의,1.08985
178,20231024204-00,청담역 외 2개소 기술분야 근무환경 개선 정보통신공사,서울교통공사,서울/경기,64478810,64462925,+3% ~ -3%,3880490,87.745,2943,기/A값/수의,-0.02464
179,20231022691-00,청와대 관리동 1층 화장실 신설 통신공사,문화체육관광부,서울,27500000,27459525,+2% ~ -2%,0,87.745,900,기/수의,-0.14719
180,20231017731-00,2023년 전통시장 화재알림시설 구매·설치,서울특별시,서울,83959000,84067975,+3% ~ -3%,0,84.245,37,물품/기,0.12979
181,20231021894-00,서울대학교 물리천문학부(56-1동) 신축 통신공사(총차 및 장기1차) (긴급공고),서울대학교,서울,208120000,208010800,+2% ~ -2%,14210345,87.745,1058,기/A값/순,-0.05247
182,20231015139-00,세종문화회관 노후 아날로그 무전기 교체 구매,재단법인세종문화회관,서울/인천/경기,74133400,73880100,+3% ~ -3%,0,84.245,65,물품,-0.34169
183,20231007180-00,전통시장 및 상점가 화재알림시설 구매설치(왕십리도선동상점가),서울특별시,서울,125983000,126704300,+3% ~ -3%,0,84.245,48,물품/기,0.57253
184,20231018573-00,경원선 회기역 화장실 개량에 따른 통신설비 개량공사,한국철도공사,서울,30116000,29924650,+2% ~ -2%,0,87.745,905,기/수의,-0.63538
185,20231018116-00,6호선 녹사평역 전산네트워크 신설공사,서울교통공사,서울,42335350,41944000,+3% ~ -3%,2607346,87.745,1002,기/A값/수의,-0.92441
186,20231015422-00,수서동 임시청사 건립 공사(통신) (긴급공고),서울특별시,서울,163944000,163001775,+3% ~ -3%,10512068,87.745,1091,기/A값/순,-0.57473
187,E012308479,지하전력구 PS-LTE 비상통신망 시설공사(영등포전력지사),한국전력공사,서울,62673600,63096909,+2% ~ -2%,4022457,87.745,795,기/A값/순,0.67541
188,20231012440-00,서울시청 노후 음향설비 교체,서울특별시,서울,165880000,164825475,+3% ~ -3%,0,84.245,60,물품,-0.63572
189,20231015850-00,4호선 신용산역 여자화장실 개량 정보통신공사,서울교통공사,서울,28915700,28787725,+3% ~ -3%,1785664,87.745,894,기/A값/수의,-0.44258
190,20231012326-00,2023년 동작구 지능형 방범 CCTV 정보통신공사,서울특별시,서울,222981000,226028650,+3% ~ -3%,18552652,87.745,1051,기/A값/순,1.36677
191,E012308452,지하전력구 PS-LTE 비상통신망 시설공사(강남전력지사),한국전력공사,서울,97270800,96499294,+2% ~ -2%,5063184,87.745,793,기/A값/순,-0.79316
192,20231012871-00,개포3，일원1동 통합운영 임시청사 인테리어 공사(통신) (긴급공고),서울특별시,서울,136502000,137993325,+3% ~ -3%,9421109,87.745,1079,기/A값/순,1.09252
193,E012308392,지하전력구PS-LTE비상통신망 시설공사(전자제어부),한국전력공사,서울/경기,74547649,74301252,+2% ~ -2%,4368984,87.745,2285,기/A값/순,-0.33053
194,E012308359,2023년 배전자동화 자가광케이블 시설공사(ICT운영부),한국전력공사,서울,252747000,253759156,+2% ~ -2%,14915036,87.745,849,기/A값/순,0.40046
195,20231008275-00,경부선 서울역 선상통로 방송설비 개량공사,한국철도공사,서울,205863000,205288200,+2% ~ -2%,3747196,87.745,1028,기/A값/순,-0.27922
196,20231008211-00,철도교통관제센터 교환기용 네트워크설비 보수공사,한국철도공사,서울,38970000,39462800,+2% ~ -2%,0,87.745,903,기/수의,1.26456
197,20231006373-00,[긴급] 서울전자고 체육관 및 급식실 증축 통신공사 입찰 공고 (긴급공고),서울특별시강남서초교육지원청,서울,97854000,96973125,+3% ~ -3%,5402672,87.745,1006,기/A값/순,-0.90020
198,20231005655-00,[지명입찰] 해양3초등학교 신축 정보통신공사 관급자재(영상감시장치),한국장애인개발원/인천광역시교육청,서울/인천/경기,178305120,177513925,+2% ~ -2%,0,90,18,물품/기/수의,-0.44374
199,20230931565-00,북부교육지원청 청사 리모델링 환경개선 통신공사,서울특별시교육청,서울,325544100,322516575,+3% ~ -3%,20891893,87.745,1015,기/A값/순,-0.92999
200,2023-20502,00학교 종합체련장 노후 옥외 공사,육군사관학교,서울,91999620,92005948,+2% ~ -2%,0,87.745,18,기/수의/협정,0.00687
201,20230931286-00,도림천 복개철거 및 친수공간 조성 통신공사 (장기계속) (긴급공고),서울특별시,서울,570587000,580864750,+3% ~ -3%,37991448,87.745,1003,기/A값/순,1.80125
202,20230928288-00,지하철 1호선 종합정보플랫폼 개량 정보통신공사,서울교통공사,서울,600467830,598953200,+3% ~ -3%,45904664,87.745,1024,기/A값/순,-0.25225
203,20230926075-00,한국방송통신대학교 정보통신망선로 고도화,한국방송통신대학교,서울,167750000,166899975,+2% ~ -2%,10057577,87.745,1056,기/A값/순,-0.50673
204,42393,A지역 노후 통합감지기 교체사업,제7016부대,서울,123368000,122810793,+2% ~ -2%,0,87.995,91,물품/기,-0.45167
205,42392,노후 LAN 장비 교체사업,제7016부대,서울,223355000,223821715,+2% ~ -2%,0,87.995,104,물품/기,0.20895
206,E012308091,154kV 강서S/S 전력통신설비 시설공사,한국전력공사,서울/인천,435375600,434121505,+2% ~ -2%,26743957,87.745,1152,기/A값/순,-0.28805
207,20230928767-00,서울대공원내 지하구 통신선로 정비 및 보강공사 (긴급공고),서울특별시/서울특별시,서울/경기,529289000,526023325,+3% ~ -3%,31878488,87.745,2649,기/A값/순,-0.61700
208,20230925709-00,119 안전센터 스마트 수보대 교체,서울특별시/서울특별시,서울,198661000,199211350,+3% ~ -3%,0,84.245,27,물품/기,0.27702
209,20230927461-00,2023년 장애인콜택시 대폐 및 증차 영상저장장치 구매설치,서울시설공단,서울,142950000,142126650,+3% ~ -3%,0,87.995,72,물품/기,-0.57598
210,20230924822-00,시립광진청소년센터 영상정보처리기기(CCTV) 시스템 설치공사 견적제출 안내 공고,시립광진청소년센터,서울/경기,149600000,151365725,+3% ~ -3%,8234880,87.745,2191,기/A값/수의,1.18029
211,20230922315-00,스마트반사경 시범 제작 및 설치 사업,서울특별시,서울,36960000,37348225,+3% ~ -3%,0,84.245,33,물품/기,1.05039
212,20230929632-00,김포공항 지하차도 방재설비 통신공사,한국공항공사,서울,129065200,130101025,+2% ~ -2%,6236552,87.745,920,기/A값/순,0.80255
213,20230923230-00,DDP 운영 사무공간 조성공사(통신),재단법인서울디자인재단,서울,45760000,45576325,+3% ~ -3%,869861,87.745,775,기/A값/수의,-0.40139
214,2023-20259,23년도 감시시설 유지보수 용역,국립서울현충원,서울,31261000,31222459,+2% ~ -2%,0,88,36,기/수의,-0.12329
215,20230925168-00,평생학습관 화장실 비상벨 구매 설치,서울특별시,서울,6339000,6303000,+3% ~ -3%,0,90,28,물품/기/수의,-0.56792
216,20230924719-00,DDP패션몰 조명 및 전열 설비 노후 자동제어시스템 교체,서울시설공단,서울/경기,11092400,11095000,+3% ~ -3%,0,90,56,물품/기/수의,0.02343
217,20230919843-00,서울시 50플러스 동부캠퍼스 복합시설 건립공사 주파수분할다중화장치 구매설치,서울특별시,서울/경기,73429000,73249350,+3% ~ -3%,0,88,26,물품/기/수의,-0.24466
218,20230923793-00,민방위 지진 경보발령시스템 개선 용역 (긴급공고),인천광역시,서울/인천/경기,49995000,49812450,+3% ~ -3%,0,87.745,27,,-0.36514
219,20230915725-00,관급자재-일원초 증축공사 방송장치 구매 설치,서울특별시강남서초교육지원청,서울,90294000,90525675,+3% ~ -3%,0,87.995,27,물품/기/수의,0.25657
220,20230918644-01,구 자양1동청사 리모델링 공사(통신분야) (정정공고),서울특별시,서울,62157000,63130275,+3% ~ -3%,3082331,87.745,1138,기/정/A값/수의,1.56583
221,E012307848,23년도 화상감시시스템 교체공사,한국전력공사,서울,48078800,48221704,+2% ~ -2%,0,87.745,732,기/수의,0.29722
222,20230919923-00,5호선 강동 등 2역 승강편의시설 설치(49공구)관련 전자공사,서울교통공사,서울/경기,142076870,141549100,+3% ~ -3%,11135566,87.745,3033,기/A값/수의,-0.37147
223,20230916751-00,구립연꽃어린이집 대체신축 정보통신공사,서울특별시,서울,104060000,102973650,+3% ~ -3%,6518389,87.745,1053,기/A값/순,-1.04397
224,20230908361-00,한국기독교역사문화관 통신공사 (긴급공고),재단법인,서울,148373000,148364150,+2% ~ -2%,0,87.745,1188,수의,-0.00597
225,20230916797-00,서울마곡지구 내 우체국 건립공사(정보통신),과학기술정보통신부,서울,96373000,96646975,+2% ~ -2%,0,87.745,1123,기/수의,0.28428
226,20230914659-00,국립공원 청소년수련시설 증축공사(통신) (긴급공고),국립공원공단,서울,122507000,123135225,+2% ~ -2%,0,87.745,1212,기/수의,0.51280
227,20230914057-00,서울이문동우체국 건립 정보통신공사,과학기술정보통신부,서울,81429000,81581950,+2% ~ -2%,0,87.745,1148,기/수의,0.18783
228,20230913232-00,서울시립대학교 자연과학관 석면제거 및 환경개선 통신공사,서울특별시,서울,97086000,97109850,+3% ~ -3%,5649268,87.745,1139,기/A값/수의,0.02456
229,40052,국군교도소 화상회의시스템 구축,국방부조사본부,서울/경기,21800000,21837636,+2% ~ -2%,0,87.995,68,물품/기,0.17264
230,20230910897-01,서울성동경찰서 수사부서 환경개선 공사(통신) (정정공고),경찰청,서울,178189000,179014500,+2% ~ -2%,12770249,87.745,1125,기/정/A값/순,0.46327
231,20230912729-00,2023년 스마트시티 유무선통신망 구축 통신공사 (긴급공고),서울특별시,서울,175704000,177253775,+3% ~ -3%,11454806,87.745,1070,기/A값/순,0.88203
232,20230911802-00,능동로시장 화재알림시설 구매설치,서울특별시,서울,52194000,52224450,+3% ~ -3%,0,88,19,낙찰정정/물품/수의,0.05834
233,20230907590-00,양천소방서 119상황실 개선사업 정보통신공사,서울특별시,서울,136473106,136349675,+3% ~ -3%,4487538,87.745,1207,기/A값/수의,-0.09045
234,20230906145-00,IBK 하남데이터센터 신축공사 관급자재 구매(주차설비),중소기업은행,서울/경기,134100000,134886525,+2% ~ -2%,0,87.995,35,물품/기,0.58652
235,39291,긴급 네트워크 선로 구축 용역,국방부근무지원단,서울,138985560,140117256,+2% ~ -2%,0,87.745,158,기,0.81425
236,20230908777-00,세종문화회관 저층부 공간개선사업 정보통신공사 입찰공고(긴급) (긴급공고),재단법인세종문화회관,서울,120450000,119200675,+3% ~ -3%,7735091,87.745,1081,기/A값/순,-1.03722
237,20230907499-03,동대문소방서 119상황실 정보통신공사 (정정공고),서울특별시,서울,77031000,76299650,+3% ~ -3%,5075876,87.745,1168,기/정/A값/수의,-0.94943
238,20230906271-01,종로소방서 119상황실 개선사업 정보통신공사 (정정공고),서울특별시,서울,149810000,152271450,+3% ~ -3%,2976316,87.745,1211,기/정/A값/수의,1.64304
239,20230905142-00,금천소방서 119상황실 정보통신공사,서울특별시,서울,70733840,71119200,+3% ~ -3%,2521593,87.745,1151,기/A값/수의,0.54480
240,20230819369-01,고덕강일 공공주택지구 3단지 아파트 정보통신공사 (긴급공고) (정정공고),서울주택도시공사,전국/서울,0,18397481000,+3% ~ -3%,18358340425,1,135,기/정/A값/의무,79.995
241,20230902045-00,잠실운동장 부속실 재배치 통신 공사,서울특별시,서울,96109000,96042000,+3% ~ -3%,4831548,87.745,1171,기/A값/수의,-0.06972
242,20230902841-00,청계천 진출입로 정보통신설비 설치공사,서울시설공단,서울/경기,184151000,185035900,+3% ~ -3%,7969706,87.745,2760,기/A값/순,0.48052
243,20230836329-01,서북병원 치매안심병동 구축 리모델링 공사(통신) 시행 (정정공고),서울특별시,서울,80226000,79632600,+3% ~ -3%,0,87.745,1069,정/수의,-0.73967
244,20230902539-01,도봉소방서 3층 119상황실 정보통신공사 (정정공고),서울특별시,서울,87373770,86030450,+3% ~ -3%,3352700,87.745,1156,기/정/A값/수의,-1.53745
245,20230904028-01,강남소방서 119상황실 정보통신공사 (정정공고),서울특별시,서울,116038870,117533225,+3% ~ -3%,2821611,87.745,1204,기/정/A값/수의,1.28780
246,20230903254-01,동작소방서 119상황실 정보통신공사 (정정공고),서울특별시,서울,125590000,123016700,+3% ~ -3%,4536611,87.745,1215,기/정/A값/수의,-2.04897
247,20230901838-00,은평소방서 119상황실 정보통신 공사(재공고),서울특별시,서울,105303610,105155725,+3% ~ -3%,3092386,87.745,1177,기/A값/수의,-0.14044
248,20230903882-00,용산소방서 119상황실 개선사업 정보통신공사,서울특별시,서울,137369650,136479875,+3% ~ -3%,5511449,87.745,1196,기/A값/수의,-0.64773
249,20230901567-02,서울 중부소방서 119상황실 정보통신공사 (정정공고),서울특별시,서울,104041000,103373350,+3% ~ -3%,2626056,87.745,1191,기/정/A값/수의,-0.64172
250,20230902402-00,체육사업부 화장실 비상벨 구매 설치,서울특별시,서울,11626340,11640125,+3% ~ -3%,0,90,28,물품/기/수의,0.11856
251,20230830231-00,"자양동 10-34,46 주택건설사업 정보통신공사",서울주택도시공사,서울,194513000,193131025,+3% ~ -3%,11799131,87.745,1039,기/A값/순/협정,-0.71048
252,20230902164-00,서초소방서 119상황실 개선사업 정보통신 공사,서울특별시,서울,143934540,144027075,+3% ~ -3%,5119069,87.745,1208,기/A값/수의,0.06428
253,20230900372-00,여과지동 감시제어시스템 배관배선 설치공사 (긴급공고),서울특별시/서울특별시,서울/경기,189600000,191115900,+3% ~ -3%,12091894,87.745,2362,기/A값/순,0.79952
254,E012307324,154kV 선릉S/S 무인보안시스템 교체공사(동서울전력지사),한국전력공사,서울,54457700,54417608,+2% ~ -2%,0,87.745,745,기/수의,-0.07363
255,20230832446-00,중랑소방서 119종합상황실 정보통신공사,서울특별시,서울,125520000,125398300,+3% ~ -3%,0,87.745,302,기/수의,-0.09696
256,20230900187-00,2023년 성북소방서 119상황실 개선 공사(정보통신) 견적 제출 안내 공고 (긴급공고),서울특별시,서울,72074000,71341600,+3% ~ -3%,4022848,87.745,1116,기/A값/수의,-1.01618
257,20230836479-01,영등포소방서 119상황실 정보통신 공사 (정정공고),서울특별시,서울,66202770,65943150,+3% ~ -3%,0,87.745,1129,기/정/수의,-0.39216
258,20230835211-00,[계속비공사] 구룡공영주차장 신축공사(통신),서울특별시,서울,1009507000,1016926925,+3% ~ -3%,63018599,87.745,1002,기/A값/순,0.73500
259,20230833095-00,지하차도 조명설비 자동제어시스템 구매설치,서울시설공단,서울,147026000,146025550,+3% ~ -3%,0,87.995,33,물품/기,-0.68046
260,20230900925-02,서대문소방서 119상황실 정보통신공사 (정정공고),서울특별시,서울,107033000,106067875,+3% ~ -3%,3964963,87.745,1155,정/A값/수의,-0.90171
261,20230836857-00,광진소방서 119종합상황실 개선 사업 정보통신공사,서울특별시,서울,123840000,122658925,+3% ~ -3%,4871218,87.745,1178,기/A값/수의,-0.95372
262,20230832447-04,구로소방서 119상황실 통신공사 (정정공고),서울특별시,서울,114035143,114621325,+3% ~ -3%,100574482,87.745,1183,기/정/A값/수의,0.51403
263,20230835707-00,5호선 까치산 승강편의시설(64공구 1단계-2차) 신설 관련 전자설비 이설공사,서울교통공사,서울,30658790,30905200,+3% ~ -3%,0,87.745,900,기/수의,0.80371
264,20230823809-00,2023년 임대아파트 CCTV 교체공사(2권역),서울주택도시공사,서울,263373000,262738325,+3% ~ -3%,17016219,87.745,1059,기/A값/순,-0.24098
265,20230823770-00,2023년 임대아파트 CCTV 교체공사(1권역),서울주택도시공사,서울,353595000,350905975,+3% ~ -3%,23030918,87.745,1054,기/A값/순,-0.76049
266,20230834623-00,신정차량기지 승무분야 근무환경개선에 따른 정보통신공사,서울교통공사,서울,25287900,25515475,+3% ~ -3%,0,87.745,889,기/수의,0.89993
267,20230832704-02,서울 마포소방서 119상황실 정보통신공사 (정정공고),서울특별시,서울,126709000,128512100,+3% ~ -3%,0,87.745,1033,기/정/수의,1.42302
268,20230831042-00,서울갈현동우체국 건립공사(정보통신),과학기술정보통신부,서울,68495000,68317150,+2% ~ -2%,0,87.745,1162,기/수의,-0.25966
269,20230830900-00,서울성산동우체국 건립공사(정보통신),과학기술정보통신부,서울,60468000,60696025,+2% ~ -2%,0,87.745,1157,수의,0.37710
270,20230830730-00,서울가산동우체국 건립공사(통신),과학기술정보통신부,서울,92660000,93287825,+2% ~ -2%,0,87.745,1175,기/수의,0.67755
271,20230824427-00,이노베이션아카데미 교육연구시설 증축사업 통신공사,서울지방조달청/한국연구재단,서울,858675000,857425700,+2% ~ -2%,58397611,87.745,1017,기/A값/순/협정,-0.14550
272,2023-18474,23-D-00부대 통신공사(2504),국군재정관리단,서울,247689210,247834631,+2% ~ -2%,18113860,87.745,908,기/A값/순,0.05871
273,2023-18511,서울역TMO 시설개선(통신),국군수송사령부,서울,35862470,36109888,+2% ~ -2%,0,87.745,843,기/수의,0.68990
274,20230833434-00,패션봉제 복합지원센터 조성 공사(통신),서울특별시,서울,51200000,50555425,+3% ~ -3%,0,87.745,1083,기/수의,-1.25894
275,20230831448-00,고속선 수서역 등 3개소 CCTV 안전설비 보수공사,한국철도공사,서울/울산/충남/전북/전남,44240000,44071625,+2% ~ -2%,0,87.745,1754,기/수의,-0.38060
276,20230827762-00,5호선 상일동역 승강편의시설 설치 정보통신공사(58공구),서울교통공사,서울,378009000,378806650,+3% ~ -3%,27159578,87.745,1061,기/A값/순,0.21101
277,20230827188-00,벚꽃길 공영주차장 건립 정보통신공사,서울특별시,서울,160000000,159722400,+3% ~ -3%,10559049,87.745,1096,기/A값/순,-0.17350
278,20230829272-00,서울대학교 사회대 16동 리모델링 및 한국경제혁신센터 증개축 통신공사 (긴급공고),서울대학교,전국/서울,2716736000,2708843925,+2% ~ -2%,183444835,86.745,1179,기/A값/순/의무,-0.29050
279,20230828890-01,신월3동시장 화재알림시설 설치 사업 (긴급공고) (정정공고),서울특별시,서울,84480000,83036500,+3% ~ -3%,0,87.995,30,물품/기/정,-1.70869
280,20230827635-00,순환기센터 조성공사(통신분야),의료법인한전의료재단한일병원,서울/인천/경기,0,84956400,,0,-,29,,-
281,20230827437-00,2023년 정보통신기계실 환경개선에 따른 정보통신공사(2차) (긴급공고),서울교통공사,전국/서울,0,6094810700,+3% ~ -3%,6115091225,1,630,기/A값/순/의무,85.495
282,20230828135-00,양곡복합형 생활체육시설 회원관리프로그램 구입 설치,김포도시관리공사,서울/경기,49806800,50425450,+3% ~ -3%,0,88,30,물품/기/수의,1.24209
283,E012306947,23년 서울본부 송변전광단말장치 보강공사,한국전력공사,서울,146921500,146530252,+2% ~ -2%,8964996,87.745,820,기/A값/순,-0.26630
284,20230825532-00,동대문서 회기파출소 리모델링 통신공사,경찰청,서울,29700000,29494700,+2% ~ -2%,0,87.745,923,기/수의,-0.69125
285,20230823374-00,구리SS 등 24개소 종합감시설비 개량 기타공사,한국철도공사,서울/경기/강원,758218000,754764375,+2% ~ -2%,29866237,87.745,2843,기/A값/순,-0.45550
286,20230822327-00,[관급] 옥정중 관급자재(방송장비) 구매,서울특별시교육청,서울,95204000,94376975,+3% ~ -3%,0,87.995,34,물품/기/수의,-0.86869
287,2023-17922,00부대 광케이블 보강 공사,육군사관학교,서울,271873200,270743462,+2% ~ -2%,17367792,87.745,859,기/A값/순,-0.41554
288,20230823717-00,남산주차장 전광판 및 전관방송 시스템 설치공사,서울시설공단,서울,44428000,44622550,+3% ~ -3%,0,87.745,1008,기/수의,0.43789
289,20230823066-00,창명학사 용도변경에 따른 통신공사,서울과학기술대학교,서울,49227000,49384950,+2% ~ -2%,0,87.745,1051,기/수의,0.32086
290,20230822153-00,청년취업사관학교 동대문캠퍼스 조성공사(통신),(재)서울경제진흥원,서울,109824000,108945200,+3% ~ -3%,0,87.745,1185,기/수의,-0.80019
291,20230821207-00,중부경찰서 약수지구대 시설개선 통신 공사,경찰청,서울,22208760,22419550,+2% ~ -2%,0,87.745,878,기/수의,0.94912
292,20230818427-01,소화기 내시경실 시설개선 공사(통신) (정정공고),한국원자력의학원,서울,58696000,58661850,+2% ~ -2%,0,87.745,1134,기/정/수의,-0.05819
293,20230811870-00,가락시장 냉동창고 건립공사(정보통신),서울특별시농수산식품공사,서울,107360000,107858475,+3% ~ -3%,5524277,87.745,1052,기/A값/순,0.46430
294,20230740181-00,연구성과 사업화시설 리모델링 공사(통신),서울지방조달청/한국과학기술연구원,서울,585832000,584543200,+2% ~ -2%,40089859,87.745,1021,기/A값/순/협정,-0.22000
295,20230820418-00,방이역 직원침실 이전 정보통신공사,서울교통공사,서울,18653100,18625400,+3% ~ -3%,0,87.745,797,기/수의,-0.14851
296,20230819550-00,중구 발달장애인 평생교육센터 설치 통신공사,서울특별시,서울,91080000,91114650,+3% ~ -3%,0,87.745,1189,기/수의,0.03804
297,20230818595-00,염동초 체육관 및 급식시설 증축 통신공사 (긴급공고),서울특별시교육청,서울,166906000,167377125,+3% ~ -3%,11061630,87.745,1094,기/A값/순,0.28226
298,35883,국방데이터가시화체계 유지보수사업,합동상호운용성기술센터,서울/경기,8320590,8316065,+2% ~ -2%,0,88.000,11,기/수의,-0.05439
299,20230817734-00,디지털동행플라자 영등포 조성 통신공사,서울특별시,서울,71185300,71254075,+3% ~ -3%,0,87.745,1159,기/수의,0.09661
300,20230812829-00,3호선 독립문역 정보통신기계실 환경개선공사에 따른 전자공사,서울교통공사,서울,41905940,41977675,+3% ~ -3%,0,87.745,993,기/수의,0.17118
301,20230814332-00,광진경찰서 광나루지구대 리모델링 통신공사,경찰청,서울,31109120,30935100,+2% ~ -2%,0,87.745,941,기/수의,-0.55939
302,20230813985-00,남대문경찰서 서소문파출소 시설개선 통신 공사,경찰청,서울,21640360,21650050,+2% ~ -2%,0,87.745,866,기/수의,0.04477
303,20230813188-00,암사아리수정센터 자동제어 광케이블 설치공사,서울특별시,서울,163614000,162945675,+3% ~ -3%,0,87.745,1175,기/수의,-0.40848
304,20230812959-00,2023년 동작구 공공와이파이 구축공사,서울특별시,서울,188628000,186328675,+3% ~ -3%,13227877,87.745,1045,기/A값/순,-1.21898
305,20230740223-00,정보통신망선로 고도화 통신공사,서울지방조달청/서울교육대학교,서울,590429000,593385625,+2% ~ -2%,12264815,87.745,1007,기/A값/순/협정,0.50075
306,20230811406-00,제기동 감초마을 현진건 기념 도서관 조성공사(통신),서울특별시,서울,34287000,34427800,+3% ~ -3%,2003806,87.745,896,기/A값/순,0.41065
307,20230806334-00,2023년 서울시 버스정보안내단말기 설치 및 교체 통신공사,서울특별시,서울,93106000,93424900,+3% ~ -3%,6322237,87.745,992,기/A값/순,0.34251
308,20230810247-00,2023년 정화조 악취저감시설 모니터링 확대 설치공사,서울특별시,서울,230284000,229935750,+3% ~ -3%,12047108,87.745,984,기/A값/순,-0.15123
309,20230811372-00,잠실공원 실내놀이터 조성 공사(통신) (긴급공고),서울특별시,서울,72440000,72692675,+3% ~ -3%,3738840,87.745,1023,기/A값/순,0.34880
310,20230811214-00,서울대학교 관악 940동 공용사무실 조성사업 통신공사,서울대학교,서울,140214000,139674925,+2% ~ -2%,9360259,87.745,1055,기/A값/순,-0.38447
311,20230810486-00,UAM 이착륙장(Vertiport) 모의운용 시스템 장비 구매설치,한국공항공사,서울,104486800,104467750,+2% ~ -2%,0,88,22,물품/기/수의,-0.01824
312,20230809669-00,양천구 보육타운 건립 정보통신공사 (긴급공고),서울특별시,서울,518940000,512090050,+3% ~ -3%,34869901,87.745,1028,기/A값/순,-1.31999
313,20230806496-00,서대문문화체육회관 소극장 리모델링 공사(통신),서울특별시,서울,59153000,58710875,+3% ~ -3%,0,87.745,1131,기/수의,-0.74743
314,20230807967-00,광역철도 자동발매기 철거 등 재배치 공사,한국철도공사,서울/경기/충남,62677000,62744725,+2% ~ -2%,0,87.745,2818,기/수의,0.10805
315,20230807790-00,서울문화재단 대학로센터 환경개선(2차) 옥상회의실 조성 통신공사,재단법인서울문화재단,서울,6658000,6652200,+3% ~ -3%,0,87.745,358,기/수의,-0.08712
316,20230805281-00,서울애니메이션센터 건립 통신공사(장기) (긴급공고),서울특별시/서울특별시,전국/서울,1653985000,1658628600,+3% ~ -3%,109612523,86.745,1045,기/A값/순/의무,0.28075
317,20230803245-00,7호선 남구로역 승강장안전문(PSD) 케이블 이설 공사(51공구),서울교통공사,서울,184162260,184329925,+3% ~ -3%,12667640,87.745,1041,기/A값/순,0.09104
318,20230802739-00,김포공항 승강시설 감시장비 개선공사,한국공항공사,서울,327670000,326172600,+2% ~ -2%,14345237,87.745,1008,기/A값/순,-0.45699
319,20230734592-01,[변경공고]중소제작사 성장거점 구축 인테리어 공사(통신) (정정공고),한국콘텐츠진흥원,서울,27115000,27203500,+2% ~ -2%,1687197,87.745,822,기/정/A값/순,0.32638
320,20230801709-00,월곡 복합체육센터 신축 정보통신공사 (긴급공고),서울특별시,서울,455414000,461921925,+3% ~ -3%,29054148,87.745,1029,기/A값/순,1.42901
321,20230801016-00,舊경찰박물관 리모델링 정보통신공사 (긴급공고),서울특별시,서울,412467000,417512550,+3% ~ -3%,22354058,87.745,1037,기/A값/순,1.22326
322,E012306489,"인재개발원 무선 침입방지, AP용 통신공사",한국전력공사,서울,51690100,52137829,+2% ~ -2%,0,87.745,643,기/수의,0.86617
323,20230738844-00,정독도서관 통합형 시설개선 통신공사,서울특별시교육청,서울,42606000,42863375,+3% ~ -3%,0,87.745,968,기/수의,0.60408
324,20230738367-00,구의역 지상3층(승강장층) 슬림형개집표기 및 바닥 보수 공사,서울교통공사,서울,10817440,10820450,+3% ~ -3%,0,87.745,484,기/수의,0.02782
325,20230726071-00,역 사각지대 SOS 비상호출장치 설치공사,서울교통공사,전국/서울,1774653800,1768411500,+3% ~ -3%,117641635,86.745,1114,기/A값/순/의무,-0.35175
326,20230733828-00,생활SOC 금천구 가족센터 복합화시설 신축공사(통신),서울특별시,서울,387353000,391536500,+3% ~ -3%,24146311,87.745,1040,기/A값/순,1.08002
327,20230736922-00,봉화산 승강편의시설(48공구) 신설 관련 전자설비 신설공사,서울교통공사,서울,43176640,43269300,+3% ~ -3%,0,87.745,964,기/수의,0.21460
328,20230732642-00,2023년 생활안전 CCTV 설치 공사,서울특별시,서울,257650000,259107675,+3% ~ -3%,13739930,87.745,1047,기/A값/순,0.56575
329,20230737813-02,상문고 구관(지혜관) 방송선로 개선공사 (정정공고),서울특별시교육청,서울,129580000,128797050,+2% ~ -2%,3846269,87.745,998,기/정/A값/순,-0.60423
330,20230735212-00,8호선 암사역 노후 에스컬레이터 교체 정보통신공사,서울교통공사,서울,15384200,15423775,+3% ~ -3%,0,87.745,697,기/수의,0.25724
331,20230732445-00,가양초 체육관 증축 및 급식실 리모델링 통신공사 (긴급공고),서울특별시교육청,서울,116600000,115838925,+3% ~ -3%,7701962,87.745,1056,기/A값/순,-0.65273
332,20230720219-00,5호선 까치산역 승강편의시설(E/L) 설치공사(64공구-1단계 정보통신 1차),서울교통공사,전국/서울,1919727000,1882081225,+3% ~ -3%,118162573,86.745,1139,기/A값/순/의무,-1.96100
333,20230732563-00,7호선 가산디지털단지역 승강편의시설 설치 정보통신공사(56공구),서울교통공사,서울,47656100,47935875,+3% ~ -3%,0,87.745,954,기/수의,0.58707
334,20230729351-00,청년취업사관학교 성동캠퍼스 조성공사(통신),(재)서울경제진흥원,서울,195430000,193694175,+3% ~ -3%,5809317,87.745,1054,기/A값/순,-0.88821
335,20230726359-00,하정어린이집 환경개선공사(통신),서울특별시,서울,72870000,71979750,+3% ~ -3%,0,87.745,1110,기/수의,-1.22170
336,20230721153-00,안보수사 연구교육센터 통신공사,서울지방조달청/경찰청,서울,39228000,39268150,+2% ~ -2%,0,87.745,93,기/수의/협정/여성,0.10235
337,20230725753-00,한국육영학교 영상선로(TV) 교체 통신공사 입찰공고,서울특별시교육청,서울,82893000,82923100,+3% ~ -3%,0,87.745,1137,기/수의,0.03631
338,20230721626-00,서울노원경찰서 수사부서 환경개선 공사(통신),경찰청,서울,212678500,212799800,+2% ~ -2%,14770073,87.745,1070,기/A값/순,0.05703
339,20230723788-00,서울디지털운동장 및 드림타운 무인주차시스템 설치·운영,한국산업단지공단,서울/인천/경기,50105000,50124825,+2% ~ -2%,0,88,17,물품/수의,0.03956
340,20230723342-00,서울공고 제3교무실 외 특별실(3개실) 환경개선 통신공사 (긴급공고),서울특별시교육청,서울,95926790,96137150,+3% ~ -3%,0,87.745,1134,수의,0.21929
341,20230722834-00,연천초 급식실 및 학생식당 증축 통신공사,서울특별시교육청,서울,81829000,81095650,+3% ~ -3%,0,87.745,1112,기/수의,-0.89620
342,20230721030-00,승리관 및 오륜관 장애인용 승강기 설치 통신공사,한국체육대학교,서울,30250000,30465500,+2% ~ -2%,0,87.745,939,기/수의,0.71239
343,20230722272-00,광진서 중곡2파출소 시설개선 통신공사,경찰청,서울,30030000,30000625,+2% ~ -2%,0,87.745,936,기/수의,-0.09782
344,20230721921-00,(긴급)서울신명초 방송선로 개선 통신공사 (긴급공고),서울특별시교육청,서울,125171000,125488675,+3% ~ -3%,0,87.745,1211,수의,0.25379
345,20230721563-00,영락중 방송시설 개선공사 통신공사 2인이상 견적제출 계약 안내공고 (긴급공고),서울특별시서부교육청,서울,104098000,104775725,+2% ~ -2%,0,87.745,1141,수의,0.65104
346,20230721450-00,4호선 노원역 전자설비 이설공사,서울교통공사,서울,16230040,16258375,+3% ~ -3%,0,87.745,730,기/수의,0.17458
347,20230718575-00,2023년 제1차 영상정보용 자가통신망 구축 공사,서울특별시,서울,275270000,273233050,+3% ~ -3%,13725825,87.745,1040,기/A값/순,-0.73999
348,20230717716-03,2023년 서울디지텍고등학교 학교시설환경개선 공사(통신) (긴급공고) (정정공고),서울특별시교육청,서울,59614000,59618050,+2% ~ -2%,0,87.745,1063,정/연기/수의,0.00679
349,20230713545-00,서울의료원 외래 환경 및 편의시설 리모델링(2단계) 통신공사,서울특별시,서울,166537000,167987150,+3% ~ -3%,0,87.745,1180,기/수의,0.87076
350,20230713119-00,IoT기반 실시간 소방시설정보관리시스템 단말기 구매,인천광역시,서울/인천/경기,217800000,218057050,+3% ~ -3%,0,87.995,18,물품/기,0.11802
351,20230646900-01,2023년 소규모주택 CCTV 설치공사 (정정공고),서울주택도시공사,서울,101860000,100389950,+3% ~ -3%,3716628,87.745,987,기/정/A값,-1.44321
352,20230642260-00,"서울위례초 그린스마트 개축 및 리모델링 통신공사(장기계속,총차)",서울특별시교육청,전국/서울,1398430000,1411085850,+3% ~ -3%,86008703,86.745,1116,기/A값/의무,0.90500
353,20230710354-00,[긴급]신연중 본관 및 체육관 방송선로 개선 통신공사 (긴급공고),서울특별시교육청,서울,272949000,275039125,+3% ~ -3%,17670203,87.745,1050,기/A값,0.76575
354,20230709778-00,도림천역 등 3개역 화장실 호출통화장치 개량 및 기타 정보통신공사,서울교통공사,서울,93071500,93003150,+3% ~ -3%,0,87.745,1121,기/수의,-0.07344
355,20230708845-00,양서중 방송선로 교체 통신공사 (긴급공고),서울특별시교육청,서울,199831000,199623225,+3% ~ -3%,11772247,87.745,1062,기/A값,-0.10398
356,20230708642-00,교내 보건실 및 기타(기숙사 사감실 등) 환경개선공사 통신공사,서울특별시교육청,서울,3850000,3882650,+2% ~ -2%,0,87.745,274,기/수의,0.84805
357,20230703129-00,국립중앙박물관 승강기 교체(통신공사(도급)),문화체육관광부,서울,30283000,30292225,+2% ~ -2%,0,87.745,873,기/수의,0.03046
358,20230704320-00,인터넷전화기 및 과금 서버 SW 구매,인천광역시,서울/인천,77440000,77986575,+3% ~ -3%,0,88,52,물품/기/수의,0.70580
359,20230704595-00,23/24년 도로터널 라디오 재방송설비 유지보수 용역,서울특별시,서울,35931800,35880825,+3% ~ -3%,0,88,119,수의,-0.14187
360,20230701627-00,2023년 교통관리시스템 노후 무인통신중계소 교체 공사,서울시설공단,서울,112060000,112095350,+3% ~ -3%,4132419,87.745,995,기/A값,0.03154
361,20230702123-02,청사보안용 출입통제게이트 구매(스피드게이트) (정정공고),경찰청,서울/경기,102900000,102794325,+2% ~ -2%,0,88,43,물품/기/정/수의,-0.10270
362,20230646288-00,휘봉고 방송장비 개선 통신공사,서울특별시교육청,서울,132110000,132693325,+3% ~ -3%,3033444,87.745,1043,기/A값,0.44154
363,20230646198-00,전농초 본관동 방송선로개선 통신공사,서울특별시교육청,서울,242390000,244590950,+3% ~ -3%,14520710,87.745,1033,기/A값,0.90802
364,20230638220-00,중화초 방송선로개선 통신공사,서울특별시교육청,서울,244016000,242717875,+3% ~ -3%,14410225,87.745,1032,기/A값,-0.53199
365,20230636799-00,서대문구 메인링 자가정보통신망 광케이블 설치 공사,서울특별시,서울,388871000,386331725,+3% ~ -3%,20482999,87.745,1056,기/A값,-0.65299
366,20230639506-00,오금고 교사동 및 정보화동 방송선로개선 통신공사,서울특별시교육청,서울,144090000,143186975,+3% ~ -3%,0,87.745,1217,수의,-0.62671
367,20230638368-00,전자고 통신선로 개선 통신공사 계약 견적제출 안내 공고,서울특별시강남서초교육지원청,서울,78974000,80045500,+3% ~ -3%,0,87.745,1127,수의,1.35677
368,20230637701-00,서울대학교 LnL시범사업(906동) 리모델링 통신공사 (긴급공고),서울대학교,서울,186207000,188228775,+2% ~ -2%,12243269,87.745,1049,기/A값/순,1.08576
369,20230636521-00,경춘선 신내역 등 90역 승강장안전문 센서 개량공사(총체 및 1차),한국철도공사,서울/경기,538714000,539694500,+2% ~ -2%,17685161,86.745,2525,기/A값/순,0.18200
370,20230637765-00,미성동 복합청사 신축공사(통신) (긴급공고),서울특별시,서울,263190000,261865550,+3% ~ -3%,16468747,87.745,1061,기/A값,-0.50323
371,20230633529-00,난지물재생센터 인터넷전화 구매설치,서울특별시/서울특별시,서울,146712000,144887325,+3% ~ -3%,0,87.995,11,낙찰정정/물품/기,-1.24372
372,20230635737-00,2023년 전산네트워크(업무망) 신설공사,서울교통공사,서울/경기,63158640,62689100,+3% ~ -3%,0,87.745,2765,기/수의,-0.74343
373,20230630379-00,역삼1동 선정경로당 신축공사(통신),서울특별시,서울,103840000,103267875,+3% ~ -3%,5520672,87.745,1046,기/A값,-0.55097
374,20230630498-00,의정부지 유적정비(역사유적광장)사업 통신공사,서울특별시,서울,76640000,76548075,+3% ~ -3%,0,87.745,1144,기/수의,-0.11995
375,20230632784-00,숭실고등학교 본관동 방송선로교체공사 전자입찰 공고(긴급) (긴급공고),서울특별시교육청,서울,151243000,149973000,+2% ~ -2%,1758497,87.745,1053,기/A값/순,-0.83971
376,2023-13469,23-142 00부대 케이블 교체공사,수도방위사령부,서울,207592000,209505131,+2% ~ -2%,12370271,87.745,867,기/A값/순/연기,0.92158
377,2023-13465,23-132 지휘소 케이블 교체공사,수도방위사령부,서울,121584000,120743126,+2% ~ -2%,6469075,87.745,867,기/A값/순/연기,-0.69160
378,20230628955-00,도곡1동 도곡1경로당 신축공사(통신),서울특별시,서울,120434000,119557900,+3% ~ -3%,7431753,87.745,1070,기/A값,-0.72746
379,20230611763-00,당인리 문화공간 조성 정보통신공사,서울지방조달청/문화체육관광부,전국/서울,1960856000,1960978600,+2% ~ -2%,123541697,86.745,1085,기/A값/순/의무,0.00625
380,20230624784-01,23/24년 상반기 터널 및 지하차도 재난방송설비 유지관리 용역 (정정공고),서울특별시,서울,91193000,90444125,+3% ~ -3%,0,88,207,기/정/수의,-0.82120
381,20230631953-00,청년취업사관학교 종로캠퍼스 조성공사(통신),(재)서울경제진흥원,서울,112321000,112520975,+3% ~ -3%,0,87.745,1151,기/수의,0.17803
382,20230629710-00,2023.2024년 도로터널 재난방송설비 유지보수용역(장기계속),서울특별시,서울,88540000,88554000,+3% ~ -3%,0,88,198,수의,0.01581
383,20230622853-00,지하차도 13개소 침수감지장치 설치 공사,서울특별시,서울,139700000,138882450,+3% ~ -3%,0,87.745,1147,기/수의,-0.58522
384,20230614164-00,2023년 서울청 ITS 연간 유지보수공사,서울지방조달청/국토교통부,서울/인천/경기,621403000,623977200,+2% ~ -2%,34624071,86.745,2725,기/A값/순/협정,0.41425
385,20230620262-00,소방관서 IP행정교환기 증설,서울특별시/서울특별시,서울,312783000,311251975,+3% ~ -3%,0,80.495,52,물품,-0.48949
386,20230626501-00,일산선 화정역 등 10역 비상게이트 개량 기타공사,한국철도공사,서울/인천/경기,138668000,137803125,+2% ~ -2%,0,87.745,3257,기/수의,-0.62371
387,20230625415-00,2023년 긴급차량 우선신호 시스템 설치사업,경기도,서울/경기,100590000,100895350,+3% ~ -3%,0,87.745,232,수의,0.30355
388,20230625224-00,2023년 방범용 CCTV 설치공사 (긴급공고),서울특별시,서울,643247000,639541950,+3% ~ -3%,35022485,87.745,569,기/A값,-0.57600
389,20230620390-00,6호선 구산역 승강장안전문(PSD) 케이블 이설 공사(51공구),서울교통공사,서울,53996990,54273650,+3% ~ -3%,3068436,87.745,932,기/A값,0.51236
390,20230620380-00,공사청사 회의실 등 노후시설 개선 정보통신공사,한국공항공사,서울,245928100,243783025,+2% ~ -2%,9596513,87.745,1043,기/A값/순,-0.87224
391,20230618878-00,2023년 영등포구 다목적CCTV 설치를 위한 통신공사,서울특별시,서울,710380000,707547425,+3% ~ -3%,40950962,87.745,972,기/A값,-0.39875
392,20230618631-00,2023년 CCTV 성능개선 공사,서울특별시,서울,456676000,459259700,+3% ~ -3%,24406586,87.745,563,기/A값,0.56576
393,2023-12690,00부대 취사식당 신축(23-신-5-통신),특수전사령부,서울,156871000,157815563,+2% ~ -2%,0,87.745,982,기/수의,0.60212
394,25214,00부대 DID WALL 이전 설치 용역,국방부근무지원단,서울/경기,78714990,79411343,+2% ~ -2%,0,88,238,기/수의,0.88465
395,20230620834-00,[긴급] 서이초 방송선로 개선 통신공사 입찰 공고 (긴급공고),서울특별시강남서초교육지원청,서울,161087000,160060950,+3% ~ -3%,10577926,87.745,1049,기/A값,-0.63696
396,20230619578-00,신진과학기술고등학교 석면해체제거 통신공사,서울특별시교육청,서울,27778000,27833925,+2% ~ -2%,0,87.745,869,기/수의,0.20132
397,20230615694-00,면목초 방송선로개선 통신공사,서울특별시교육청,서울,218097000,217205575,+3% ~ -3%,14090320,87.745,1050,기/A값,-0.40873
398,2023-10390,23-D-주차장 신축 통신공사(2013),국군재정관리단,서울,290171560,290545530,+2% ~ -2%,19999700,87.745,844,기/A값/순,0.12887
399,20230617585-00,다중인파 밀집지역 CCTV 설치공사 (긴급공고),서울특별시,서울,178373000,177655550,+3% ~ -3%,8950021,87.745,564,기/A값,-0.40222
400,20230610186-01,남산3호터널 비상방송설비 납품설치 (정정공고),서울특별시,서울/경기,82251000,82473950,+3% ~ -3%,0,87.995,77,물품/기/정,0.27106
401,24090,B지역 노후 통합감지기 교체사업,제7016부대,서울,236000000,235970562,+2% ~ -2%,0,87.995,80,물품/기,-0.01248
402,20230612836-00,강남구민회관 방송실 콘솔시스템 구매 공고,서울특별시,서울,48208000,48022200,+3% ~ -3%,0,88,28,물품/기/수의,-0.38542
403,20230608026-02,서울대학교 법학전문대학원 첨단 평가시설 및 시스템 구축 통신공사 (긴급공고) (정정공고),서울대학교,서울,240977000,239111300,+2% ~ -2%,11854880,87.745,1003,기/정/A값/순,-0.77423
404,20230608719-00,KBS송신소부지 복합문화타운 건립 정보통신공사(긴급) (긴급공고),서울특별시,서울,841609000,835446375,+3% ~ -3%,54202312,87.745,978,기/A값,-0.73225
405,20230605108-00,망우초 교사동 방송선로개선 통신공사,서울특별시교육청,서울,203266000,204743800,+3% ~ -3%,13486906,87.745,1055,기/A값,0.72702
406,20230605509-00,수서차량기지 노후 변전소 개량 정보통신공사,서울교통공사,서울,9603970,9632100,+3% ~ -3%,0,87.745,421,기/수의,0.29289
407,E012304727,지하전력구 PS-LTE 비상통신망 1차 구축공사,한국전력공사,서울,151355600,150962444,+2% ~ -2%,8395936,87.745,781,기/A값/순,-0.25976
408,20230604309-00,출입통제게이트 및 부대설비 유지보수 용역 (재공고),서울교통공사,서울/경기,208445240,209066475,+3% ~ -3%,0,87.745,202,기,0.29803
409,20230601386-00,경부선 영등포역 등 75역 자동개집표기 주전자제어장치 개량 기타공사,한국철도공사,서울/인천/경기,124773000,124036275,+2% ~ -2%,0,87.745,3128,기/수의,-0.59046
410,20230600048-00,컴퓨터 서버(GPU Server FT83A-B7129_A6000),서울특별시,서울,89947000,90062625,+3% ~ -3%,0,88,15,물품/기/수의,0.12854
411,20230600963-00,빅데이터를 활용한 마이스터 로봇화연구시설(3차) 통신공사 (긴급공고),서울특별시,서울,283635000,282470725,+3% ~ -3%,16459216,87.745,979,기/A값,-0.41049
412,20230544565-00,기술본부 여직원 안전설비 확충 정보통신공사 (긴급공고),서울교통공사,서울/경기,180124150,178986725,+3% ~ -3%,11217610,87.745,2686,기/A값,-0.63147
413,20230540972-00,"서울특별시보라매병원 전문건설회관 행정동(21층, 12층) 이전 공사(통신)",서울시,서울,130713000,130487250,+3% ~ -3%,7088727,87.745,1040,기/A값,-0.17271
414,2023-09226,태성대아파트 리모델링 공사(통신),공군항공안전단,서울,28913725,29116024,+2% ~ -2%,0,87.745,702,기/수의,0.69966
415,20230537908-00,7호선 노원역 환승통로 노후 에스컬레이터 교체 정보통신공사,서울교통공사,서울,32271900,32052025,+3% ~ -3%,0,87.745,899,수의,-0.68133
416,20230535513-00,7호선 전력 RTU 개량 정보통신공사,서울교통공사,서울/경기,531918900,541101200,+3% ~ -3%,33241046,87.745,2623,기/A값,1.72625
417,202305284,[긴급]세종포천선 용인지사 등 13개소 구내통신공사,한국도로공사,전국/서울/경기,1486389000,1486834918,+3% ~ -3%,71863346,86.745,2703,기/A값/순/의무,0.03000
418,202305283,[긴급]세종포천선(용인구리) 용인지사 등 12개소 방송장비 설치공사,한국도로공사,서울/경기,257510068,253653212,+3% ~ -3%,11665890,87.745,2423,기/A값/순,-1.49775
419,20230541266-00,2023년 성북구 마을버스 BIT 신규 설치공사,서울특별시,서울/경기,39300000,39417875,+3% ~ -3%,0,87.745,2315,기/수의,0.29993
420,20230538368-00,2023년 제2차 교내 통신시설물 성능개선공사,서울과학기술대학교,서울,70000000,69557250,+2% ~ -2%,0,87.745,1127,수의,-0.63250
421,20230535640-00,7호선 남구로 승강편의시설(51공구) 신설관련 전자설비 네트워크 이설공사,서울교통공사,서울,87210760,86713475,+3% ~ -3%,0,87.745,1089,기/수의,-0.57022
422,20230535330-00,5호선 여의나루역 변전소 노후설비 개량 정보통신공사,서울교통공사,서울,18779200,18905075,+3% ~ -3%,0,87.745,778,기/수의,0.67028
423,20230530276-00,경원선 회룡 등 2역 승강장 비상통화장치 개량공사,한국철도공사,서울/경기,186918000,186957800,+2% ~ -2%,4398569,87.745,2589,기/A값/순,0.02129
424,20230529607-02,신림로 자가정보통신망 (CCTV) 지중화 공사 (정정공고),서울특별시,서울,76186000,75585675,+3% ~ -3%,1181929,87.745,991,기/정/A값,-0.78798
425,20230532169-00,은평경찰서 대조파출소 신축 통신공사,경찰청,서울,49480200,49323400,+2% ~ -2%,0,87.745,1015,기/수의,-0.31690
426,E012304288,동서울-거여 전력구 운영시스템 설치공사(송전운영부),한국전력공사,서울/경기,559494786,560805609,+2% ~ -2%,32023588,86.745,1623,기/A값/순/협정,0.23428
427,20230527873-00,난곡터널 재방송설비 물품 제조·구매 설치(교체) (재공고),서울특별시,서울/인천/경기,47493904,47531600,+3% ~ -3%,0,88,15,물품/수의,0.07937
428,E012304242,계통보호용 유니트(PIU) 및 PDAS 케이블 시설공사(강남전력지사),한국전력공사,서울,52683400,52108546,+2% ~ -2%,0,87.745,720,기/수의,-1.09115
429,20230526819-00,5호선 비상통화장치 개량 정보통신공사 (긴급공고),서울교통공사,서울/경기,577993900,575546150,+3% ~ -3%,42729820,87.745,2580,기/A값,-0.42350
430,20230526540-00,서남센터 유량계 현장 검·교정 용역,서울물재생시설공단,서울/인천/경기,38133000,38055550,+3% ~ -3%,0,88,32,기/수의,-0.20311
431,20230525941-00,2023년 불법주정차단속 CCTV 설치공사 (긴급공고),서울특별시,서울,426300600,425521575,+3% ~ -3%,25357521,87.745,561,기/A값,-0.18275
432,20230525783-00,2023년 3호선 정보통신기계실 환경개선공사(정보통신) (긴급공고),서울교통공사,전국/서울,2815010810,2823272925,+3% ~ -3%,168612227,86.745,1077,기/A값/의무,0.29350
433,20230521165-00,2023년 외부출입구 캐노피 설치 정보통신공사,서울교통공사,서울,146634900,146396300,+3% ~ -3%,10336974,87.745,1041,기/A값,-0.16272
434,20230515242-00,5호선 노후 모니터링 시스템 개량 사업(설치공사) (긴급공고),서울교통공사,전국/서울,0,7338602900,+3% ~ -3%,7410025925,1,504,기/A값/의무,85.495
435,20230512382-00,월계도서관 리모델링 공사(통신) (긴급공고),서울특별시,서울,464365000,457598100,+3% ~ -3%,28966806,87.745,1051,기/A값,-1.45724
436,20230516134-00,"원,정수 수질자동 연속측정기 구매 설치",서울특별시/서울특별시,서울,326705500,325843050,+3% ~ -3%,0,80.495,40,물품/기,-0.26399
437,20230514322-00,화곡4-1공영주차장 증축공사(통신),서울특별시,서울,120700000,121400725,+3% ~ -3%,7483089,87.745,1067,기/A값,0.58055
438,E012304057,서울본부 직할 송변전광단말장치 PTPU 설치공사,한국전력공사,서울,34471800,34356102,+2% ~ -2%,0,87.745,670,기/정/수의,-0.33564
439,20230517014-00,분당선 선릉역 등 9역 자동개집표기 통신방식 개량공사,한국철도공사,서울/경기,77294000,77233175,+2% ~ -2%,0,87.745,2775,기/수의,-0.07870
440,20230516943-00,경원선 응봉역 등 2역 열차행선안내장치 개량공사,한국철도공사,서울/경기,78627000,78560225,+2% ~ -2%,0,87.745,2790,기/수의,-0.08493
441,20230516789-00,올림픽공원 광자가통신망 구축(2차),서울올림픽기념국민체육진흥공단,서울,160459200,161223850,+2% ~ -2%,0,87.745,624,기/수의,0.47653
442,E012303840,여의사옥 전관방송 음향설비 성능개선 공사(ICT운영부),한국전력공사,서울,77733700,77459956,+2% ~ -2%,862911,87.745,784,기/A값/순,-0.35216
443,20230513701-00,강남힐링센터(신사) 신축공사(통신) (긴급공고),서울특별시,서울,438880000,436383925,+3% ~ -3%,25489217,87.745,1029,기/A값,-0.56874
444,20230505232-00,백년시장 아케이드 설치공사(통신),서울특별시,서울,162480000,164004125,+3% ~ -3%,0,87.745,1205,기/수의,0.93803
445,20230506247-00,국회 둔치주차장 보안장비(CCTV) 교체 공사 (긴급공고),국회,서울,121237000,122016900,+2% ~ -2%,7070882,87.745,1014,기/A값/순,0.64328
446,20230503336-00,"당서초 체육관, 특별교실, 급식실 증축 통신공사 (긴급공고)",서울특별시교육청,서울,229031000,230333700,+3% ~ -3%,14607931,87.745,1051,기/A값,0.56878
447,20230501537-00,의원회관 주차안내설비 교체 공사 (긴급공고),국회,서울,227400000,228990150,+2% ~ -2%,8007804,87.745,1002,기/A값/순,0.69927
448,20230438059-02,2023년도 도봉경찰서 전산장비 유지보수 계약 (정정공고),경찰청,서울/경기,21600000,21437525,+2% ~ -2%,0,87.745,14,기/정,-0.75220
449,2023-07183,00부대 낙뢰 및 접지시설 공사,육군제6501부대,서울/경기,65452570,65196444,+2% ~ -2%,0,87.745,2505,기/수의,-0.39132
450,20230445282-00,7호선 뚝섬유원지역 고객대기실 설치 정보통신공사,서울교통공사,서울,22310000,22229575,+3% ~ -3%,0,87.745,854,기/수의,-0.36049
451,20230443532-00,수락산역 등 2역(49공구) 승강장안전문 케이블 교체 공사,서울교통공사,서울,209120360,209151275,+3% ~ -3%,14040555,87.745,1009,기/A값,0.01478
452,20230442289-00,신사가동보 및 수문 원격제어시스템 개량사업,서울특별시,서울,174870000,175137600,+3% ~ -3%,0,87.995,23,물품/기,0.15302
453,2301210-00,"서울대방 아파트 정보통신공사 1공구 (공분,후분,행복283호)",한국토지주택공사,전국/서울,3102135000,3084569000,+2% ~ -2%,177708618,86.745,1086,기/A값/순/의무,-0.56626
454,20230442953-00,노후 IP 교환기 교체 (긴급공고),과천도시공사,서울/경기,118833000,117551125,+3% ~ -3%,0,84.245,70,물품,-1.07872
455,20230439261-00,차량사업소 검수ㆍ청소작업 모니터링 시스템 구축 (긴급공고),서울교통공사,서울/경기,290334840,290083000,+3% ~ -3%,14615771,87.745,2480,기/A값,-0.08675
456,20230440002-00,용산구 광대역 자가통신망 지선 고도화 (긴급공고),서울특별시,서울,199166000,200584100,+3% ~ -3%,12942137,87.745,935,기/A값,0.71201
457,20230439009-00,구로구의회 본회의장 대형LED스크린 설치(긴급) (긴급공고),서울특별시,서울,162780000,162759300,+3% ~ -3%,0,87.995,27,물품/기/수의,-0.01272
458,E012303209,154kV한남S/S~순화S/S 광전송선로 시설공사,한국전력공사,서울,134470600,134086368,+2% ~ -2%,3094794,87.745,760,기/A값/순,-0.28574
459,20230426789-00,소래송신소 CCTV 보강공사,한국방송공사,서울/인천/경기,152000000,151060300,+2% ~ -2%,0,85,3193,기,-0.61823
460,20230433656-00,양천도서관 화장실개선 통신공사,서울특별시교육청,서울,4281000,4254725,+3% ~ -3%,0,87.745,340,기/수의,-0.61376
461,20230432156-00,지하철 1~4호선 취약개소 CCTV 설치 정보통신공사,서울교통공사,서울,588368050,593529575,+3% ~ -3%,41209629,87.745,1004,기/A값,0.87726
462,20230430746-00,신구중학교 도서관 및 중앙현관 환경개선 공사(통신),서울특별시강남교육청,서울,8470000,8475350,+3% ~ -3%,0,87.745,461,기/수의,0.06316
463,20230429586-00,김포공항 외곽도로 침수구역 정보통신공사,한국공항공사,서울,57494800,57390925,+2% ~ -2%,1459845,87.745,988,기/A값/순,-0.18067
464,14553,무선망 네트워크장비 교체사업,제7016부대,서울,58774509,58698526,+2% ~ -2%,0,87.995,41,물품/기,-0.12928
465,20230431306-00,분당선 선릉역 등 41역 시각장애인용 음성유도기 개량공사,한국철도공사,서울/인천/경기,161034000,160781225,+2% ~ -2%,0,87.745,3206,기/수의,-0.15697
466,20230431028-00,구민회관 공연장 안내방송 시스템 구매설치 공고 (재공고),서울특별시,서울,48950000,48996325,+3% ~ -3%,0,87.995,28,물품,0.09463
467,20230424526-00,출입통제게이트 및 부대설비 유지보수 용역,서울교통공사,서울/경기,208445240,206586975,+3% ~ -3%,0,87.745,203,기,-0.89149
468,20230413388-00,국가산림위성정보활용센터 신축공사(통신공사),서울지방조달청/산림청,서울,208135000,207478375,+2% ~ -2%,13970842,87.745,1035,기/A값/순/협정,-0.31549
469,14934,과학화경계시스템(CCTV) 외주정비 용역(23-021),수도방위사령부,서울/경기,132625000,133368356,+2% ~ -2%,0,87.745,175,기/정,0.56049
470,20230429080-00,성수역 등 3개역 전기실 노후설비 개량에 따른 정보통신공사,서울교통공사,서울,20813290,20919225,+3% ~ -3%,0,87.745,800,수의,0.50897
471,20230428799-00,구립별하어린이집 신축공사(통신),서울특별시,서울,80945000,81843550,+3% ~ -3%,0,87.745,1107,수의,1.11007
472,20230424376-00,실시간 하천 수질 모니터링 시스템 구입설치,경기도,서울/경기,84095000,84882825,+3% ~ -3%,0,88,29,물품/수의,0.93682
473,20230333597-00,서울남부구치소 대체복무 생활관 증축공사(통신),서울지방조달청/법무부,서울,312963000,312107100,+2% ~ -2%,21047136,87.745,1012,기/A값/순/협정,-0.27349
474,20230416163-00,2023년 가양대교 CCTV영상감시장비 신규설치 공사,서울특별시,서울,192604000,193062925,+3% ~ -3%,16285473,87.745,1010,기/A값,0.23827
475,20230422361-00,노원(4)역 승강편의시설 설치에 따른 전자공사(C-7 공구),서울교통공사,서울,46403830,45927525,+3% ~ -3%,0,87.745,984,수의,-1.02644
476,12406,00부대 CCTV 구매 설치,국방부근무지원단,서울/경기,11399850,11352773,+2% ~ -2%,0,88,146,물품/기/수의,-0.41297
477,20230410269-00,(긴급) 어린이대공원 LED 전광판 구매설치 (긴급공고),서울시설공단,서울,59124000,59443775,+3% ~ -3%,0,87.995,33,물품/기,0.54085
478,20230413320-00,2023년 전통사찰 방재시스템 유지보수 용역(연간단가),서울특별시,서울,75760000,75350000,+3% ~ -3%,0,88,102,기/수의,-0.54119
479,20230402824-00,아트코리아랩 리모델링 및 인테리어 공사(통신),서울지방조달청/(재)예술경영지원센터,서울,623089000,628823025,+2% ~ -2%,42840954,86.745,978,기/A값/순/협정,0.92025
480,E012302632,고덕강일1지구 등 4개소 자가광케이블 지장이설공사(ICT운영부),한국전력공사,서울,60748600,60585506,+2% ~ -2%,0,87.745,798,기/수의,-0.26848
481,E012302590,23년 계시별 고객 원격검침망 구축 공사,한국전력공사,서울,40794600,40736010,+2% ~ -2%,2353532,87.745,692,기/A값/순,-0.14363
482,20230405710-00,서해선(소사~원시) 상황실 CTC설비 유지보수용역,서해철도,서울/인천/경기,63800000,63350600,+3% ~ -3%,0,87.745,29,기,-0.70439
483,20230404403-00,2023년 노후 AFC분전함 개선 및 전자설비(발매기 등) 케이블 신설공사,서울교통공사,서울,186567860,187144875,+3% ~ -3%,13847608,87.745,1015,기/A값,0.30927
484,13019,00부대 VOIP 전화기 구매 설치,국방부근무지원단,서울/경기,48936410,49178437,+2% ~ -2%,0,88,71,물품/기/수의,0.49457
485,20230407302-00,협업지능기반 로봇플러스사업(2차) 공간구축 통신공사 (긴급공고),서울특별시,서울,81974000,82500550,+3% ~ -3%,4313874,87.745,1005,기/A값,0.64233
486,12769,(긴급)00부대 네트워크 선로 구축 및 전산장비 용역,국방부근무지원단,서울/경기,149058980,149732231,+2% ~ -2%,0,87.745,162,기,0.45166
487,20230355829-00,2023년 통합자료관리시스템 및 정보화시스템 유지보수 용역(강남구립도서관),서울특별시,서울,131408000,133753325,+3% ~ -3%,0,87.745,20,기,1.78476
488,20230355765-00,2023년 IT인프라 운영 유지관리 용역,국방부,서울/인천/경기,74122000,74231000,+2% ~ -2%,0,87.995,47,기,0.14705
489,20230335012-00,중화2동 복합청사 신축공사(통신),서울지방조달청/서울특별시,서울,339472000,342691100,+3% ~ -3%,21611686,87.745,1023,기/A값/협정,0.94826
490,20230352835-00,서울의료원 외래 환경 및 편의시설 리모델링(1단계) 통신공사,서울특별시,서울,232190000,234823075,+3% ~ -3%,19153250,87.745,1054,A값,1.13401
491,20230331313-00,디지털도서관 노후 비상방송 스피커 및 선로 교체공사,서울지방조달청/문화체육관광부,서울,228854000,230665425,+2% ~ -2%,13678232,87.745,987,기/A값/순/협정,0.79151
492,20230354816-00,2023년 불법주정차 무인단속 CCTV 설치공사 (긴급공고),서울특별시,서울,138457000,137619050,+3% ~ -3%,6801573,87.745,557,기/A값,-0.60521
493,20230354751-02,노후 정보통신 장비 교체 (긴급공고) (정정공고),서울특별시,서울,97050000,96411200,+3% ~ -3%,0,84.245,67,물품/기/정,-0.65822
494,20230348850-00,상일2동주민센터 신축 통신공사(긴급) (긴급공고),서울특별시,서울,263758000,266235400,+3% ~ -3%,16661704,87.745,1034,기/A값,0.93927
495,20230346550-00,2023년 5호선 올림픽공원 등 4역 전자설비 이설공사,서울교통공사,서울,193540220,195271975,+3% ~ -3%,15116892,87.745,1015,기/A값,0.89477
496,20230347171-00,내부순환로(월곡IC) 구조개선 통신공사 (긴급공고),서울특별시/서울특별시,서울,191290000,191260875,+3% ~ -3%,8011286,87.745,1029,기/A값,-0.01523
497,20230344415-00,서울전파관리소 전파관리상황실 환경개선공사(통신),과학기술정보통신부,서울/인천/경기,64000000,63919225,+2% ~ -2%,0,87.745,3204,기/수의,-0.12622
498,20230345632-00,오남중 체육관 및 급식시설 증축 통신공사,서울특별시교육청,서울,146579000,146896025,+3% ~ -3%,0,87.745,1182,기/수의,0.21628
499,20230345628-00,강서경찰서 염창지구대 신축 통신공사,경찰청,서울,40447000,40882875,+2% ~ -2%,0,87.745,1033,기/수의,1.07764
500,20230325103-00,오류고등학교 급식실 증축 통신공사 견적 제출 공고,서울특별시교육청,서울,66310000,66428250,+2% ~ -2%,0,87.745,1128,수의,0.17832
501,E012302005,위례3공구 배전자동화 자가광케이블 시설공사(ICT운영부),한국전력공사,서울,223885200,224769103,+2% ~ -2%,14398801,87.745,806,기/A값/순,0.39480
502,20230324122-01,신규 스마트워크센터(용산) 통신공사 (정정공고),한국지능정보사회진흥원,서울,62333333,62141550,+2% ~ -2%,6303301,87.745,1016,기/정/A값/순,-0.30768
503,20230303820-00,2023년 임대아파트 인터폰 교체공사(3권역),서울주택도시공사,서울,1071990000,1055025800,+3% ~ -3%,29690989,87.745,942,기/A값,-1.58250
504,20230303803-00,2023년 임대아파트 인터폰 교체공사(2권역),서울주택도시공사,서울,1006107000,1007090525,+3% ~ -3%,23617623,87.745,945,기/A값,0.09775
505,20230303779-00,2023년 임대아파트 인터폰 교체공사(1권역),서울주택도시공사,전국/서울,1613930000,1613861450,+3% ~ -3%,49855767,86.745,1075,기/A값/의무,-0.00425
506,20230335944-00,임차사무실 및 청자가마터 정보통신공사,서울특별시,서울,36220220,36265625,+3% ~ -3%,0,87.745,1006,기/수의,0.12535
507,20230328329-00,2023년 인터넷전화기 구매설치 사업,서울특별시,서울,126375000,127602150,+3% ~ -3%,0,84.245,24,물품,0.97103
508,20230325710-00,산하공원 화장실 비상벨 설치공사,서울특별시,서울,137120000,137733325,+3% ~ -3%,0,87.745,1162,기/수의,0.44729
509,20230324054-00,2023년 배수지.올림터 CCTV 및 방송설비 유지관리용역,서울특별시,서울,22816000,22929975,+3% ~ -3%,0,88,25,기/연기/수의,0.49953
510,20230324402-00,서남센터 감시제어시스템 유지보수 공사(연간단가) (긴급공고),서울물재생시설공단,서울,250000000,251851875,+3% ~ -3%,9033174,87.745,890,기/A값,0.74075
511,20230222655-00,문화유산 과학센터 건립 통신공사,서울지방조달청/문화체육관광부,전국/서울,1248237000,1246355350,+2% ~ -2%,63893372,86.745,1139,기/A값/순/의무,-0.15075
512,20230308211-00,면목동 도서관/주차장 복합시설 신축공사(통신) (긴급공고),서울지방조달청/서울특별시,서울,498808000,498438925,+3% ~ -3%,34507590,87.745,996,기/A값/협정,-0.07400
513,20230315692-00,6호선 창신역 외 1역 화장실 시설개량 정보통신공사,서울교통공사,서울,47336000,47683025,+3% ~ -3%,0,87.745,1035,기/수의,0.73311
514,20230312452-00,서울 정보화전략실 전산실 정보통신 공사,공무원연금공단,서울,98606000,97803900,+2% ~ -2%,0,87.745,1122,기/수의,-0.81344
515,2300577-00,서울지역본부 그린리모델링 정보통신공사,한국토지주택공사,전국/서울,3611235000,3616225000,+2% ~ -2%,208766284,86.745,949,기/A값/순/의무,0.13817
516,20230306934-00,7호선 논현역 외 1역 화장실 시설개량 정보통신공사,서울교통공사,서울,45202000,45486725,+3% ~ -3%,0,87.745,1017,기/수의,0.62989
517,E012301473,23년도 송변전광단말장치 시설공사,한국전력공사,서울,56959100,56632893,+2% ~ -2%,0,87.745,733,기/수의,-0.57271
518,20230245243-00,김포공항 국내선 시외버스대기장 개선 정보통신공사,한국공항공사,서울,58732300,58513875,+2% ~ -2%,2860751,87.745,987,기/A값/순,-0.37190
519,20230238855-02,작은영화관 영사기 등 영상장비 구입 (정정공고),인천광역시,서울/인천/경기,145800000,146714950,+3% ~ -3%,0,87.995,66,물품/정/수의,0.62753
520,20230241941-00,골목관리소 천연 신축공사(통신),서울특별시,서울,36631000,36024075,+3% ~ -3%,0,87.745,1001,수의,-1.65687
521,20230242772-00,봉천역 등 2개역 화장실 개량 정보통신공사,서울교통공사,서울,41360800,40817300,+3% ~ -3%,0,87.745,1007,기/수의,-1.31405
522,20230239482-00,2023년 자동제어설비 유지관리 용역,서울특별시,서울/경기,93200000,93104750,+3% ~ -3%,0,87.745,76,기,-0.10220
523,20230234693-00,2023년 교통신호제어용 차량검지기 설치공사(연간단가),서울특별시,서울,295000000,295463900,+3% ~ -3%,15729159,87.745,172,기/A값,0.15725
524,20230237081-00,노후 네트워크 장비 교체,신용회복위원회,서울,94000000,93638600,+2% ~ -2%,0,84.245,52,물품/기,-0.38447
525,20230236043-00,동대문구 구립 어르신종합복지관 신축 통신공사(장기) (긴급공고),서울특별시,서울,343922000,341512000,+3% ~ -3%,22279608,87.745,1027,기/A값,-0.70075
526,20230226484-00,임대아파트 시설물보수 정보통신공사 (긴급공고),서울주택도시공사,서울,223307000,221695325,+3% ~ -3%,12430244,87.745,993,기/A값,-0.72174
527,20230227999-00,2023년 빗물펌프장 정보통신설비 유지보수공사(연간단가),서울특별시,서울,100000000,100609000,+3% ~ -3%,0,87.745,66,수의,0.60900
528,20230222647-00,한난 동남권-한전 가락변전소간 광케이블 추가 포설공사,한국지역난방공사,서울,57662000,57279600,+2% ~ -2%,2535420,87.745,965,기/A값/순,-0.66318
529,20230217762-00,정문경비실 신축(통신) 공사,서울특별시,서울/경기,98216000,99585425,+3% ~ -3%,0,87.745,2941,기/수의,1.39429
530,20230224174-00,2023년 중앙도서관 전산장비 유지보수 용역,서울특별시,서울,41262000,41334575,+3% ~ -3%,0,88,35,수의,0.17588
531,20230220263-00,보건복지행정타운 영상감시장치 추가 보강설치 공사,한국자산관리공사,서울,105965000,105923725,+2% ~ -2%,0,87.745,1127,기/수의/협정,-0.03896
532,20230219709-00,2023년 IP교환기 및 부대장비 유지관리 용역,서울특별시,서울,48000000,48412475,+3% ~ -3%,0,88,65,수의,0.85932
533,20230224654-00,중화1동 공영주차장 확충공사(통신) (긴급공고),서울특별시,서울,214676000,217519950,+3% ~ -3%,12252800,87.745,1033,기/A값,1.32476
534,20230218534-00,서울파트너스하우스(3층) 리모델링 통신공사,서울특별시,서울,38280000,38405950,+3% ~ -3%,0,87.745,1015,기/수의,0.32902
535,20230217396-00,강북구 보건지소 정보통신공사,서울특별시,서울,30461000,30725525,+3% ~ -3%,0,87.745,931,기/수의,0.86840
536,20230207061-00,구로경찰서 신축 도급공사(통신) (긴급공고),서울지방조달청/경찰청,전국/서울,1657741000,1675545175,+2% ~ -2%,106167099,86.745,1119,기/A값/순/의무,1.07400
537,20230212327-00,한신대학교 서울캠퍼스 생활관(선교센터) 리모델링 공사(통신) (긴급공고),한신대학교,서울/경기,350642000,350607875,+2% ~ -2%,18474296,86.745,337,기/A값/순/현필,-0.00974
538,20230211939-00,7호선 가산디지털단지역 4번 출입구 확장 정보통신공사(53공구),서울교통공사,서울,72847000,72896050,+3% ~ -3%,0,87.745,1066,수의,0.06733
539,20230204984-00,현대그룹빌딩 서관 조성공사(통신),서울대학교병원,서울,144509804,144564800,+2% ~ -2%,11288393,87.745,1014,기/A값/순,0.03805
540,20230207120-00,한국체육대학교 본관 내진보강 및 실재배치 통신공사,한국체육대학교,서울,48800000,48380125,+2% ~ -2%,0,87.745,1023,기/수의,-0.86040
541,20230202505-00,2023년 난지물재생센터 감시제어시스템 유지관리 용역,서울특별시/서울특별시,서울/경기,119900000,118355425,+3% ~ -3%,0,87.745,54,기,-1.28822
542,20230203879-00,대림골목시장 아케이드 설치 통신공사,서울특별시,서울,27349000,27636175,+3% ~ -3%,1812678,87.745,794,기/A값,1.05003
543,20230203055-00,2023년 강남지사 수질분석설비 유지보수용역,한국지역난방공사,서울,13310000,13376000,+2% ~ -2%,0,87.995,40,,0.49586
544,20230204885-00,DDP CCTV 유지보수 사업,재단법인서울디자인재단,서울,14762000,14820350,+3% ~ -3%,0,90,25,기/수의,0.39527
545,20230203870-00,북가좌2동노인복지센터 그린 리모델링 공사(통신),서울특별시,서울,52624000,52420000,+3% ~ -3%,0,87.745,1089,기/수의,-0.38766
546,20230132470-00,송파경찰서 거여파출소 신축공사(통신),경찰청,서울,38027000,38084750,+2% ~ -2%,0,87.745,995,기/수의,0.15186
547,20230201206-00,가락몰 3층 식당가 이전공사(정보통신) (긴급공고),서울특별시농수산식품공사,서울,75695000,76420975,+3% ~ -3%,3819976,87.745,978,기/A값,0.95907
548,20230131087-00,"2023년 홍지문, 정릉, 구룡터널 및 도봉지하차도 자동제어시스템 유지관리용역",서울시설공단,서울,53223000,53336425,+3% ~ -3%,0,88,24,기/수의,0.21311
549,20230130342-00,탄천센터 자동제어시스템 정비(연간단가) (긴급공고),서울물재생시설공단,서울,250000000,250260000,+3% ~ -3%,9902102,87.745,838,기/A값,0.10400
550,20230128379-00,2023년 SBA 운영 보안시스템 통합 유지보수,(재)서울산업진흥원,서울,136293422,134452850,+3% ~ -3%,0,87.745,24,기,-1.35045
551,20230130476-00,8호선 산성역 노후 에스컬레이터 교체 정보통신공사(1차),서울교통공사,서울/경기,47172070,47675800,+3% ~ -3%,0,87.745,2461,기/수의,1.06785
552,20230129549-00,경기과학기술대학교 대강의실 LED 전광판 구매 및 설치,경기과학기술대학교,서울/인천/경기,52097253,52344350,+2% ~ -2%,0,88,56,물품/수의/특허,0.47429
553,20230125923-00,(긴급)서울신방학초등학교 통신선로 개선공사 입찰 공고 (긴급공고),서울특별시북부교육청,서울,99624000,99465875,+3% ~ -3%,1161388,87.745,989,기/A값,-0.15873
554,E012300426,성동-군자 등 10구간 송변전광단말장치 시설공사,한국전력공사,서울,77660642,77420105,+2% ~ -2%,0,87.745,777,기/수의,-0.30973
555,20230123843-00,인터넷전화기 구매,인천광역시,서울/인천,67518000,66742275,+3% ~ -3%,0,88,62,물품/기/수의,-1.14892
556,20230121744-00,이수초 체육관 증축 통신공사 수의계약 견적제출 안내 공고,서울특별시강남서초교육지원청,서울,106640000,106298000,+3% ~ -3%,0,87.745,1058,기/연기/수의,-0.32071
557,20230121062-00,2023년 제1차 교내 통신시설물 성능개선공사,서울과학기술대학교,서울,70000000,70165200,+2% ~ -2%,0,87.745,1065,기/연기/수의,0.23600
558,20230120903-00,2023년 중랑물재생센터 영상감시장치(CCTV) 유지관리용역 (긴급공고),서울특별시/서울특별시,서울,144488940,143688525,+3% ~ -3%,0,87.745,230,기,-0.55397
559,1280,23년 항행안전시설 유지보수,공군제15특수임무비행단,서울/경기,48171000,48565916,+2% ~ -2%,0,88.000,12,기/수의,0.81982
560,20230120976-00,2023년 중랑물재생센터 정보통신설비 유지관리용역,서울특별시,서울,43560000,43567775,+3% ~ -3%,0,88,85,수의,0.01784
561,2022-01-000250-00,삼성~동탄 광역급행철도 재난방송수신설비 신설 기타공사,국가철도공단,전국/서울/경기,2503094000,2474547088,+2.5% ~ -2.5%,149638704,86.335,421,기/A값/순/의무,-1.14047
562,20230116328-00,2022년 혁신지원사업 산업맞춤형 강의실 및 실습실 환경개선 통신공사,대림대학교,서울/인천/경기,28200000,28358375,+2% ~ -2%,500565,87.745,2272,기/A값/순,0.56161
563,20230114967-00,신진과학기술고등학교 학점제 교과교실제 통신공사,서울특별시교육청,서울,32084000,32125025,+2% ~ -2%,0,87.745,899,수의,0.12786
564,20230114056-00,2023년 터널 및 지하차도 CCTV시스템 유지관리 용역,서울특별시,서울,87219000,87627875,+3% ~ -3%,0,88,173,기/수의,0.46879
565,20230111870-00,도수관로 잔류염소 측정기 구매.설치,서울특별시,서울/경기,69916000,69517875,+3% ~ -3%,0,88,124,물품/기/수의,-0.56944
566,20230111794-00,동물복지지원센터 동대문 조성 개보수공사(정보통신) (긴급공고),서울특별시,서울,57074000,56864150,+3% ~ -3%,0,87.745,1089,기/수의,-0.36769
567,20230104636-00,서울대학교 반도체공동연구소 나노융합 인력양성 및 산학협력센터 신관증축공사(통신),서울지방조달청/서울대학교,서울,1072627000,1081661250,+2% ~ -2%,71531704,86.745,934,기/A값/순/협정,0.84225
568,2023-01-000009-00,철도교통관제센터 취약개소 감시실 통신설비 개량공사,국가철도공단,전국/서울,2904462000,2915734870,+2.5% ~ -2.5%,76396225,86.335,918,기/A값/순/의무,0.38812
569,20230103878-00,"2023년도 의정부지방검찰청 및 관내 지청(고양, 남양주) 정보통신시설 유지보수 용역",대검찰청,서울/경기,71314770,71336575,+2% ~ -2%,0,88,21,기/수의,0.03057
570,20230104543-00,2023년 열사용시설 통신모뎀 유지관리 용역,서울에너지공사,서울,23947000,24177225,+3% ~ -3%,0,88,61,수의,0.96139
571,20221230430-00,청석 거주자우선주차장 및 한누리 공영주차장 복합화사업 정보통신공사 (긴급공고),서울주택도시공사,전국/서울,1063245000,1060257325,+3% ~ -3%,61363349,86.745,1058,기/A값/의무,-0.28100
572,20221247252-00,5호선 마천역 등 2역 승강장안전문(PSD) 케이블 교체 공사,서울교통공사,서울,156246630,158582950,+3% ~ -3%,10347215,87.745,1003,기/A값,1.49527
573,20230100177-00,수도전기공업고등학교 관리실 환경개선 통신공사,서울특별시교육청,서울,54400000,54847650,+2% ~ -2%,0,87.745,1099,수의,0.82288
574,20221244758-00,웹 스튜디오 노후 장비 교체를 위한 장비 구매 (긴급공고),서울지방조달청/한국방송통신대학교,서울,107000000,107161625,+2% ~ -2%,0,84.245,25,물품/기,0.15105
575,20221247069-00,2023년 난지물재생센터 수질계측 유지관리 용역 (긴급공고),서울특별시/서울특별시,서울,244761000,244542000,+3% ~ -3%,0,86.745,48,기,-0.08948
576,20221247020-00,삼선동 아동청소년 전용도서관 신축 정보통신공사 (긴급공고),서울특별시,서울,244854000,246223375,+3% ~ -3%,13305304,87.745,1029,기/A값,0.55926
577,20221246946-01,우신고등학교 관리실 환경개선 통신공사 수의계약 견적서 제출 공고 (긴급공고) (정정공고),서울특별시교육청,서울,63470000,63534625,+2% ~ -2%,0,87.745,1071,기/정/수의,0.10181
578,20221245798-00,"2022 동일여고 수덕관 도서관, 고교학점제공간, 관리실, 석면해체공간 통신공사",서울특별시교육청,서울,25630000,25605150,+2% ~ -2%,0,87.745,874,수의,-0.09696
579,20221245729-00,2022 동일여고 본관동 샌드위치판넬해소 통신공사,서울특별시교육청,서울,29480000,29507150,+2% ~ -2%,0,87.745,897,수의,0.09209
580,20221245622-00,2022 봉은중 관리실 환경개선공사(통신),서울특별시강남교육청,서울,22735000,22700550,+3% ~ -3%,0,87.745,866,수의,-0.15153