id,공고번호,공고제목,발주처(수요기관),지역제한,기초금액,예정가격,예가범위,A값,투찰률(%),참여업체수,공고구분표시,정답사정률(%),010_001,010_002,010_003,010_004,010_005,010_006,010_007,010_008,010_009,010_010,020_001,020_002,020_003,020_004,020_005,020_006,020_007,020_008,020_009,020_010,020_011,020_012,020_013,020_014,020_015,020_016,020_017,020_018,020_019,020_020,050_001,050_002,050_003,050_004,050_005,050_006,050_007,050_008,050_009,050_010,050_011,050_012,050_013,050_014,050_015,050_016,050_017,050_018,050_019,050_020,050_021,050_022,050_023,050_024,050_025,050_026,050_027,050_028,050_029,050_030,050_031,050_032,050_033,050_034,050_035,050_036,050_037,050_038,050_039,050_040,050_041,050_042,050_043,050_044,050_045,050_046,050_047,050_048,050_049,050_050,100_001,100_002,100_003,100_004,100_005,100_006,100_007,100_008,100_009,100_010,100_011,100_012,100_013,100_014,100_015,100_016,100_017,100_018,100_019,100_020,100_021,100_022,100_023,100_024,100_025,100_026,100_027,100_028,100_029,100_030,100_031,100_032,100_033,100_034,100_035,100_036,100_037,100_038,100_039,100_040,100_041,100_042,100_043,100_044,100_045,100_046,100_047,100_048,100_049,100_050,100_051,100_052,100_053,100_054,100_055,100_056,100_057,100_058,100_059,100_060,100_061,100_062,100_063,100_064,100_065,100_066,100_067,100_068,100_069,100_070,100_071,100_072,100_073,100_074,100_075,100_076,100_077,100_078,100_079,100_080,100_081,100_082,100_083,100_084,100_085,100_086,100_087,100_088,100_089,100_090,100_091,100_092,100_093,100_094,100_095,100_096,100_097,100_098,100_099,100_100
3,20231214170-00,고객주차장 증축공사(통신),서울지방조달청/서울대학교병원,전국/서울,1053763000,1054687750.0,+2% ~ -2%,74271592,87.745,1180,기/A값/순/의무,0.08775,5,9,48,152,337,344,201,71,11,0,3,2,3,6,13,35,70,82,175,162,169,175,123,78,50,21,6,5,0,0,1,1,2,1,0,2,0,3,3,1,2,8,9,13,16,21,25,34,29,43,52,77,81,70,57,55,77,69,74,69,54,48,39,31,29,24,18,14,8,7,4,0,3,3,1,0,0,0,0,0,0,1,1,0,1,1,0,1,0,0,1,1,0,0,1,2,1,2,0,1,0,2,2,6,3,6,7,6,12,4,9,12,10,15,24,10,18,11,22,21,21,31,31,46,46,35,42,28,30,27,21,34,34,43,37,32,37,37,32,37,29,25,24,24,21,18,18,13,19,10,14,10,6,12,8,6,6,2,4,3,3,1,0,0,2,1,2,1,0,1,0,0,0,0,0,0,0,0,0,0
8,20231233306-00,명지중학교 방송시설개선(선로교체)공사(통신) (긴급공고),서울특별시서부교육청,서울,247216000,245372450.0,+2% ~ -2%,12777172,87.745,1072,기/A값/순,-0.74573,1,6,55,153,306,342,152,46,5,2,0,1,0,6,17,38,61,92,144,162,172,170,97,55,33,13,3,2,2,0,0,0,1,0,0,0,0,0,0,6,5,6,17,8,19,18,28,31,36,40,47,69,60,56,74,68,74,61,70,69,42,38,35,18,19,17,10,10,6,3,1,2,1,0,1,1,1,0,0,0,0,0,0,0,0,1,0,0,0,0,0,0,0,0,0,0,0,0,3,3,2,3,2,4,6,11,3,5,6,13,6,12,12,16,15,16,18,18,19,21,21,26,29,40,28,32,32,24,46,28,36,32,34,40,30,31,39,31,38,31,21,21,18,20,17,18,11,7,12,7,9,8,6,4,6,4,2,4,1,2,1,0,1,1,0,1,0,0,1,0,0,1,1,0,0,0,0,0,0,0
11,20231234173-00,선일여자고등학교 관리실 리모델링공사(통신) (긴급공고),서울특별시교육청,서울,114623000,113939875.0,+2% ~ -2%,2086178,87.745,1076,기/A값/순,-0.59598,0,5,38,154,322,291,164,89,5,4,0,0,1,4,10,28,56,98,165,157,149,142,89,75,70,19,3,2,4,0,0,0,0,0,0,0,0,2,2,1,3,3,11,9,12,22,22,24,39,47,73,66,58,65,60,53,63,67,57,51,36,35,39,29,25,42,21,12,7,7,1,1,2,0,1,3,0,1,0,0,0,0,0,0,0,0,0,0,0,0,0,0,0,0,1,1,0,2,1,0,0,3,1,2,4,7,4,5,4,8,9,13,10,12,12,12,21,18,20,27,34,39,33,33,26,32,35,30,40,20,21,32,30,33,33,34,36,21,26,25,25,11,10,25,18,21,20,9,13,12,21,21,12,9,7,5,1,6,2,5,1,0,1,0,1,1,0,0,1,0,1,2,0,0,1,0,0,0,0,0
12,20231135940-02,대학생 연합기숙사(용산) 신축 통신공사 (정정공고),한국장학재단,전국/서울,2560360000,2536260625.0,+2% ~ -2%,120492694,86.745,1143,기/정/A값/순/의무,-0.94125,2,7,51,149,307,367,192,60,7,1,1,1,1,6,14,37,54,95,162,145,171,196,127,65,42,18,6,1,1,0,0,1,0,0,1,0,1,0,3,3,3,5,11,16,16,9,29,25,35,51,59,58,79,61,50,47,96,65,76,83,64,40,44,29,15,20,17,9,5,9,3,1,2,0,1,1,0,0,0,0,0,0,0,1,0,0,0,0,0,1,0,0,1,0,0,0,1,2,1,2,2,1,4,1,6,5,6,10,14,2,1,8,11,18,16,9,18,17,15,36,34,25,27,31,45,34,35,26,27,23,25,22,42,54,28,37,45,31,38,45,34,30,22,18,23,21,17,12,7,8,11,9,7,10,5,4,2,3,5,4,1,2,1,0,2,0,0,0,0,1,0,1,0,0,0,0,0,0,0,0
14,20231227394-00,2023년 계성고등학교 교육환경개선공사[정보통신],서울특별시교육청,서울,42705000,42882350.0,+2% ~ -2%,0,87.745,979,수의,0.41529,0,2,39,137,254,298,177,59,4,1,0,0,0,2,13,26,54,83,135,119,160,138,104,73,41,18,3,1,0,1,0,0,0,0,0,0,0,0,0,2,6,3,11,5,14,12,22,31,29,43,46,61,48,48,51,60,78,57,59,44,37,46,34,35,25,18,16,10,9,6,2,1,1,0,0,0,0,0,0,1,0,0,0,0,0,0,0,0,0,0,0,0,0,0,0,0,0,0,2,0,3,3,0,3,4,7,1,4,4,10,5,7,8,14,20,11,18,11,13,30,21,25,29,32,28,20,21,27,28,23,30,30,33,45,22,35,37,22,24,20,26,11,22,24,21,13,19,16,17,8,12,6,6,10,7,3,6,3,3,3,2,0,0,1,0,1,0,0,0,0,0,0,0,0,0,0,0,0,1,0
15,20231221713-01,GIST AI정책대학원 서울강의실 구축공사(통신) (정정공고),광주과학기술원,서울,21791000,21827200.0,+2% ~ -2%,436483,87.745,743,기/정/A값/순,0.16612,0,11,55,118,174,188,149,39,6,1,0,0,2,9,12,43,46,72,75,99,96,92,89,60,34,5,5,1,0,1,0,0,0,0,0,1,1,2,2,5,5,6,4,9,31,16,19,24,25,34,24,33,38,36,43,37,45,37,37,32,34,43,27,28,17,16,14,5,2,2,3,1,1,0,1,0,0,0,1,0,0,0,0,0,0,0,0,0,0,0,0,1,0,1,0,2,1,1,4,1,1,4,1,5,1,3,4,5,8,23,10,6,6,13,11,13,12,13,17,17,14,10,13,20,18,20,22,14,23,20,18,19,23,22,14,23,20,17,15,17,19,15,25,18,12,15,15,13,14,3,7,9,10,4,4,1,0,2,2,0,2,1,1,0,1,0,0,0,0,1,0,0,0,0,0,0,0,1,0,0
16,2023-29481,00부대 취사식당 신축 통신공사,육군,서울,90309000,90585920.0,+2% ~ -2%,0,87.745,937,기/수의,0.30663,0,4,38,108,244,258,197,70,12,1,0,0,1,3,11,27,40,68,98,146,139,119,117,80,50,20,11,1,1,0,0,0,0,0,0,0,0,1,0,3,2,7,4,9,16,14,13,16,31,34,29,45,46,62,62,54,55,53,62,34,37,52,47,35,26,33,13,10,8,6,7,4,0,1,0,1,0,0,0,0,0,0,0,0,0,0,0,0,0,0,0,0,0,0,1,0,0,0,1,2,0,2,2,5,2,2,3,6,7,9,5,9,6,7,13,3,16,15,13,21,10,19,18,27,24,22,35,27,35,27,31,23,20,35,30,23,37,25,21,13,22,15,22,30,28,19,23,12,14,12,20,13,4,9,4,6,3,5,4,2,3,4,1,3,0,0,1,0,0,0,1,0,0,0,0,0,0,0,0,0
18,20231232284-00,"경원선 창동역 3,4번 승강장 통신설비 개량공사",한국철도공사,서울,79014000,79473500.0,+2% ~ -2%,0,87.745,1053,기/수의,0.58154,1,4,32,163,286,302,188,68,6,0,0,1,2,2,7,25,50,113,139,147,170,132,119,69,42,26,5,1,0,0,0,0,0,1,0,0,1,2,0,1,1,5,9,8,9,15,19,33,46,50,57,63,55,70,41,68,69,61,47,57,68,35,35,27,23,20,14,15,9,10,2,3,0,1,0,0,0,0,0,0,0,0,0,0,0,0,0,1,0,0,0,0,1,0,1,1,0,0,0,1,0,1,2,3,1,8,1,7,3,6,10,5,8,11,16,17,28,18,23,27,26,31,28,35,19,36,33,37,28,13,39,29,28,41,33,28,18,29,26,31,38,30,12,23,16,19,15,12,13,10,9,11,8,6,8,7,7,2,6,4,1,1,2,1,0,0,0,1,0,0,0,0,0,0,0,0,0,0,0,0
26,20231223046-01,예술의전당 음악당 음악영재아카데미 환경개선공사(통신) (정정공고),예술의전당,서울,65275000,64668975.0,+2% ~ -2%,4245193,87.745,1021,기/정/A값/순,-0.92842,1,6,47,173,272,296,167,49,8,0,0,1,1,5,12,35,65,108,115,157,153,143,109,58,36,13,4,4,0,0,0,0,0,1,0,0,1,1,2,2,5,3,14,9,16,11,35,36,47,44,39,52,52,74,55,65,59,60,63,49,35,52,41,20,19,20,9,9,3,8,2,0,3,2,1,0,0,0,0,0,0,0,0,0,0,0,0,1,0,0,0,0,0,1,0,1,2,0,1,1,2,3,1,2,4,10,5,4,8,8,6,5,12,23,19,17,28,19,20,24,17,22,24,28,24,28,44,30,21,34,34,31,23,36,29,31,38,25,25,24,16,19,21,31,22,19,12,8,13,6,10,10,5,4,7,2,3,0,3,5,1,1,0,0,2,1,2,0,1,0,0,0,0,0,0,0,0,0,0,0
29,20231220280-00,2023년 전문대학혁신지원사업 산업맞춤형 교육환경고도화 외 2건_정보통신공사,대림대학교,서울/인천/경기,75973520,76294750.0,+2% ~ -2%,4210355,87.745,2854,기/A값/순,0.42281,1,19,143,478,727,843,465,151,18,1,0,1,4,15,46,97,186,292,374,353,402,441,295,170,113,38,15,3,1,0,0,0,1,0,0,0,2,3,5,9,23,16,21,33,50,82,68,77,105,146,136,156,147,162,126,131,167,214,172,159,109,126,102,78,50,44,42,36,13,16,9,6,1,1,1,1,0,0,0,0,0,0,0,0,0,1,0,0,0,0,0,0,0,2,2,1,4,1,1,8,13,10,9,7,7,14,11,22,20,30,37,45,42,26,36,41,55,50,68,78,56,80,69,87,82,65,82,80,65,61,63,68,79,88,104,110,102,70,83,76,50,59,62,64,60,42,41,37,28,22,24,20,17,25,27,9,7,6,8,8,7,2,1,5,0,1,0,1,0,1,1,0,0,0,0,0,0,0,0,0
32,2023-28240,정비고 및 무기고 신축 통신공사(23-276-4),수도방위사령부,서울,409637000,412468367.0,+2% ~ -2%,24567366,87.745,858,기/A값/순,0.69118,2,5,33,120,216,239,162,53,9,4,0,2,4,1,5,28,41,79,95,121,114,125,110,52,34,19,4,5,3,1,0,0,0,1,1,0,3,1,0,1,2,2,4,7,18,16,14,23,27,40,34,43,42,47,50,46,44,57,35,57,55,38,30,19,20,17,11,13,7,5,0,4,2,3,0,1,1,2,0,0,0,0,0,0,0,0,0,1,1,0,0,0,0,3,1,0,0,0,1,0,0,2,2,0,1,3,2,5,7,11,8,8,7,7,11,12,16,11,25,15,17,17,18,25,18,24,28,19,29,21,24,22,22,22,24,33,20,15,36,21,24,31,17,21,17,13,13,6,13,7,8,9,6,5,6,7,3,4,4,1,0,0,1,3,0,2,3,0,0,0,1,0,0,1,1,1,0,0,0,0
33,2023-27671,정비고 신축 및 노후배관 개선 통신공사(23-275-4),수도방위사령부,서울,138740000,138723597.0,+2% ~ -2%,0,87.745,1015,기/수의,-0.01183,0,2,51,167,266,273,188,54,9,0,0,0,0,2,9,42,59,108,133,133,124,149,118,70,38,16,6,3,0,0,0,0,0,0,0,0,0,0,0,2,4,4,5,11,27,22,20,33,38,54,53,55,54,56,48,45,53,51,54,70,48,47,46,26,21,22,13,9,5,5,0,4,3,1,1,0,0,0,0,0,0,0,0,0,0,0,0,0,0,0,0,0,0,0,0,0,0,0,1,1,1,3,3,1,1,4,5,6,12,15,11,11,8,12,17,16,17,21,26,28,29,24,26,29,25,29,31,25,30,18,27,18,19,34,26,25,22,32,42,28,21,27,22,25,23,23,10,16,11,10,16,6,7,6,3,6,2,3,1,4,0,0,2,2,2,1,1,0,0,1,0,0,0,0,0,0,0,0,0,0
42,20231219211-00,"경원선 창동역 3,4번선 열차행선안내장치 개량공사",한국철도공사,서울/경기,66153000,66716875.0,+2% ~ -2%,0,87.745,2622,기/수의,0.85238,1,13,74,405,692,732,504,167,25,2,0,1,3,10,25,49,176,229,357,335,378,354,301,203,91,76,16,9,1,1,0,0,1,0,0,1,1,4,4,3,6,11,18,20,19,78,67,63,80,117,141,145,130,140,136,133,148,174,137,140,135,113,88,85,83,45,32,35,43,12,5,5,10,4,1,0,1,0,1,0,0,0,0,0,0,1,0,0,0,0,1,0,0,1,1,3,0,4,1,2,3,3,5,6,8,10,11,9,10,9,39,39,33,34,31,32,37,43,55,62,71,70,61,84,71,59,81,59,67,69,59,74,62,86,97,77,87,50,71,69,68,67,59,54,53,35,50,35,45,38,26,19,15,17,14,21,29,14,6,6,2,3,3,2,6,4,1,3,0,1,0,0,1,0,0,0,0,1,0,0
56,20231207668-00,철도교통관제센터 등 2개소 고속선 관제전화설비 개량공사 (긴급공고),한국철도공사,서울/대전,218420000,218856875.0,+2% ~ -2%,6058921,87.745,1199,기/A값/순,0.20001,1,12,65,208,301,364,186,46,9,5,1,0,4,8,23,42,96,112,140,161,152,212,110,76,34,12,6,3,5,0,0,1,0,0,0,3,1,1,4,3,8,6,15,13,23,23,46,45,33,61,50,60,62,72,57,54,67,87,95,61,39,46,46,26,29,21,12,4,4,5,3,2,1,2,1,3,0,2,0,0,0,0,0,1,0,0,0,0,0,0,1,2,0,1,0,1,2,2,0,3,4,4,5,1,9,6,8,5,12,11,12,11,22,24,27,18,22,11,27,34,23,27,27,33,30,32,38,34,38,19,32,22,27,40,31,56,59,36,26,35,22,17,19,27,25,21,16,10,19,10,9,12,7,5,1,3,2,2,2,3,2,1,0,2,1,0,1,1,1,0,2,1,0,0,2,0,0,0,0,0
58,2023-25864,위병소 및 민원실 신축 통신공사(23-253-4),수도방위사령부,서울,143215000,142357092.0,+2% ~ -2%,0,87.745,981,기/수의,-0.59904,0,3,32,138,252,270,202,66,18,0,0,0,1,2,7,25,54,84,117,135,148,122,126,76,49,17,13,5,0,0,0,0,0,0,0,0,1,0,1,1,2,3,7,8,12,21,20,22,42,33,42,49,72,45,44,47,66,62,52,43,53,48,45,28,28,14,24,18,7,3,8,5,0,1,4,0,0,0,0,0,0,0,0,0,0,0,0,0,0,0,0,0,0,1,0,0,0,1,0,1,2,0,3,0,2,5,2,6,5,7,10,11,11,9,13,9,19,23,10,23,21,21,27,22,26,46,22,23,22,22,23,24,29,37,35,27,29,23,20,23,26,27,24,24,25,20,14,14,18,10,8,6,7,17,11,7,3,4,2,1,4,4,3,2,0,0,0,1,4,0,0,0,0,0,0,0,0,0,0,0
71,20231141065-00,덕성여자중학교 교사동 통신시설 개선 공사 전자입찰 공고,서울특별시중부교육청,서울,187990000,187705250.0,+2% ~ -2%,3404066,87.745,1093,기/A값/순,-0.15148,1,4,47,152,288,326,209,47,10,4,0,1,1,3,14,33,54,98,129,159,152,174,124,85,34,13,8,2,4,0,0,0,1,0,0,0,1,1,1,1,5,3,12,12,15,19,27,19,31,56,48,59,59,65,57,66,57,68,73,62,53,47,45,34,30,14,12,11,5,5,4,4,0,1,1,2,2,0,0,0,0,0,0,0,0,1,0,0,0,0,0,0,0,1,0,1,0,1,1,0,1,4,2,1,6,6,8,4,8,7,9,10,12,15,8,11,16,15,26,30,19,29,25,34,22,37,34,31,30,27,32,34,31,26,29,39,35,38,26,36,33,20,24,23,24,21,16,18,10,20,8,6,8,4,8,3,2,3,2,3,3,1,4,0,0,0,1,0,0,1,0,2,0,2,0,0,0,0,0,0
72,2023-25747,23-A-00부대 통신공사(1736),국군재정관리단,서울,348403920,349046397.0,+2% ~ -2%,24153109,87.745,843,기/A값/순,0.18440,0,4,28,128,221,263,123,61,9,1,0,0,1,3,5,23,45,83,110,111,125,138,74,49,41,20,8,1,1,0,0,0,0,0,0,0,0,2,1,1,0,3,4,12,9,13,19,22,29,45,27,58,39,45,52,40,63,53,57,50,24,29,36,23,11,19,17,10,7,8,5,2,1,0,1,0,1,0,0,0,0,0,0,0,0,0,0,0,0,0,0,0,0,0,1,1,0,1,0,1,0,0,1,2,2,2,5,7,5,4,4,9,6,13,13,9,14,15,23,22,11,16,27,31,25,14,22,23,27,25,16,24,27,36,22,31,29,28,25,25,14,10,14,15,21,15,14,9,8,3,14,5,6,11,5,5,5,2,3,5,3,2,2,0,1,0,0,0,1,0,0,0,1,0,0,0,0,0,0,0
74,20231149378-00,한국스포츠정책과학원 신청사 리모델링 공사(통신),서울올림픽기념국민체육진흥공단,서울,533538446,529359575.0,+2% ~ -2%,40086403,87.745,1034,기/A값/순,-0.78324,1,7,50,162,260,338,149,53,11,2,1,0,1,6,9,41,42,120,127,133,185,153,85,64,35,18,11,0,2,0,0,1,0,0,0,0,1,0,1,5,2,3,11,17,17,12,18,26,40,66,42,58,56,61,43,80,67,80,69,42,40,35,27,30,17,16,14,14,4,5,4,6,1,0,0,1,1,0,0,0,0,0,1,0,0,0,0,0,0,0,0,0,0,1,0,0,1,0,2,3,1,1,2,1,4,7,7,10,8,9,5,7,8,10,12,14,22,18,33,33,24,18,26,32,27,29,29,32,18,25,45,35,32,35,38,42,37,32,19,23,17,23,18,17,10,17,15,15,8,9,11,5,9,5,5,9,1,3,4,1,3,1,6,0,1,0,0,0,0,0,0,1,0,1,0,0,0,0,0,0
80,20231144555-00,분당선 압구정로데오역 등 4개역 영상감시설비 보수공사,한국철도공사,서울/경기,38474000,38924500.0,+2% ~ -2%,0,87.745,2469,기/수의,1.17092,0,8,75,330,623,726,488,174,26,5,0,0,1,7,28,47,105,225,318,305,345,381,339,149,138,36,17,9,5,0,0,0,0,0,0,0,1,1,2,4,6,14,18,19,18,26,50,72,76,106,141,127,111,129,115,118,154,154,150,150,145,137,101,59,46,47,53,49,13,12,12,3,5,5,1,2,2,1,0,0,0,0,0,0,0,0,0,0,0,0,0,0,0,1,0,1,1,1,1,3,2,4,7,7,8,10,12,7,9,9,11,15,22,28,29,43,37,39,56,50,63,78,61,66,50,61,69,60,59,56,55,63,72,82,73,81,75,75,83,67,76,69,76,61,57,44,39,20,22,24,25,22,25,28,38,11,7,6,5,7,8,4,2,1,2,3,2,3,0,1,2,0,2,0,1,0,0,0,0,0
81,20231144506-00,경강선 판교역 등 80개역 장애인화장실 비상호출장치 신설공사,한국철도공사,서울/인천/경기,40997000,41125450.0,+2% ~ -2%,0,87.745,2734,기/수의,0.31331,1,9,90,366,670,854,514,185,27,5,0,1,1,8,21,69,132,234,357,313,369,485,342,172,147,38,19,8,4,1,0,0,0,0,1,0,1,1,3,4,6,8,23,37,16,34,65,66,76,125,136,139,135,129,131,125,160,174,180,215,149,140,99,63,63,65,54,43,13,10,9,6,7,3,2,2,2,0,1,0,0,0,0,0,0,0,0,0,0,1,0,0,0,1,0,1,1,2,1,3,3,3,2,6,7,16,20,17,6,10,18,16,35,30,33,33,33,43,66,59,64,72,62,77,82,53,63,66,69,62,65,60,64,96,84,90,94,86,109,106,79,70,65,75,53,46,30,33,34,29,28,37,34,20,28,15,8,5,4,6,5,4,4,2,4,3,2,1,1,1,2,0,2,0,0,0,1,0,0,0
93,E012309875,신양재 과천 등 4개 전력구 강화액 원격 격발기능 보강공사(강남전력지사),한국전력공사,서울/경기,498355000,495744597.0,+2% ~ -2%,15966644,87.745,1520,기/A값/순/협정,-0.52381,1,9,73,243,404,471,237,72,4,1,0,1,2,7,18,55,80,163,212,192,219,252,148,89,48,24,4,0,1,0,0,0,0,1,0,0,1,1,2,5,5,8,12,16,32,27,37,45,66,68,95,79,71,73,86,77,98,106,115,75,66,45,53,47,26,24,16,11,12,9,3,1,0,0,0,0,1,0,0,0,0,0,0,0,0,0,0,1,0,0,0,0,1,0,1,0,0,2,2,3,1,4,3,5,5,7,10,6,21,11,10,17,16,21,16,29,27,39,34,34,40,55,48,31,38,33,41,32,46,40,50,27,44,54,44,62,64,51,46,29,40,26,20,25,37,16,25,22,17,9,15,9,7,9,8,3,6,6,4,5,1,2,1,0,0,0,0,0,0,0,0,0,0,1,0,0,0,0,0,0
110,20231123203-00,학내 노후 광케이블 교체공사,서울과학기술대학교,서울,274000000,274191850.0,+2% ~ -2%,13853203,87.745,1043,기/A값/순/연기,0.07001,0,8,34,177,361,270,147,38,5,2,0,0,3,5,12,22,61,116,159,202,136,134,71,76,27,11,4,1,2,0,0,0,0,0,0,1,1,3,1,2,3,5,6,9,11,21,28,33,54,41,63,65,75,92,66,49,57,61,55,48,33,24,32,36,22,13,11,9,3,2,2,1,2,0,0,1,1,0,0,0,0,0,0,0,0,0,0,0,0,0,1,0,0,1,1,2,0,1,2,0,1,2,2,3,4,2,5,4,7,4,12,9,18,10,12,21,27,27,22,19,33,30,29,36,31,44,57,35,24,42,25,24,28,29,30,31,28,27,31,17,14,19,11,13,14,18,22,14,11,11,4,9,7,4,3,6,2,1,1,1,1,1,1,0,1,1,0,0,0,0,1,0,1,0,0,0,0,0,0,0
111,20231121787-00,의료법 개정에 따른 CCTV 시스템 개선공사,국민건강보험공단,서울/인천/경기,39280000,39679425.0,+2% ~ -2%,495082,87.745,2769,기/A값/순/연기,1.01686,2,10,102,377,732,796,546,167,28,1,1,1,0,10,36,66,126,251,308,424,388,408,358,188,122,45,20,8,1,0,0,0,2,0,0,0,0,1,5,4,10,16,18,29,29,43,54,68,90,122,134,117,156,177,148,147,153,168,161,167,157,143,95,80,71,39,56,39,21,12,10,5,7,4,2,1,0,0,0,0,0,0,0,0,1,1,0,0,0,0,0,0,0,0,0,1,2,3,4,0,3,7,3,13,10,8,15,14,15,14,17,26,19,35,29,39,45,45,58,64,66,68,65,52,57,99,96,81,71,77,66,81,73,80,88,80,90,71,92,75,83,74,67,76,58,37,45,35,36,35,18,21,25,31,27,12,10,11,3,9,6,4,3,2,5,2,1,3,2,0,1,0,0,0,0,0,0,0,0,0
112,20231118264-00,국립전통예술고등학교 제1예술관 강당 리모델링 통신공사,서울지방조달청/문화체육관광부,서울,219396000,219452550.0,+2% ~ -2%,13660092,87.745,1042,기/A값/순/연기/협정,0.02577,2,9,60,154,298,304,156,47,7,2,1,1,3,6,15,45,73,81,146,152,130,174,94,62,31,16,6,1,1,1,0,1,0,1,0,0,1,3,1,4,7,4,13,20,16,26,34,29,24,41,59,59,60,63,57,41,56,65,73,69,43,35,30,23,25,16,12,11,4,4,3,1,2,1,0,1,0,0,0,1,0,0,1,0,0,0,1,0,0,0,0,0,0,1,2,1,0,1,3,1,2,5,3,1,4,9,10,10,11,5,15,11,13,21,13,16,12,12,23,18,18,41,27,32,28,32,36,27,23,34,11,30,27,29,33,32,46,27,41,28,24,19,20,15,16,14,12,11,11,14,11,5,10,2,3,8,2,2,1,3,2,1,1,0,2,0,1,0,0,0,0,1,0,0,0,0,0,0,0,1
113,E012309662,개포전력구 광케이블 및 비상통신망 지장이설공사(전자제어부),한국전력공사,서울,126816096,125560823.0,+2% ~ -2%,2923143,87.745,781,기/A값/순,-0.98984,1,5,29,104,249,232,116,33,7,0,1,0,0,5,6,23,53,51,137,112,106,126,73,43,25,8,6,1,0,0,0,1,0,0,0,0,0,0,1,4,3,2,5,9,10,24,19,18,19,24,62,48,46,39,54,51,32,48,61,40,39,21,26,15,15,12,11,4,5,1,5,1,1,0,0,0,0,0,0,0,0,0,1,0,0,0,0,0,0,0,0,0,0,0,0,0,1,0,2,2,2,1,1,1,1,4,5,4,4,6,14,10,9,10,10,8,8,11,12,12,26,36,27,21,27,19,22,17,35,19,22,29,13,19,23,25,27,34,20,20,17,22,14,7,13,13,10,5,6,9,6,6,7,4,2,2,4,1,0,1,3,2,1,0,0,1,0,0,0,0,0,0,0,0,0,0,0,0,0,0
115,2303458-00,2023년 서울 공공리모델링 임대주택 정보통신공사(구산동 356-7외 1필지),한국토지주택공사,서울,166923000,166170000.0,+2% ~ -2%,11024203,87.745,922,기/A값/순,-0.45111,2,3,30,129,266,255,189,37,6,1,0,2,1,2,8,22,45,84,151,115,105,150,131,58,27,10,5,1,1,0,0,0,1,0,1,1,0,0,1,1,0,5,5,8,12,13,23,20,33,40,68,61,47,51,39,40,43,55,60,57,75,46,24,24,20,17,8,9,2,1,3,2,0,0,1,1,0,0,0,0,0,0,0,0,0,1,0,0,0,1,1,0,0,0,0,0,0,1,0,1,0,0,4,1,3,2,5,3,7,5,5,8,10,13,9,11,16,17,21,19,38,30,27,34,22,25,30,21,24,15,20,20,18,25,22,33,36,24,26,31,35,40,23,23,10,14,15,9,10,10,8,9,6,2,2,7,1,1,1,0,2,1,1,1,0,0,0,0,1,0,0,1,0,0,0,0,0,0,0,0
123,20231120051-00,종로경찰서 삼청파출소 신축 통신공사,경찰청,서울,36611820,36432075.0,+2% ~ -2%,0,87.745,992,기/수의,-0.49095,0,3,33,156,290,306,149,45,5,1,0,0,0,3,8,25,56,100,152,138,177,129,94,55,34,11,3,2,0,1,0,0,0,0,0,0,0,0,0,3,2,4,6,11,10,16,26,30,36,48,60,64,60,55,51,66,71,59,55,55,43,43,19,22,22,15,16,6,4,4,2,1,0,1,1,0,0,1,0,0,0,0,0,0,0,0,0,0,0,0,0,0,0,0,0,0,0,0,2,1,1,1,1,3,2,4,8,3,4,6,11,5,14,12,14,16,14,22,25,23,35,25,36,28,28,32,27,28,27,24,26,40,32,39,40,19,22,33,33,22,20,23,22,21,8,11,12,10,9,13,11,4,11,5,3,3,3,1,3,1,2,0,0,1,0,0,0,1,0,1,0,0,0,0,0,1,0,0,0,0
132,20231106602-00,한국우진학교 별관 교사동 및 주차장 신축공사(통신),서울지방조달청/교육부,서울,306058000,304797825.0,+2% ~ -2%,20209535,87.745,1046,기/A값/순/협정,-0.41175,2,9,48,154,262,303,205,50,9,2,0,2,2,7,15,33,62,92,141,121,158,145,140,65,35,15,7,2,1,1,0,0,1,1,0,1,1,0,2,5,8,6,7,13,14,18,25,39,39,33,57,63,34,61,47,64,60,56,63,60,62,57,41,25,20,11,20,10,3,6,4,1,3,1,0,1,0,0,1,0,0,0,0,0,0,1,0,1,0,0,0,1,0,1,0,0,1,1,2,3,1,7,2,4,1,6,5,8,5,9,8,10,12,13,19,20,21,18,15,18,24,33,35,28,21,13,31,30,18,29,39,25,25,35,34,22,37,26,36,24,33,29,27,30,21,20,17,8,14,6,3,8,9,11,4,6,2,1,3,3,3,1,1,0,2,1,0,1,0,0,0,1,0,0,0,0,0,1,0,0
135,20231119486-00,서울대학교 첨단융합학부(관악 18동) 공간조성 통신공사 (긴급공고),서울대학교,서울,167640000,167077625.0,+2% ~ -2%,9446729,87.745,1086,기/A값/순,-0.33547,2,6,54,186,301,303,170,51,8,1,0,2,2,4,12,42,63,123,176,125,155,148,105,65,32,19,7,1,1,0,0,0,0,0,2,0,0,3,1,2,5,4,9,15,21,17,33,40,49,47,72,62,65,61,41,49,68,65,53,68,47,42,34,24,23,18,10,10,7,6,6,0,1,0,1,1,0,0,0,0,0,0,0,0,0,0,0,0,2,0,0,0,0,0,2,1,1,0,1,1,2,3,2,2,3,6,9,6,10,11,7,10,12,21,13,27,26,23,20,27,39,33,28,34,42,23,29,32,15,26,21,28,29,39,38,27,30,23,34,34,26,21,14,28,16,18,11,13,14,9,5,13,4,6,4,6,1,6,3,3,2,4,0,0,1,0,0,0,1,0,0,1,0,0,0,0,0,0,0,0
141,20231035786-00,공동구 이설 통신공사,서울지방조달청/서울과학기술대학교,서울,542854000,542342400.0,+2% ~ -2%,37079102,87.745,998,기/A값/순/협정,-0.09425,3,6,47,155,271,260,183,53,11,3,2,1,1,5,11,36,51,104,132,139,136,124,114,69,38,15,8,3,3,0,0,2,1,0,0,1,0,1,1,3,1,6,10,11,19,13,23,27,35,57,54,50,47,55,65,60,55,53,43,49,49,44,39,34,17,18,15,12,5,3,6,2,1,1,1,2,0,1,0,0,0,0,0,2,0,1,0,0,0,0,1,0,0,0,0,1,0,1,2,1,1,0,3,3,4,6,5,6,7,12,5,8,11,12,15,12,18,17,33,24,24,30,21,29,28,19,29,26,30,35,29,31,27,28,21,32,21,22,33,16,21,28,25,19,21,18,16,18,11,6,8,10,8,7,5,7,1,4,1,2,5,1,1,1,0,1,1,0,0,1,0,2,0,0,1,0,0,0,0,0
142,E012309202,154kV 강일S/S 전력통신설비 시설공사,한국전력공사,서울/경기,514587700,511344425.0,+2% ~ -2%,31472347,87.745,2260,기/A값/순,-0.63027,1,6,67,415,681,631,345,85,15,0,0,1,3,3,22,45,138,277,368,313,314,317,230,115,59,26,13,2,0,0,0,0,0,1,0,1,1,1,1,2,7,11,11,17,21,44,63,84,106,118,162,142,119,158,100,98,134,157,129,113,103,90,59,56,37,30,24,10,12,9,5,4,4,1,1,0,0,0,0,0,0,0,0,0,0,0,1,0,0,0,1,0,1,0,1,0,1,0,2,0,4,3,6,5,4,7,8,9,10,11,14,30,29,34,31,53,62,44,55,63,78,84,68,74,64,55,99,59,38,62,39,59,67,67,82,75,65,64,60,53,59,44,47,43,37,22,34,22,19,18,17,13,13,11,5,5,6,6,5,4,4,1,3,1,4,0,0,1,1,0,0,0,0,0,0,0,0,0,0,0
144,20231114517-00,경원선 광운대역 등 7역 통합형 자동개집표기 신설 기타공사,한국철도공사,서울/경기,76072000,76664650.0,+2% ~ -2%,0,87.745,2718,기/수의,0.77906,1,10,98,459,752,738,513,122,18,1,0,1,2,8,27,71,123,336,388,364,364,374,299,214,83,39,10,8,1,0,0,0,0,0,1,0,2,1,3,4,7,12,14,30,35,41,50,85,108,175,147,153,150,160,142,111,169,152,163,143,119,127,116,97,54,44,25,22,14,17,6,2,6,4,0,1,0,0,0,0,0,0,0,0,0,0,0,0,1,0,0,0,1,1,0,1,1,2,3,1,4,3,5,7,8,6,16,14,14,21,22,19,24,26,32,53,42,66,88,87,73,74,64,89,88,62,85,75,80,62,51,60,70,99,84,68,92,71,72,71,63,56,61,66,53,63,61,36,28,26,22,22,11,14,14,8,9,5,8,9,4,2,0,2,2,4,0,4,0,0,0,1,0,0,0,0,0,0,0,0
152,20231106711-00,수도전기공고 거점형 메이커 스페이스 신규 구축 통신공사,서울특별시교육청,서울,6930000,6940350.0,+2% ~ -2%,0,87.745,394,기/수의,0.14935,0,1,26,58,101,98,67,35,3,2,0,0,0,1,10,16,27,31,44,57,37,61,26,41,25,10,2,1,0,2,0,0,0,0,0,0,0,1,0,0,2,5,8,8,3,7,16,10,13,12,10,21,28,25,17,13,10,27,28,20,6,15,14,20,12,9,11,9,4,2,1,1,0,1,0,0,0,0,0,2,0,0,0,0,0,0,0,0,0,0,0,0,0,0,0,1,0,0,0,0,0,2,3,2,3,5,5,3,2,1,3,4,7,9,4,6,9,4,4,8,4,6,12,9,13,15,14,11,8,9,7,6,4,6,14,13,13,15,9,11,3,3,8,7,5,9,11,9,8,4,4,5,8,3,5,4,2,2,1,1,1,0,1,0,0,0,1,0,0,0,0,0,0,0,0,0,0,0,0,2
154,20231104167-00,서울안국동우체국 건립공사(통신),과학기술정보통신부,서울,43580000,43323025.0,+2% ~ -2%,0,87.745,1019,기/수의,-0.58967,0,3,38,149,288,299,181,52,4,0,0,0,0,3,12,26,62,87,149,139,157,142,114,67,38,14,3,1,0,0,0,0,0,0,0,0,0,1,0,2,2,8,7,14,7,20,24,30,35,40,62,56,55,61,54,42,71,72,54,60,41,54,31,24,31,20,13,11,4,4,3,0,1,0,0,0,0,0,0,0,0,0,0,0,0,0,0,0,0,0,0,0,0,0,0,1,0,0,1,1,1,1,5,3,2,5,7,7,5,2,8,12,6,18,18,12,15,20,18,22,27,35,28,28,31,24,36,25,29,25,22,20,30,41,44,28,26,28,24,36,22,19,20,34,19,12,9,15,21,10,11,9,9,4,5,6,2,2,3,1,1,2,0,0,0,1,0,0,0,0,0,0,0,0,0,0,0,0,0,0
156,20231105601-00,경부선 수원역 등 9역 자동개집표기 개량공사,한국철도공사,서울/인천/경기,146438000,147029275.0,+2% ~ -2%,0,87.745,3242,기/수의,0.40377,5,30,113,527,846,878,599,179,46,8,1,4,5,25,42,71,186,341,380,466,430,448,377,222,125,54,34,12,4,4,1,0,1,1,2,2,0,3,10,15,12,19,18,29,35,62,68,108,116,173,136,165,159,183,203,156,177,204,183,158,163,140,122,91,83,62,45,29,28,15,15,13,9,5,4,3,1,2,0,2,1,0,0,0,0,1,1,0,0,2,0,2,0,0,3,0,3,7,9,6,6,6,9,10,11,7,7,22,19,16,22,40,23,45,56,52,63,53,79,94,62,74,65,100,79,80,85,98,101,102,77,79,80,97,97,107,107,76,86,72,83,80,77,63,74,48,46,45,45,38,22,40,24,21,18,11,17,11,10,5,6,9,6,7,6,3,3,2,1,3,1,2,0,1,0,2,0,0,2,0
158,20231103166-00,고속선 관제전화시스템 개량공사,한국철도공사,서울/광주/군위/울산/경기/충북/충남/경북/전북,90830000,90890675.0,+2% ~ -2%,0,87.745,3709,기/수의,0.06680,2,19,121,589,911,1125,706,184,34,2,1,1,6,13,43,78,188,401,434,477,606,519,397,309,125,59,22,12,2,0,0,1,0,1,0,2,1,5,1,10,7,23,23,34,34,46,93,107,140,203,175,171,177,200,188,217,261,236,212,199,183,143,144,133,103,60,50,29,24,21,14,8,6,3,3,0,1,1,0,0,0,0,1,0,0,0,0,1,0,0,1,1,1,0,3,2,0,1,3,7,4,3,14,9,13,10,13,21,16,18,17,29,36,57,49,58,65,75,99,104,90,85,77,94,88,89,106,94,99,89,107,110,114,147,128,108,117,95,93,106,90,93,74,69,71,73,73,60,59,44,32,28,26,24,15,14,12,12,9,12,4,10,3,5,0,6,2,1,3,0,0,0,0,1,1,0,0,0,0,0
159,20231038202-00,경의선 서울~가좌 등 2개 구간 광케이블 신설 및 기타공사(총체 및 1차) (긴급공고),한국철도공사,전국/서울/경기,1770000000,1776500325.0,+2% ~ -2%,95068598,86.745,2779,기/A값/순/의무,0.36725,4,14,103,378,690,881,524,150,25,6,1,3,3,11,22,81,129,249,359,331,425,456,317,207,110,40,15,10,3,3,0,0,1,1,2,2,1,1,2,8,7,9,23,31,33,46,59,67,96,110,145,152,138,134,121,155,185,201,162,178,166,101,111,81,65,44,44,34,18,10,2,10,6,4,3,1,1,2,2,0,0,0,0,0,1,0,0,1,0,2,1,1,1,0,0,1,1,1,7,1,4,3,5,4,6,17,16,15,15,18,21,25,29,30,24,43,54,42,45,65,74,71,72,80,62,76,74,60,61,60,71,84,75,110,85,116,81,81,81,97,93,73,49,52,50,61,49,32,36,29,24,20,22,22,22,12,10,8,5,5,1,1,4,6,3,3,3,1,2,1,1,0,0,1,1,1,0,2,0,0
160,20231037618-00,서울수유동우체국 건립 정보통신공사,과학기술정보통신부,서울,58565000,58084500.0,+2% ~ -2%,0,87.745,1108,기/수의,-0.82046,1,5,46,161,313,352,172,46,8,2,1,0,3,2,14,32,61,100,136,177,187,165,104,68,32,14,6,2,0,2,1,0,0,0,0,1,1,1,1,1,4,4,16,13,9,17,26,36,36,46,53,59,56,75,70,88,68,57,77,62,45,41,36,31,19,12,15,8,6,5,4,1,2,1,0,0,0,0,2,0,0,1,0,0,0,0,0,0,0,0,0,1,0,1,1,0,1,0,1,0,3,1,2,2,6,10,7,6,4,5,9,8,11,15,18,18,22,14,23,23,22,31,33,26,24,32,39,36,33,37,48,40,32,36,31,26,44,33,35,27,29,16,16,25,18,18,18,13,9,10,5,7,6,9,5,3,3,3,3,2,3,1,1,0,1,1,0,1,0,0,0,0,0,0,0,0,1,1,0,0
165,20231017412-00,서울출입국·외국인청 신축 통신공사,서울지방조달청/법무부,전국/서울,1978722000,1981749475.0,+2% ~ -2%,131722948,86.745,1172,기/A값/순/의무,0.15300,1,9,62,174,284,366,207,52,7,2,1,0,0,9,19,43,80,94,137,147,174,192,119,88,35,17,7,0,1,1,0,0,1,0,0,0,0,2,1,6,2,9,11,19,21,24,37,32,34,47,50,64,46,58,66,56,81,73,72,84,52,44,45,32,34,16,18,7,10,1,4,3,0,0,0,0,1,0,0,1,0,0,0,0,1,0,0,0,0,0,0,0,0,0,0,2,0,1,1,5,0,2,2,7,8,3,10,9,8,13,11,13,17,20,19,13,13,21,21,26,28,22,26,38,23,23,30,28,32,34,29,27,40,41,37,36,34,38,38,46,27,25,27,17,23,22,18,14,20,14,11,5,9,9,1,6,5,5,0,1,4,0,0,3,0,0,0,0,0,0,0,0,0,1,0,0,0,0,1,0
166,2023-22471,1여단 공중동작시설 통신공사(23-신-12),특수전사령부,서울,15716000,15895738.0,+2% ~ -2%,0,87.745,529,기/수의,1.14366,0,1,20,70,117,135,116,56,12,0,0,0,0,1,6,14,25,45,50,67,60,75,63,53,37,19,7,5,0,0,0,0,0,0,0,0,0,0,1,0,3,2,5,3,7,9,12,13,18,18,17,18,31,21,30,11,31,36,32,25,23,27,28,16,22,13,18,12,10,3,4,3,0,3,2,0,0,0,0,0,0,0,0,0,0,0,0,0,0,0,0,0,0,0,0,0,0,1,0,0,1,2,0,2,1,4,2,1,3,4,3,6,1,11,4,9,9,9,10,8,10,7,9,9,15,16,10,11,16,14,6,5,14,17,18,18,19,13,9,16,10,13,12,15,13,15,8,8,14,8,6,7,8,10,6,6,7,3,0,3,3,1,2,1,0,0,1,2,2,0,0,0,0,0,0,0,0,0,0,0
167,20231033278-00,경희여자고등학교 본관 및 녹황관 방송선로 교체 공사,서울특별시교육청,서울,152900000,153344975.0,+2% ~ -2%,0,87.745,1187,기/수의,0.29102,1,7,63,145,284,372,229,65,16,3,0,1,1,6,15,48,56,89,138,146,169,203,142,87,41,24,14,2,2,1,0,0,0,1,0,0,1,1,3,2,6,7,8,18,24,18,27,33,34,33,45,62,65,60,52,68,68,69,87,80,63,58,40,42,26,15,19,13,11,7,4,5,5,2,0,1,1,0,0,1,0,0,0,0,0,0,0,1,0,0,0,0,1,0,0,1,2,1,2,0,5,1,2,5,2,6,9,9,13,11,10,8,13,14,11,22,19,15,15,18,24,21,29,33,31,34,37,23,18,34,42,26,29,39,33,36,48,39,39,41,32,31,28,30,21,19,22,20,12,14,8,7,8,11,7,6,6,5,5,2,3,1,1,4,5,0,1,1,0,0,1,0,1,0,0,0,0,0,1,0
168,20231016811-00,서울청 무선통신망 철거공사,서울지방조달청/경찰청,전국/서울,1839834000,1835634625.0,+2% ~ -2%,123608475,86.745,1152,기/A값/순/의무,-0.22825,0,7,63,161,284,326,235,57,10,4,0,0,2,5,26,37,58,103,139,145,150,176,135,100,44,13,7,3,1,3,0,0,0,0,0,0,2,0,2,3,11,12,8,15,17,15,29,29,47,41,53,55,60,64,52,44,64,85,60,73,75,41,45,35,39,19,16,13,8,1,2,4,3,1,0,0,1,2,0,1,0,0,0,0,0,0,0,0,0,0,0,0,1,1,0,0,2,0,1,2,7,4,7,5,3,5,7,8,10,7,5,10,12,17,14,15,26,21,26,15,25,28,26,29,31,29,37,27,21,31,21,23,25,39,42,43,31,29,39,34,36,39,24,17,19,26,19,16,19,20,11,8,8,8,9,4,3,5,1,0,2,0,2,2,1,2,1,0,0,0,0,0,0,1,0,2,0,0,1,0
172,20231025720-00,서울대학교 수의과대학 85-1동 4층 동물실험실 리모델링 공사(통신) (긴급공고),서울대학교,서울,91850000,91987350.0,+2% ~ -2%,4995974,87.745,1016,기/A값/순,0.14953,1,9,41,159,276,298,164,56,8,0,0,1,3,6,12,29,69,90,134,142,156,142,100,64,41,15,6,2,0,0,0,0,0,1,0,0,0,4,1,4,5,6,5,15,10,20,32,25,29,53,46,60,56,43,71,62,61,69,51,55,46,44,25,32,17,16,14,14,8,4,3,2,3,0,0,0,0,0,0,0,0,0,0,0,0,0,0,1,0,0,0,0,0,0,3,1,1,0,2,2,3,2,4,2,1,4,8,7,4,6,11,9,14,18,17,8,16,13,24,29,25,21,31,29,28,28,18,25,36,35,30,32,37,24,33,36,29,22,31,24,18,28,19,25,10,15,14,18,9,8,8,8,4,10,11,3,4,4,3,1,2,1,2,0,1,2,0,0,0,0,0,0,0,0,0,0,0,0,0,0
175,E012308700,지하전력구 PS-LTE 비상통신망 시설(동서울전력지사),한국전력공사,서울/경기,58199900,57989539.0,+2% ~ -2%,3377564,87.745,2293,기/A값/순,-0.36145,2,15,71,401,658,639,362,104,16,3,0,2,5,10,18,53,139,262,318,340,326,313,205,157,69,35,14,2,0,3,0,0,0,2,0,1,1,4,3,6,4,10,14,17,26,44,52,90,119,96,123,121,138,120,156,127,126,141,125,120,99,66,75,60,62,30,24,21,13,16,10,4,1,1,0,0,0,0,1,2,0,0,0,0,0,0,2,0,0,0,1,0,0,1,3,1,1,2,1,5,2,2,3,7,4,10,9,8,14,12,20,24,25,27,43,47,63,56,50,46,51,72,51,70,74,64,54,66,87,69,67,60,65,61,73,68,59,66,70,50,50,49,28,38,40,35,31,29,37,25,14,16,17,7,15,6,7,6,9,7,6,4,1,3,0,1,0,1,0,0,0,0,0,0,0,0,0,1,1,1
179,20231022691-00,청와대 관리동 1층 화장실 신설 통신공사,문화체육관광부,서울,27500000,27459525.0,+2% ~ -2%,0,87.745,900,기/수의,-0.14719,0,4,43,154,233,241,164,50,8,1,0,0,1,3,11,32,56,98,111,122,117,124,103,61,33,17,8,0,1,0,0,0,0,0,0,0,0,2,1,1,3,5,7,14,14,24,21,34,31,44,48,42,40,54,49,45,49,53,48,46,38,41,37,27,21,17,8,12,12,1,4,3,1,0,0,1,0,0,0,0,0,0,0,0,0,0,0,0,0,0,0,0,0,0,1,1,1,0,1,0,1,2,1,4,3,4,6,8,7,7,11,13,9,12,11,23,20,11,20,24,20,28,22,20,21,19,34,20,19,30,20,25,26,23,23,30,23,25,17,29,25,13,22,19,24,13,13,14,11,10,10,7,6,2,8,4,6,6,0,1,2,2,2,1,1,0,0,0,0,0,0,1,0,0,0,0,0,0,0,0
181,20231021894-00,서울대학교 물리천문학부(56-1동) 신축 통신공사(총차 및 장기1차) (긴급공고),서울대학교,서울,208120000,208010800.0,+2% ~ -2%,14210345,87.745,1058,기/A값/순,-0.05247,0,5,47,185,292,295,169,56,8,0,0,0,2,3,13,34,85,100,134,158,148,147,112,57,41,15,6,2,0,0,0,0,0,0,0,1,0,1,2,1,4,4,11,12,16,26,34,41,40,44,51,54,53,63,71,47,71,56,49,72,55,35,38,13,28,21,12,10,9,4,3,3,1,0,1,0,0,0,0,0,0,0,0,0,0,0,0,0,0,0,0,1,0,0,1,0,1,1,1,0,1,3,2,2,5,6,7,5,10,6,6,20,13,21,25,16,22,18,20,24,18,33,22,32,29,24,41,22,40,31,26,21,32,39,30,26,20,29,41,31,26,29,15,20,22,16,6,7,18,10,11,10,8,4,8,2,4,5,1,3,1,2,3,0,0,1,0,0,1,0,0,0,0,0,0,0,0,0,0,0
184,20231018573-00,경원선 회기역 화장실 개량에 따른 통신설비 개량공사,한국철도공사,서울,30116000,29924650.0,+2% ~ -2%,0,87.745,905,기/수의,-0.63538,0,2,31,121,218,247,204,62,15,1,0,0,1,1,9,22,59,62,92,126,122,125,136,68,43,19,11,4,0,1,0,0,0,0,0,0,0,1,1,0,3,2,5,12,9,12,31,22,24,32,30,38,53,57,40,49,44,47,49,58,61,51,44,25,23,17,18,11,10,6,3,7,3,2,0,0,0,1,0,0,0,0,0,0,0,0,0,0,0,0,0,0,0,0,1,0,1,0,0,0,1,2,2,0,4,1,4,8,3,6,5,7,13,18,16,6,10,14,16,16,14,16,15,23,24,29,30,27,20,20,24,25,24,20,29,18,33,16,35,23,32,29,26,25,24,20,14,11,13,10,9,8,9,9,8,3,5,5,4,2,1,2,6,1,1,2,1,1,0,0,0,0,0,0,0,1,0,0,0,0
187,E012308479,지하전력구 PS-LTE 비상통신망 시설공사(영등포전력지사),한국전력공사,서울,62673600,63096909.0,+2% ~ -2%,4022457,87.745,795,기/A값/순,0.67541,0,2,36,138,229,239,110,32,2,1,0,0,1,1,8,28,50,88,108,121,106,133,68,42,24,8,1,1,1,0,0,0,0,0,0,0,0,1,0,1,1,5,5,11,14,16,24,27,41,30,41,48,45,47,48,49,38,37,72,43,28,31,17,14,20,11,10,5,2,4,0,1,1,0,0,0,1,0,0,0,0,0,0,0,0,0,0,0,0,0,0,0,0,0,1,0,0,0,0,1,0,1,1,4,2,3,4,7,8,6,6,10,11,13,10,17,14,27,15,15,19,22,25,23,19,26,32,15,21,27,25,24,16,22,19,18,42,30,24,19,16,12,16,15,9,8,7,7,12,8,5,6,5,5,3,2,1,1,0,4,0,0,0,1,0,1,0,0,0,0,0,0,1,0,0,0,0,0,0,0
191,E012308452,지하전력구 PS-LTE 비상통신망 시설공사(강남전력지사),한국전력공사,서울,97270800,96499294.0,+2% ~ -2%,5063184,87.745,793,기/A값/순,-0.79316,1,3,31,141,227,237,117,24,7,0,1,0,1,2,6,25,47,94,107,120,108,129,72,45,14,10,5,2,0,0,0,0,1,0,0,0,1,1,1,0,2,4,5,7,13,16,15,32,30,48,40,49,39,51,48,44,45,40,62,46,34,29,16,17,21,6,7,4,3,4,3,2,0,2,0,0,0,0,0,0,0,0,0,0,1,0,0,0,0,0,0,0,1,0,0,1,0,1,0,0,1,1,1,3,0,5,2,5,8,5,8,8,7,8,16,16,13,17,21,27,14,26,25,24,18,21,23,28,19,29,20,24,23,22,19,21,38,24,21,25,21,13,17,12,9,7,9,8,9,12,3,3,5,2,1,3,1,2,2,2,2,1,1,1,0,0,1,1,0,0,0,0,0,0,0,0,0,0,0,0
193,E012308392,지하전력구PS-LTE비상통신망 시설공사(전자제어부),한국전력공사,서울/경기,74547649,74301252.0,+2% ~ -2%,4368984,87.745,2285,기/A값/순,-0.33053,1,7,83,373,651,614,416,112,16,0,1,0,0,7,27,56,134,239,303,348,274,340,251,165,72,40,12,4,0,0,1,0,0,0,0,0,0,0,2,5,7,12,13,19,32,56,54,55,113,95,106,135,128,148,134,116,105,124,141,128,119,87,86,62,62,39,24,15,22,12,8,3,2,3,0,0,0,0,0,0,1,0,0,0,0,0,0,0,0,0,0,0,0,0,0,0,1,1,2,3,4,3,8,4,8,5,8,11,12,20,24,32,23,31,24,31,47,66,38,57,47,59,62,73,62,66,80,68,72,62,55,61,50,55,53,71,78,63,72,56,64,55,38,49,45,41,38,24,32,30,16,23,11,13,9,6,12,10,6,6,5,3,3,0,1,1,1,2,0,0,0,0,0,0,0,0,0,0,0,0
194,E012308359,2023년 배전자동화 자가광케이블 시설공사(ICT운영부),한국전력공사,서울,252747000,253759156.0,+2% ~ -2%,14915036,87.745,849,기/A값/순,0.40046,0,3,40,141,245,255,124,33,5,0,0,0,0,3,9,31,61,80,140,105,108,147,72,52,24,9,3,2,0,0,0,0,0,0,0,0,0,0,2,1,2,5,7,7,19,16,29,31,28,37,46,64,48,56,31,47,41,43,76,48,30,24,27,22,21,14,9,3,3,4,2,1,1,0,1,0,0,0,0,0,0,0,0,0,0,0,0,0,0,0,0,0,0,0,0,0,1,1,0,1,2,0,2,3,2,5,4,3,9,10,7,9,9,20,16,15,16,12,15,22,17,29,23,41,30,18,33,23,19,12,25,22,25,16,20,23,37,39,30,18,17,13,9,15,18,9,12,10,11,10,9,5,6,3,1,2,1,2,2,2,0,2,1,0,0,1,0,0,1,0,0,0,0,0,0,0,0,0,0,0
195,20231008275-00,경부선 서울역 선상통로 방송설비 개량공사,한국철도공사,서울,205863000,205288200.0,+2% ~ -2%,3747196,87.745,1028,기/A값/순,-0.27922,0,4,49,159,255,317,187,50,6,0,0,0,0,4,11,38,58,101,123,132,153,164,128,59,39,11,6,0,0,0,0,0,0,0,0,0,0,0,1,3,6,2,8,15,18,14,27,33,43,42,46,53,51,55,50,49,67,74,51,76,54,49,35,26,23,20,12,10,2,6,4,2,0,0,0,0,0,0,0,0,0,0,0,0,0,0,0,0,0,0,0,0,0,0,0,0,1,0,2,1,3,3,2,0,3,5,6,9,7,11,7,7,14,13,17,16,22,21,22,20,17,29,28,25,24,27,30,25,26,24,27,22,34,33,37,37,28,23,47,29,30,24,24,25,25,10,15,11,12,11,13,7,8,4,7,3,1,1,3,3,3,1,2,0,0,0,0,0,0,0,0,0,0,0,0,0,0,0,0,0
196,20231008211-00,철도교통관제센터 교환기용 네트워크설비 보수공사,한국철도공사,서울,38970000,39462800.0,+2% ~ -2%,0,87.745,903,기/수의,1.26456,1,4,49,122,241,248,187,44,5,1,0,1,0,4,6,43,39,83,91,150,133,115,108,79,32,12,5,0,1,0,0,0,1,0,0,0,0,0,4,0,3,1,4,17,24,14,15,30,34,29,36,34,57,63,51,39,61,52,43,53,50,37,42,38,20,12,16,6,7,3,1,1,3,0,0,1,0,0,0,0,0,0,0,0,0,1,0,0,0,0,0,0,0,0,0,0,2,2,0,0,1,2,0,1,2,2,4,13,12,12,5,9,7,8,10,20,17,17,13,16,13,23,14,20,21,36,34,29,25,26,21,18,25,36,33,19,25,18,28,25,27,23,19,18,21,21,21,17,11,9,8,4,8,8,4,2,4,3,2,1,1,0,1,0,3,0,0,0,0,0,0,1,0,0,0,0,0,0,0,0
203,20230926075-00,한국방송통신대학교 정보통신망선로 고도화,한국방송통신대학교,서울,167750000,166899975.0,+2% ~ -2%,10057577,87.745,1056,기/A값/순,-0.50673,0,6,51,138,286,348,173,39,11,1,0,0,0,6,12,39,62,76,131,155,159,189,105,68,29,10,8,3,0,1,0,0,0,0,0,0,0,0,2,4,4,5,12,13,17,25,24,19,32,38,49,50,67,74,46,56,73,74,73,72,45,33,49,20,26,13,12,9,2,3,5,3,1,1,1,0,0,0,1,0,0,0,0,0,0,0,0,0,0,0,0,0,0,0,0,0,1,1,4,0,1,3,2,3,3,9,6,7,8,9,13,12,8,16,13,6,13,19,20,18,24,25,30,20,32,35,38,36,20,26,27,29,34,39,30,44,43,30,37,35,21,24,14,19,27,22,11,9,13,13,6,7,8,4,4,5,0,2,1,2,4,1,2,1,0,1,0,1,0,1,0,0,0,0,0,0,1,0,0,0
205,42392,노후 LAN 장비 교체사업,제7016부대,서울,223355000,223821715.0,+2% ~ -2%,0,87.995,104,물품/기,0.20895,1,0,0,8,20,44,19,4,1,0,1,0,0,0,0,0,4,4,8,12,26,18,13,6,4,0,1,0,0,0,0,0,1,0,0,0,0,0,0,0,0,0,0,0,0,0,2,4,1,1,3,2,7,6,2,6,16,7,10,5,4,6,6,3,0,2,1,1,0,0,1,0,0,0,0,0,0,0,0,0,0,0,0,0,1,0,0,0,0,0,0,0,0,0,0,0,0,0,0,0,0,0,0,0,0,0,0,0,0,0,0,0,1,1,2,2,0,1,0,1,1,2,2,0,3,4,4,2,1,1,5,1,7,9,4,3,3,7,2,3,2,2,2,4,3,3,0,3,0,0,2,0,1,0,1,0,0,0,0,0,1,0,0,0,0,0,0,0,0,0,0,0,0,0,0,0,0,0,0,0
206,E012308091,154kV 강서S/S 전력통신설비 시설공사,한국전력공사,서울/인천,435375600,434121505.0,+2% ~ -2%,26743957,87.745,1152,기/A값/순,-0.28805,0,4,31,198,322,322,220,38,6,3,0,0,0,4,6,25,83,115,161,161,149,173,150,70,24,14,4,2,3,0,0,0,0,0,0,0,0,1,1,2,3,2,5,9,12,39,28,34,50,47,51,78,80,70,43,52,69,63,75,63,60,60,50,26,24,13,6,12,5,2,1,2,1,1,1,2,1,0,0,0,0,0,0,0,0,0,0,0,0,0,0,0,0,0,0,1,0,1,1,1,2,1,0,2,1,4,6,3,4,8,17,22,12,16,16,18,30,20,20,27,27,24,33,45,32,48,47,23,30,13,18,34,36,33,28,35,44,31,37,26,29,31,23,37,30,20,16,10,18,6,6,7,2,4,5,7,2,3,1,1,0,1,1,1,1,0,1,0,1,0,1,1,1,0,0,0,0,0,0,0
212,20230929632-00,김포공항 지하차도 방재설비 통신공사,한국공항공사,서울,129065200,130101025.0,+2% ~ -2%,6236552,87.745,920,기/A값/순,0.80255,0,4,25,147,270,263,160,42,7,0,0,0,2,2,6,19,61,86,119,151,94,169,91,69,29,13,3,4,0,0,0,0,0,0,0,2,0,0,1,1,1,3,3,11,7,15,29,28,28,47,35,51,62,78,44,31,46,51,85,50,42,40,27,38,13,16,11,4,6,5,0,3,2,0,2,0,0,0,0,0,0,0,0,0,0,0,0,0,0,0,1,1,0,0,0,0,0,1,0,1,0,1,2,1,2,1,4,7,6,1,6,9,14,15,17,11,14,14,26,21,15,20,25,26,33,29,38,40,25,19,11,20,21,25,17,34,49,36,27,23,27,15,20,20,9,18,26,12,7,6,9,7,6,5,2,2,3,3,2,3,0,0,2,1,0,2,0,0,1,1,0,0,0,0,0,0,0,0,0,0
221,E012307848,23년도 화상감시시스템 교체공사,한국전력공사,서울,48078800,48221704.0,+2% ~ -2%,0,87.745,732,기/수의,0.29722,1,2,28,78,244,224,116,31,5,0,0,1,0,2,5,23,32,46,139,105,100,124,71,45,24,7,4,1,0,0,0,0,0,1,0,0,0,0,1,1,1,3,5,4,15,15,13,10,23,17,65,45,50,44,40,37,40,56,47,44,38,22,23,15,18,9,11,5,4,2,0,3,1,1,0,0,0,0,0,0,0,0,0,0,0,0,0,1,0,0,0,0,0,0,0,0,0,1,1,0,1,0,1,2,1,4,4,0,9,6,4,11,6,7,4,6,13,10,5,12,23,42,19,26,29,21,26,18,24,16,20,17,18,22,23,33,29,18,25,19,16,22,7,15,11,12,9,6,7,11,6,3,6,5,4,1,2,2,2,0,0,0,2,1,1,0,0,1,0,0,0,0,0,0,0,0,0,0,0,0
224,20230908361-00,한국기독교역사문화관 통신공사 (긴급공고),재단법인,서울,148373000,148364150.0,+2% ~ -2%,0,87.745,1188,수의,-0.00597,0,2,45,173,333,349,208,66,8,2,0,0,0,2,11,34,94,79,150,183,178,171,118,90,50,16,6,2,1,1,0,0,0,0,0,0,0,0,1,1,2,8,8,12,15,34,43,33,28,35,50,65,70,78,70,83,61,67,67,71,48,48,46,37,29,20,22,12,7,5,3,2,1,2,0,0,1,0,0,1,0,0,0,0,0,0,0,0,0,0,0,0,0,0,0,0,0,1,0,1,1,1,4,4,1,7,6,6,7,8,14,20,19,24,17,16,10,18,19,16,20,30,26,39,35,35,39,39,42,28,37,46,26,35,34,33,38,29,37,34,27,21,28,20,22,24,21,16,18,11,11,9,12,10,8,4,4,3,3,2,3,0,0,2,1,0,1,1,0,0,0,0,1,0,0,0,0,0,1,0
225,20230916797-00,서울마곡지구 내 우체국 건립공사(정보통신),과학기술정보통신부,서울,96373000,96646975.0,+2% ~ -2%,0,87.745,1123,기/수의,0.28428,0,5,50,186,319,318,185,48,4,3,0,0,2,3,13,37,72,114,129,190,159,159,115,70,37,11,2,2,2,1,0,0,0,0,0,1,1,0,1,2,4,8,7,14,17,29,25,34,42,56,45,54,67,79,74,73,60,62,65,58,45,48,43,33,16,15,14,13,1,5,2,0,1,0,1,1,0,1,1,0,0,0,0,0,0,0,0,0,0,0,0,1,1,0,0,0,1,0,2,0,2,2,4,4,1,6,8,6,8,9,8,21,13,12,18,16,21,21,26,30,23,22,25,29,30,37,38,41,38,36,35,38,26,34,26,36,40,25,29,29,29,16,19,29,22,21,18,15,6,10,5,10,7,7,8,5,1,0,1,4,2,0,0,0,0,1,0,0,0,1,0,1,0,0,1,0,0,1,0,0
226,20230914659-00,국립공원 청소년수련시설 증축공사(통신) (긴급공고),국립공원공단,서울,122507000,123135225.0,+2% ~ -2%,0,87.745,1212,기/수의,0.51280,0,1,49,225,286,349,212,74,9,5,0,0,0,1,12,37,93,132,136,150,161,188,133,79,46,28,6,3,1,4,0,0,0,0,0,0,0,0,0,1,2,7,5,15,20,35,34,43,66,47,46,55,60,66,59,65,62,71,69,81,65,49,35,36,28,19,17,19,10,9,3,3,3,0,0,1,0,1,1,2,0,0,0,0,0,0,0,0,0,0,0,0,0,0,0,0,0,0,1,0,2,0,3,4,3,2,7,8,11,9,15,20,18,16,24,19,33,33,21,26,27,19,31,24,35,25,32,34,30,29,34,31,26,36,34,37,31,38,47,34,36,29,25,24,20,15,20,16,14,14,10,9,10,7,10,9,3,7,6,3,2,1,1,2,0,3,0,0,0,0,1,0,0,0,0,1,1,0,0,2
227,20230914057-00,서울이문동우체국 건립 정보통신공사,과학기술정보통신부,서울,81429000,81581950.0,+2% ~ -2%,0,87.745,1148,기/수의,0.18783,1,3,48,171,321,340,187,60,12,1,0,1,0,3,12,36,68,103,132,189,169,171,107,80,41,19,7,5,1,0,0,0,0,0,1,0,0,0,1,2,3,6,7,11,21,24,34,28,42,43,49,53,73,78,68,66,66,72,66,69,48,46,35,29,30,18,12,17,8,5,3,4,3,0,2,1,0,0,0,0,0,0,0,0,0,0,0,0,1,0,0,0,0,0,0,0,0,1,2,0,1,2,2,4,3,4,4,7,11,10,11,13,14,20,10,18,18,24,17,26,25,24,27,26,30,43,41,37,38,30,32,34,29,37,37,35,29,37,38,31,25,23,24,22,14,21,13,16,18,12,7,11,6,6,11,6,3,5,1,4,1,2,1,3,0,3,0,0,1,1,0,1,0,0,0,0,0,0,0,0
230,20230910897-01,서울성동경찰서 수사부서 환경개선 공사(통신) (정정공고),경찰청,서울,178189000,179014500.0,+2% ~ -2%,12770249,87.745,1125,기/정/A값/순,0.46327,2,8,57,174,331,295,186,60,7,1,1,1,3,5,16,41,70,104,150,181,157,138,129,57,50,10,5,2,1,0,0,1,0,1,0,1,1,2,2,2,3,6,13,13,22,24,30,26,49,45,46,70,72,76,67,64,48,72,59,52,56,55,34,24,17,25,13,15,4,3,3,2,2,0,0,0,1,0,0,0,0,0,0,1,0,0,0,1,0,0,1,0,0,1,1,1,1,1,2,0,2,1,4,2,7,6,5,8,9,13,11,13,14,16,16,10,26,23,26,19,27,19,31,39,34,38,36,40,27,40,29,35,20,28,45,27,40,19,29,23,29,27,31,24,18,16,8,16,6,11,16,9,5,8,12,3,2,2,2,1,2,1,2,0,0,2,0,0,0,0,0,0,0,1,0,0,0,0,0,0
235,39291,긴급 네트워크 선로 구축 용역,국방부근무지원단,서울,138985560,140117256.0,+2% ~ -2%,0,87.745,158,기,0.81425,1,2,4,11,39,51,31,7,1,2,1,0,1,1,1,3,4,7,16,23,28,23,19,12,2,5,1,0,1,1,0,1,0,0,0,0,0,1,0,1,0,0,1,3,0,0,3,4,3,1,2,8,10,11,8,8,15,10,6,12,9,10,2,5,5,1,1,1,0,4,0,1,0,0,0,0,1,0,0,1,0,0,1,0,0,0,0,0,0,0,0,0,0,0,1,0,0,0,0,1,0,0,0,0,1,0,1,2,0,0,0,0,2,1,1,3,2,1,0,1,1,1,4,4,6,4,9,2,3,5,4,4,9,6,5,5,4,2,8,4,4,5,4,6,0,2,3,2,5,0,0,1,1,0,0,1,0,0,0,4,0,0,0,1,0,0,0,0,0,0,0,0,1,0,0,0,0,0,0,1
254,E012307324,154kV 선릉S/S 무인보안시스템 교체공사(동서울전력지사),한국전력공사,서울,54457700,54417608.0,+2% ~ -2%,0,87.745,745,기/수의,-0.07363,0,3,30,98,219,222,118,42,5,1,0,0,0,3,6,24,41,57,110,109,107,115,74,44,29,13,5,0,1,0,0,0,0,0,0,0,0,0,0,3,1,2,7,11,9,13,13,19,23,30,51,39,46,44,39,46,41,49,50,36,31,23,31,17,16,18,9,6,5,4,5,0,0,0,0,1,0,0,0,0,0,0,0,0,0,0,0,0,0,0,0,0,0,0,0,0,0,0,3,0,1,0,0,2,3,4,6,5,3,6,3,10,8,5,15,4,8,15,18,12,23,28,16,23,20,26,24,20,22,17,18,28,17,24,20,29,24,26,23,13,15,16,14,9,20,11,9,8,7,9,11,7,4,5,2,4,2,3,3,1,1,4,0,0,0,0,0,0,0,0,1,0,0,0,0,0,0,0,0,0
268,20230831042-00,서울갈현동우체국 건립공사(정보통신),과학기술정보통신부,서울,68495000,68317150.0,+2% ~ -2%,0,87.745,1162,기/수의,-0.25966,0,6,42,175,305,355,211,54,7,2,0,0,1,5,10,32,70,105,159,146,192,163,137,74,37,17,4,3,2,0,0,0,0,0,0,0,0,2,2,2,3,5,10,9,15,17,33,39,33,53,54,74,59,46,72,80,73,73,68,61,59,52,42,34,24,14,15,13,7,5,1,2,2,2,0,1,1,0,0,0,0,0,0,0,0,0,0,0,0,0,0,0,0,0,1,1,1,1,1,1,2,1,4,1,2,8,4,5,8,7,8,9,14,19,20,19,20,13,27,26,25,29,33,41,31,28,22,24,38,34,37,43,35,38,39,34,39,29,37,24,25,34,27,25,26,16,14,20,10,14,5,9,7,8,8,5,6,1,2,3,1,0,1,1,1,1,1,1,0,0,0,1,0,1,0,0,0,0,0,0
269,20230830900-00,서울성산동우체국 건립공사(정보통신),과학기술정보통신부,서울,60468000,60696025.0,+2% ~ -2%,0,87.745,1157,수의,0.37710,0,5,44,178,291,362,203,59,5,1,0,0,0,5,10,34,71,107,156,135,198,164,124,79,41,18,2,3,1,0,0,0,0,0,0,0,0,0,2,3,3,5,9,10,17,20,31,38,40,49,58,67,55,46,65,76,84,70,66,66,49,56,35,44,19,16,19,12,9,3,0,1,2,1,1,0,1,0,0,0,0,0,0,0,0,0,0,0,0,0,0,0,0,0,0,0,1,1,2,1,2,1,4,1,2,7,4,6,9,8,7,13,13,18,20,18,24,16,23,26,27,31,31,36,31,24,24,22,35,30,33,43,37,47,38,32,37,29,40,26,22,27,31,25,19,16,22,22,9,10,6,10,9,10,6,6,5,4,1,2,0,0,0,1,1,1,1,0,0,1,0,0,1,0,0,0,0,0,0,0
270,20230830730-00,서울가산동우체국 건립공사(통신),과학기술정보통신부,서울,92660000,93287825.0,+2% ~ -2%,0,87.745,1175,기/수의,0.67755,0,8,44,172,301,359,214,60,8,2,0,0,1,7,13,31,71,101,162,139,182,177,142,72,43,17,6,2,1,1,0,0,0,0,0,0,0,2,2,4,3,8,10,10,13,14,34,39,36,49,58,71,60,46,66,84,70,65,74,66,57,60,41,31,25,18,17,14,8,3,2,3,2,1,0,1,0,0,0,1,0,0,0,0,0,0,0,0,0,0,0,0,0,0,1,1,1,1,2,2,2,1,6,2,2,8,4,6,7,6,5,9,15,19,23,16,22,14,26,23,25,33,33,38,33,27,19,27,32,34,38,46,26,44,28,37,38,36,30,36,26,31,32,28,25,16,17,14,8,17,8,10,10,7,8,6,6,2,2,1,1,1,2,1,1,1,0,1,0,0,0,1,0,0,0,0,0,0,0,1
271,20230824427-00,이노베이션아카데미 교육연구시설 증축사업 통신공사,서울지방조달청/한국연구재단,서울,858675000,857425700.0,+2% ~ -2%,58397611,87.745,1017,기/A값/순/협정,-0.14550,1,9,49,170,254,306,164,50,8,1,0,1,4,5,9,40,76,94,118,136,128,178,95,69,36,14,6,2,1,0,0,0,1,0,0,1,1,2,2,3,1,6,10,15,17,21,38,37,40,34,51,40,47,63,53,49,50,65,77,65,37,40,36,28,23,9,24,6,7,4,4,1,2,0,1,1,0,0,0,0,0,0,0,0,0,1,0,0,0,0,1,0,0,1,2,0,2,0,2,1,1,0,3,3,2,8,6,9,11,6,8,13,21,17,17,20,31,9,15,19,18,33,22,18,27,20,44,19,32,21,27,22,31,19,29,36,44,33,34,31,17,20,18,22,18,18,9,19,15,8,6,3,13,11,3,3,5,2,1,3,3,1,0,1,1,1,0,0,1,0,0,1,0,0,0,0,0,0,0,0
272,2023-18474,23-D-00부대 통신공사(2504),국군재정관리단,서울,247689210,247834631.0,+2% ~ -2%,18113860,87.745,908,기/A값/순,0.05871,1,4,41,132,238,249,161,56,17,1,1,0,0,4,10,31,45,87,118,120,111,138,96,65,42,14,11,6,1,0,0,1,0,0,0,0,0,0,1,3,1,6,7,7,20,13,19,26,39,35,48,53,38,58,41,58,39,32,56,64,48,38,24,34,17,18,17,14,3,4,9,2,3,3,0,1,0,0,0,0,0,0,0,1,0,0,0,0,0,0,0,0,0,0,0,0,0,1,0,3,0,1,1,5,3,4,1,6,13,7,5,8,7,12,13,13,21,18,14,21,17,31,23,30,17,21,35,23,23,18,25,33,17,22,14,18,36,20,34,30,20,28,18,20,10,14,21,13,14,3,9,9,7,10,7,7,1,2,3,1,3,6,2,0,0,3,1,2,0,0,1,0,0,0,0,0,0,0,0,0
273,2023-18511,서울역TMO 시설개선(통신),국군수송사령부,서울,35862470,36109888.0,+2% ~ -2%,0,87.745,843,기/수의,0.68990,0,2,29,87,191,256,186,69,18,1,0,0,0,2,6,23,47,40,88,103,113,143,121,65,54,15,12,6,1,0,0,0,0,0,0,0,0,0,0,2,1,4,5,5,14,22,18,11,19,17,30,38,39,44,40,51,48,35,46,76,44,62,28,32,20,22,23,14,4,6,10,1,3,3,1,0,0,1,0,0,0,0,0,0,0,0,0,0,0,0,0,0,0,0,0,0,0,0,0,2,0,1,2,2,1,4,2,3,6,8,11,11,11,7,7,4,11,8,10,7,14,16,20,18,20,19,30,14,25,15,27,24,21,27,14,21,26,20,37,39,23,21,29,33,15,13,17,15,12,8,11,11,12,11,9,5,1,3,5,1,7,3,1,0,1,2,1,2,1,0,0,0,0,0,1,0,0,0,0,0
275,20230831448-00,고속선 수서역 등 3개소 CCTV 안전설비 보수공사,한국철도공사,서울/울산/충남/전북/전남,44240000,44071625.0,+2% ~ -2%,0,87.745,1754,기/수의,-0.38060,1,1,58,226,431,528,379,101,18,2,0,1,0,1,11,47,81,145,187,244,265,263,267,112,78,23,14,4,1,1,0,0,0,0,1,0,0,0,0,1,2,5,13,25,13,39,28,44,47,68,69,77,93,104,88,109,102,99,103,115,129,100,65,33,52,34,31,20,9,7,8,3,4,1,2,1,0,0,0,1,0,0,0,0,0,0,0,0,0,1,0,0,0,0,0,0,0,0,1,0,2,0,1,4,4,9,11,14,3,10,14,25,17,11,14,30,19,28,32,36,34,35,32,45,41,52,56,48,49,39,41,68,51,51,54,45,59,44,57,58,64,65,55,45,38,27,20,13,26,26,17,17,15,16,13,7,1,8,5,2,3,5,3,0,3,1,0,1,1,1,1,0,0,0,0,0,0,0,0,1
278,20230829272-00,서울대학교 사회대 16동 리모델링 및 한국경제혁신센터 증개축 통신공사 (긴급공고),서울대학교,전국/서울,2716736000,2708843925.0,+2% ~ -2%,183444835,86.745,1179,기/A값/순/의무,-0.29050,1,3,53,167,302,373,205,61,9,2,0,1,0,3,15,38,72,95,141,161,182,191,135,70,42,19,7,2,2,0,0,0,0,0,1,0,0,1,0,2,5,3,15,10,20,25,30,34,41,37,56,53,60,66,67,72,76,79,70,76,58,53,39,30,25,20,15,15,9,2,3,2,3,0,1,1,1,0,0,0,0,0,0,0,0,0,0,0,0,1,0,0,0,0,0,1,0,0,1,1,3,2,2,1,7,8,4,6,12,8,12,13,11,19,17,17,21,20,9,28,22,34,23,30,32,28,41,25,32,35,34,38,40,36,34,45,43,27,40,36,28,30,19,34,24,15,16,14,19,6,9,11,7,8,7,8,3,6,0,2,3,0,2,0,2,1,0,0,1,0,1,0,1,0,0,0,0,0,0,0
283,E012306947,23년 서울본부 송변전광단말장치 보강공사,한국전력공사,서울,146921500,146530252.0,+2% ~ -2%,8964996,87.745,820,기/A값/순,-0.26630,0,4,41,146,262,231,95,28,5,0,0,0,0,4,13,28,50,96,125,137,110,121,69,26,21,7,4,1,0,0,0,0,0,0,0,0,0,1,1,2,5,5,8,11,12,20,15,33,36,42,46,54,60,67,35,52,36,51,53,39,30,26,23,7,9,11,7,6,1,3,2,2,0,0,1,0,0,0,0,0,0,0,0,0,0,0,0,0,0,0,0,0,0,0,0,1,0,1,2,0,3,2,4,1,3,5,6,5,8,4,9,11,8,7,15,18,18,18,21,21,23,23,31,23,25,35,41,26,24,11,17,35,14,22,22,29,27,26,23,16,16,14,14,12,13,10,2,5,5,4,7,4,4,3,3,3,0,1,1,2,1,1,2,0,0,0,0,0,0,1,0,0,0,0,0,0,0,0,0,0
284,20230825532-00,동대문서 회기파출소 리모델링 통신공사,경찰청,서울,29700000,29494700.0,+2% ~ -2%,0,87.745,923,기/수의,-0.69125,0,3,33,142,278,258,154,39,11,1,0,0,0,3,6,27,55,87,127,151,136,122,95,59,29,10,8,3,1,0,0,0,0,0,0,0,0,0,1,2,2,3,8,6,14,16,24,33,32,37,57,48,54,67,52,49,64,49,59,37,37,37,46,13,21,12,10,9,2,6,6,2,2,1,0,0,1,0,0,0,0,0,0,0,0,0,0,0,0,0,0,0,0,0,0,0,0,1,2,0,2,0,2,1,1,7,2,4,7,7,8,8,12,12,15,18,14,18,19,18,31,26,26,22,22,32,33,34,24,28,24,25,34,30,23,26,30,29,17,20,13,24,15,22,21,25,7,6,12,9,6,6,5,5,7,2,1,1,3,3,2,4,0,2,0,2,1,0,0,0,0,0,1,0,0,0,0,0,0,0
285,20230823374-00,구리SS 등 24개소 종합감시설비 개량 기타공사,한국철도공사,서울/경기/강원,758218000,754764375.0,+2% ~ -2%,29866237,87.745,2843,기/A값/순,-0.45550,2,9,108,411,799,834,541,113,20,4,1,1,4,5,32,76,184,227,400,399,382,452,336,205,74,39,15,5,3,1,0,0,1,0,1,1,2,1,2,3,9,17,15,32,35,68,74,85,73,111,156,155,171,175,142,144,154,178,184,174,118,147,128,72,76,34,24,31,17,7,4,8,6,2,0,2,1,0,1,0,0,0,0,0,1,0,0,0,1,0,0,1,1,1,1,0,1,1,2,1,4,5,9,8,6,9,16,16,19,16,31,37,43,31,42,43,37,36,54,57,69,87,81,74,89,82,85,90,71,71,58,86,69,85,84,94,107,77,96,78,64,54,66,81,71,57,39,33,36,40,23,11,12,12,16,15,8,9,2,5,3,1,4,4,3,3,1,1,0,0,2,0,0,1,0,0,1,0,0,0
287,2023-17922,00부대 광케이블 보강 공사,육군사관학교,서울,271873200,270743462.0,+2% ~ -2%,17367792,87.745,859,기/A값/순,-0.41554,1,4,38,117,216,269,152,41,10,0,1,0,0,4,6,32,49,68,112,104,127,142,82,70,25,16,8,2,0,0,0,1,0,0,0,0,0,1,1,2,0,3,6,11,18,14,22,24,20,37,42,44,47,40,43,47,52,64,52,54,31,38,34,36,13,13,8,9,6,5,5,3,0,1,1,0,0,0,0,0,0,0,0,1,0,0,0,0,0,0,0,0,0,0,0,1,0,1,0,2,0,0,2,1,3,3,6,5,8,10,5,9,7,15,13,11,12,8,18,19,17,25,20,24,26,21,27,13,25,18,21,26,30,22,28,36,29,23,28,26,11,20,18,20,13,21,20,16,6,7,8,5,6,2,4,5,3,3,2,3,3,2,2,1,0,0,0,1,1,0,0,0,0,0,0,0,0,0,0,0
289,20230823066-00,창명학사 용도변경에 따른 통신공사,서울과학기술대학교,서울,49227000,49384950.0,+2% ~ -2%,0,87.745,1051,기/수의,0.32086,0,4,47,138,302,298,211,43,5,0,0,0,0,4,10,37,62,76,142,160,151,147,151,60,32,11,4,1,0,0,0,0,0,0,0,0,0,1,1,2,3,5,10,11,18,15,30,28,34,31,54,58,57,76,57,60,63,72,52,51,74,54,36,30,17,10,12,11,7,3,4,0,1,0,0,0,0,0,0,0,0,0,0,0,0,0,0,0,0,0,0,0,0,0,0,1,1,0,1,1,2,1,4,1,2,8,3,8,12,6,7,8,11,19,17,11,20,14,21,10,20,34,28,30,30,27,43,33,30,27,33,27,32,31,28,44,23,29,24,27,37,37,23,31,23,13,18,12,6,11,6,4,4,8,10,1,5,2,2,1,2,2,0,0,0,1,0,0,0,0,0,0,0,0,0,0,0,0,0,0
291,20230821207-00,중부경찰서 약수지구대 시설개선 통신 공사,경찰청,서울,22208760,22419550.0,+2% ~ -2%,0,87.745,878,기/수의,0.94912,0,4,53,123,207,241,178,56,5,4,0,0,1,3,12,41,54,69,110,97,124,117,126,52,42,14,3,2,3,1,0,0,0,0,0,0,1,0,1,2,4,4,11,10,24,21,21,22,19,40,42,51,38,41,35,61,38,57,39,46,56,45,37,21,19,23,15,7,9,2,3,0,0,1,1,0,3,1,0,0,0,0,0,0,0,0,0,0,0,0,0,0,0,1,0,0,1,0,2,0,3,1,2,2,4,7,3,7,9,15,12,9,11,10,12,10,6,13,21,19,26,16,26,25,17,21,20,21,17,18,29,32,19,19,25,32,25,14,25,21,29,27,22,23,25,12,15,6,9,10,13,10,6,9,4,3,5,4,1,1,2,1,0,0,0,0,0,1,1,0,0,0,0,3,0,1,0,0,0,0
292,20230818427-01,소화기 내시경실 시설개선 공사(통신) (정정공고),한국원자력의학원,서울,58696000,58661850.0,+2% ~ -2%,0,87.745,1134,기/정/수의,-0.05819,2,3,57,189,263,333,202,75,5,0,1,1,0,3,16,41,76,113,134,129,176,157,136,66,60,15,3,2,0,0,1,0,0,1,0,0,0,0,1,2,2,10,10,16,19,24,36,35,46,48,47,62,47,50,57,75,70,59,61,68,54,52,48,23,25,32,20,10,7,6,2,1,1,1,0,0,0,0,0,0,0,1,0,0,0,0,1,0,0,0,0,0,0,0,0,0,0,1,1,1,1,1,4,6,4,6,7,9,11,8,12,12,23,13,16,19,19,27,25,23,20,27,31,31,25,22,22,28,25,32,43,32,36,34,31,28,31,30,33,35,23,31,24,28,30,18,14,9,12,13,18,14,9,11,8,2,3,4,4,2,1,1,1,0,0,1,1,0,0,0,0,0,0,0,0,0,0,0,0,0
294,20230740181-00,연구성과 사업화시설 리모델링 공사(통신),서울지방조달청/한국과학기술연구원,서울,585832000,584543200.0,+2% ~ -2%,40089859,87.745,1021,기/A값/순/협정,-0.22000,2,5,60,166,280,302,135,58,9,1,0,2,4,1,10,50,59,107,134,146,146,156,88,47,39,19,6,3,1,0,0,0,0,1,1,1,1,2,0,1,2,6,6,20,26,24,25,26,43,48,47,61,56,59,57,47,58,72,64,61,35,34,32,17,17,20,16,9,6,7,4,1,1,1,2,0,1,0,0,0,0,0,0,0,0,0,1,0,0,1,0,1,0,1,2,0,0,0,1,0,2,0,4,2,2,4,11,9,12,14,14,10,14,11,10,16,20,23,25,23,27,20,27,34,26,30,37,22,31,26,23,24,31,27,41,31,30,34,36,25,10,25,18,16,19,13,8,9,12,5,15,5,6,10,3,6,2,4,2,5,2,2,1,0,1,0,0,1,1,1,0,0,1,0,0,0,0,0,0,0
301,20230814332-00,광진경찰서 광나루지구대 리모델링 통신공사,경찰청,서울,31109120,30935100.0,+2% ~ -2%,0,87.745,941,기/수의,-0.55939,0,3,59,149,255,257,140,63,8,1,0,0,0,3,20,39,59,90,132,123,118,139,80,60,50,13,6,2,0,1,0,0,0,0,0,0,0,1,1,1,8,8,7,10,26,19,23,30,30,47,49,52,56,44,54,49,45,56,52,55,37,27,28,26,22,22,20,11,6,4,5,1,0,2,0,0,0,0,0,1,0,0,0,0,0,0,0,0,0,0,0,0,0,0,0,1,0,1,0,1,4,4,4,4,4,3,2,8,13,13,6,13,14,9,17,13,12,18,20,27,23,26,24,28,31,25,24,20,29,25,23,26,20,25,24,32,21,31,31,24,19,18,10,17,16,12,13,13,13,9,11,11,11,9,8,3,4,2,2,2,4,1,0,1,0,0,2,0,0,0,0,0,0,0,0,0,0,0,0,1
302,20230813985-00,남대문경찰서 서소문파출소 시설개선 통신 공사,경찰청,서울,21640360,21650050.0,+2% ~ -2%,0,87.745,866,기/수의,0.04477,0,5,49,124,234,240,131,63,11,1,0,0,0,5,15,34,57,67,126,108,130,110,72,59,52,11,6,5,0,1,0,0,0,0,0,0,0,1,1,3,6,5,7,10,21,17,25,27,18,37,50,54,45,34,51,50,48,52,36,54,31,26,30,20,24,23,21,12,3,4,6,0,2,3,0,0,0,0,1,0,0,0,0,0,0,0,0,0,0,0,0,0,0,0,0,1,0,1,1,2,2,4,2,3,4,3,1,9,11,10,6,11,11,14,15,12,8,10,13,24,26,24,24,30,22,23,15,19,34,17,27,23,21,27,32,20,17,19,34,20,18,13,9,17,15,15,9,11,12,12,10,13,12,9,8,4,2,1,4,0,5,1,0,0,0,2,3,0,0,0,0,0,0,0,0,0,1,0,0,0
305,20230740223-00,정보통신망선로 고도화 통신공사,서울지방조달청/서울교육대학교,서울,590429000,593385625.0,+2% ~ -2%,12264815,87.745,1007,기/A값/순/협정,0.50075,3,5,58,155,283,241,186,59,12,3,1,2,1,4,14,44,62,93,140,143,123,118,94,92,39,20,8,4,3,0,0,0,2,1,0,0,1,1,2,1,3,7,14,13,21,22,21,37,27,48,49,63,57,55,59,56,43,47,52,43,32,42,47,43,22,19,18,4,9,9,7,1,1,2,1,1,1,1,0,0,0,0,0,0,1,1,1,0,0,0,0,0,0,1,0,1,0,2,0,1,1,2,3,4,4,10,5,8,10,11,10,12,8,13,19,18,16,11,21,27,22,27,30,33,28,29,31,24,33,26,26,30,21,22,24,23,26,26,22,21,18,14,22,20,20,27,21,22,12,10,12,7,12,6,2,2,3,6,4,5,3,4,1,0,0,1,2,0,1,0,1,0,1,0,1,0,0,0,0,0
310,20230811214-00,서울대학교 관악 940동 공용사무실 조성사업 통신공사,서울대학교,서울,140214000,139674925.0,+2% ~ -2%,9360259,87.745,1055,기/A값/순,-0.38447,2,14,59,138,290,329,165,45,9,1,2,0,3,11,18,41,55,83,155,135,145,184,106,59,36,9,8,1,0,1,0,1,1,0,0,2,0,2,3,7,4,11,8,18,18,27,12,28,32,39,54,59,72,53,52,52,64,65,76,72,33,46,42,24,20,22,9,8,6,0,6,1,1,1,0,0,0,1,0,0,0,0,1,0,1,0,0,0,0,0,0,2,0,0,1,1,3,0,5,2,2,2,2,9,3,5,10,8,10,8,12,15,3,9,16,12,16,16,25,14,26,28,25,34,42,30,29,24,21,31,20,32,27,37,29,36,36,40,36,36,14,19,22,24,27,15,16,8,10,10,9,13,6,3,5,3,3,3,0,0,4,2,1,0,1,0,1,0,0,0,0,0,0,0,0,1,0,0,0,0
314,20230807967-00,광역철도 자동발매기 철거 등 재배치 공사,한국철도공사,서울/경기/충남,62677000,62744725.0,+2% ~ -2%,0,87.745,2818,기/수의,0.10805,2,7,113,420,674,836,586,141,22,5,1,1,1,6,24,89,146,274,305,369,368,468,361,225,105,36,17,5,5,0,1,0,0,1,0,0,1,2,2,2,8,10,29,39,27,44,67,88,106,115,115,129,132,142,156,122,158,175,187,194,139,161,112,87,87,56,40,20,16,9,11,4,4,2,1,1,4,0,0,0,0,1,0,0,0,0,1,0,0,0,0,0,0,1,0,2,1,1,2,0,6,2,3,7,6,23,25,14,11,16,17,27,32,35,35,53,57,49,68,47,47,68,55,74,61,71,67,75,93,63,61,61,71,87,88,87,95,92,94,100,76,63,71,90,61,51,47,40,48,39,33,23,21,19,9,11,7,9,6,3,5,6,4,0,2,2,2,0,1,0,0,1,1,3,0,0,0,0,0,0
318,20230802739-00,김포공항 승강시설 감시장비 개선공사,한국공항공사,서울,327670000,326172600.0,+2% ~ -2%,14345237,87.745,1008,기/A값/순,-0.45699,0,3,32,122,316,339,143,41,9,0,0,0,1,2,7,25,63,59,126,190,167,172,76,67,30,11,5,4,0,0,0,0,0,0,0,0,1,1,1,0,4,1,5,6,16,20,27,28,19,28,47,57,64,78,70,75,61,78,75,50,39,20,37,29,18,16,8,12,2,3,3,2,1,1,2,0,0,0,0,0,0,0,0,0,0,0,0,0,0,0,0,0,0,1,0,1,1,0,0,0,1,3,1,0,2,3,1,5,7,9,10,10,11,16,16,12,11,8,11,17,28,19,32,25,22,42,46,32,39,31,30,45,23,38,31,47,38,37,26,24,20,19,10,10,17,20,21,8,11,7,8,8,4,4,6,6,0,2,1,2,1,2,2,0,0,1,1,0,0,2,0,0,0,0,0,0,0,0,0,0
319,20230734592-01,[변경공고]중소제작사 성장거점 구축 인테리어 공사(통신) (정정공고),한국콘텐츠진흥원,서울,27115000,27203500.0,+2% ~ -2%,1687197,87.745,822,기/정/A값/순,0.32638,1,5,49,122,226,213,143,54,6,1,1,0,0,5,10,39,53,69,101,125,111,102,88,55,35,19,6,0,1,0,1,0,0,0,0,0,0,1,2,2,4,2,9,15,19,19,18,28,24,33,36,41,56,42,51,51,40,40,41,41,37,32,30,24,20,17,14,9,8,6,2,4,0,0,0,1,0,0,0,0,1,0,0,0,0,0,0,0,0,0,0,0,0,0,0,1,1,1,1,1,1,3,2,0,4,5,3,12,10,9,12,7,8,10,16,12,10,14,16,17,18,18,18,23,24,32,26,16,30,21,27,24,15,25,20,20,24,17,21,20,19,18,17,15,19,11,15,9,12,8,7,10,7,7,4,5,2,6,2,4,0,2,2,2,0,0,0,0,0,0,0,1,0,0,0,0,0,0,0,0
322,E012306489,"인재개발원 무선 침입방지, AP용 통신공사",한국전력공사,서울,51690100,52137829.0,+2% ~ -2%,0,87.745,643,기/수의,0.86617,1,2,20,104,171,195,107,27,8,0,0,1,0,2,5,15,32,72,86,85,88,107,66,41,19,8,7,1,0,0,0,0,0,1,0,0,0,0,0,2,2,1,2,7,8,10,14,17,34,29,34,38,28,34,37,34,34,35,43,49,34,20,21,21,11,10,7,6,2,2,6,0,1,0,1,0,0,0,0,0,0,0,0,0,0,0,0,1,0,0,0,0,0,0,0,0,0,0,2,0,0,2,0,1,2,0,5,2,6,2,5,5,9,5,8,9,19,15,15,14,13,21,16,22,14,14,20,14,23,14,19,15,14,20,20,15,24,19,24,25,15,19,9,11,12,9,16,5,8,3,5,5,4,3,2,4,1,1,1,1,4,2,0,0,1,0,0,0,0,1,0,0,0,0,0,0,0,0,0,0
329,20230737813-02,상문고 구관(지혜관) 방송선로 개선공사 (정정공고),서울특별시교육청,서울,129580000,128797050.0,+2% ~ -2%,3846269,87.745,998,기/정/A값/순,-0.60423,1,7,33,142,272,290,194,36,8,1,1,0,1,6,4,29,50,92,130,142,137,153,106,88,26,10,7,1,0,1,1,0,0,0,0,0,1,0,1,5,1,1,7,6,18,16,22,35,43,26,47,52,68,63,42,53,56,66,64,51,41,46,38,40,29,9,11,10,3,3,5,1,1,1,0,0,0,0,1,0,1,0,0,0,0,0,0,0,0,0,0,0,0,1,0,0,0,1,3,2,1,0,0,1,2,5,3,3,9,9,11,5,7,15,12,23,25,18,12,14,24,23,28,24,31,37,35,28,22,20,27,26,23,33,28,38,39,25,28,23,25,16,26,20,19,19,13,27,15,14,2,7,8,3,6,4,2,1,1,2,2,3,1,0,1,0,0,1,0,0,0,0,0,0,0,0,1,0,0,0
338,20230721626-00,서울노원경찰서 수사부서 환경개선 공사(통신),경찰청,서울,212678500,212799800.0,+2% ~ -2%,14770073,87.745,1070,기/A값/순,0.05703,1,7,40,193,274,298,192,52,5,2,1,0,2,5,10,30,92,101,130,144,148,150,132,60,40,12,4,1,1,1,0,0,1,0,0,1,1,0,2,3,2,4,11,11,12,31,42,30,34,56,55,55,49,58,57,70,59,49,60,60,60,51,42,19,20,17,15,10,5,5,4,0,0,0,1,0,1,0,1,0,0,0,0,0,1,0,0,0,0,0,0,1,0,1,0,0,0,2,1,2,1,1,1,3,4,7,4,7,4,8,13,18,16,26,19,11,15,19,26,30,24,31,24,31,20,29,33,25,33,24,35,35,29,30,19,30,33,27,31,29,30,30,28,23,21,21,12,7,11,9,9,8,8,7,8,2,2,3,2,3,3,1,0,0,0,0,0,0,1,0,0,0,1,0,0,0,0,1,0,0
342,20230721030-00,승리관 및 오륜관 장애인용 승강기 설치 통신공사,한국체육대학교,서울,30250000,30465500.0,+2% ~ -2%,0,87.745,939,기/수의,0.71239,0,6,36,116,259,288,162,63,7,0,0,0,1,5,12,24,41,75,137,122,146,142,103,59,48,15,6,1,0,0,0,0,0,0,0,0,0,3,2,1,3,7,3,11,12,9,20,24,27,36,48,63,43,55,50,47,72,55,46,68,39,47,38,21,17,19,19,11,7,7,5,1,0,1,0,0,0,0,0,0,0,0,0,0,0,0,0,0,0,0,0,0,0,0,1,2,2,0,0,1,2,1,4,3,2,1,7,4,5,7,3,6,9,11,12,12,9,18,20,16,27,21,27,36,26,17,23,32,22,28,31,16,31,41,27,28,30,16,39,29,19,20,20,27,17,21,12,9,9,8,8,11,7,12,10,1,3,4,4,3,3,2,1,0,0,0,0,1,0,0,0,0,0,0,0,0,0,0,0,0
343,20230722272-00,광진서 중곡2파출소 시설개선 통신공사,경찰청,서울,30030000,30000625.0,+2% ~ -2%,0,87.745,936,기/수의,-0.09782,0,8,39,128,248,263,172,67,10,1,0,0,1,7,12,27,59,69,107,141,132,131,106,66,47,20,7,3,1,0,0,0,0,0,0,0,0,2,2,4,2,8,5,7,17,16,26,31,25,30,41,51,49,57,50,48,59,57,43,56,55,44,27,26,20,19,23,7,7,11,5,2,0,3,0,1,0,0,0,0,0,0,0,0,0,0,0,0,0,0,0,0,0,0,1,1,2,0,2,2,1,1,4,4,2,3,3,4,10,7,7,9,10,16,17,14,9,16,18,12,17,24,26,25,15,34,32,25,25,25,23,25,22,37,25,32,21,22,29,27,26,29,26,18,7,20,12,14,13,7,5,14,7,16,5,2,1,6,5,6,2,3,1,1,0,0,2,1,0,0,0,1,0,0,0,0,0,0,0,0
345,20230721563-00,영락중 방송시설 개선공사 통신공사 2인이상 견적제출 계약 안내공고 (긴급공고),서울특별시서부교육청,서울,104098000,104775725.0,+2% ~ -2%,0,87.745,1141,수의,0.65104,0,8,58,197,284,317,190,68,13,1,0,0,3,5,17,41,70,127,115,169,143,174,104,86,49,19,12,1,0,1,0,0,0,0,0,0,2,2,1,3,6,9,9,16,18,20,30,45,55,47,45,53,49,74,63,47,60,60,72,78,47,41,38,42,22,21,23,11,7,6,9,3,0,0,1,0,0,0,1,0,0,0,0,0,0,0,0,0,0,0,0,0,0,2,1,1,1,0,1,2,3,3,4,5,2,7,10,6,9,9,7,13,11,19,20,25,24,31,28,19,21,24,23,30,17,32,38,36,38,25,26,21,23,37,36,24,35,37,38,40,30,17,16,25,16,22,24,18,13,9,12,9,12,11,5,6,1,6,3,3,5,4,3,0,0,0,0,0,1,0,0,0,0,0,0,0,1,0,0,0
348,20230717716-03,2023년 서울디지텍고등학교 학교시설환경개선 공사(통신) (긴급공고) (정정공고),서울특별시교육청,서울,59614000,59618050.0,+2% ~ -2%,0,87.745,1063,정/연기/수의,0.00679,0,7,36,198,237,280,219,55,13,4,0,0,2,5,7,29,74,124,104,133,139,141,131,88,39,16,9,4,1,3,0,0,0,0,0,0,0,3,3,1,2,2,6,8,18,38,24,28,38,70,40,38,59,59,41,57,61,61,50,51,51,52,49,38,29,22,12,7,9,5,4,4,2,2,1,0,1,1,2,0,0,0,0,0,0,0,0,0,0,0,0,0,0,0,2,1,3,0,1,0,0,2,0,2,3,3,5,3,11,7,21,17,13,11,12,16,15,23,33,37,22,18,15,23,26,33,32,27,24,17,29,28,30,31,21,40,30,20,27,24,26,25,22,30,28,21,21,17,18,11,12,10,4,8,5,2,4,5,3,2,3,1,2,2,1,1,1,1,0,1,0,0,1,0,0,1,1,1,0,0
356,20230708642-00,교내 보건실 및 기타(기숙사 사감실 등) 환경개선공사 통신공사,서울특별시교육청,서울,3850000,3882650.0,+2% ~ -2%,0,87.745,274,기/수의,0.84805,0,3,12,44,48,70,55,32,6,1,0,0,0,3,2,10,22,22,23,25,29,41,30,25,25,7,4,2,0,1,0,0,0,0,0,0,0,0,1,2,0,0,4,2,6,6,12,6,8,12,6,9,12,10,11,5,18,15,18,14,6,15,20,8,6,10,11,6,3,2,2,1,1,1,1,0,0,1,0,0,0,0,0,0,0,0,0,0,0,0,0,0,0,0,0,0,0,1,1,1,0,0,0,0,2,2,1,1,4,2,3,3,7,5,4,2,3,5,5,7,2,4,6,3,8,4,7,3,7,4,2,3,7,11,6,9,11,7,7,7,2,4,7,8,9,11,4,4,3,3,6,4,7,4,4,2,2,1,1,1,1,1,0,1,1,0,1,0,1,0,0,0,0,0,0,1,0,0,0,0
357,20230703129-00,국립중앙박물관 승강기 교체(통신공사(도급)),문화체육관광부,서울,30283000,30292225.0,+2% ~ -2%,0,87.745,873,기/수의,0.03046,0,4,45,125,208,248,170,60,11,1,0,0,1,3,10,35,42,83,104,104,105,143,111,59,43,17,9,2,1,0,0,0,0,0,0,0,1,0,1,2,2,6,10,12,15,12,20,21,34,38,36,49,36,48,39,35,51,50,56,56,45,51,25,28,21,18,16,10,9,7,6,2,2,0,1,1,0,0,0,0,0,0,0,0,0,0,0,0,0,0,0,0,1,0,0,0,0,1,0,2,1,1,2,4,2,8,5,7,9,6,5,7,10,10,10,11,16,18,19,19,19,17,27,22,19,17,23,25,19,20,18,17,18,33,19,31,27,29,31,25,22,23,28,23,15,10,20,8,11,10,9,9,8,8,9,1,6,3,1,6,3,3,1,1,1,1,0,0,0,1,1,0,0,0,0,0,0,0,0,0
368,20230637701-00,서울대학교 LnL시범사업(906동) 리모델링 통신공사 (긴급공고),서울대학교,서울,186207000,188228775.0,+2% ~ -2%,12243269,87.745,1049,기/A값/순,1.08576,2,10,56,169,325,299,128,47,4,4,0,2,2,8,16,40,78,91,169,156,158,141,82,46,29,18,4,0,1,3,0,0,1,0,1,1,1,1,3,4,7,6,11,18,14,18,40,40,33,38,72,69,56,77,51,58,62,66,59,54,35,31,27,21,14,14,9,14,6,4,4,0,0,0,0,1,0,2,1,0,0,0,0,0,0,1,0,0,0,1,1,0,0,1,0,1,2,1,3,1,5,2,3,3,3,8,10,8,8,6,9,9,22,18,20,20,14,19,16,22,25,47,28,41,28,28,43,34,28,23,27,31,24,38,38,28,32,27,32,22,19,16,14,17,16,11,13,8,8,6,9,5,5,4,6,8,4,2,2,2,1,3,0,0,0,0,0,0,0,0,0,1,0,0,0,2,1,0,0,0
369,20230636521-00,경춘선 신내역 등 90역 승강장안전문 센서 개량공사(총체 및 1차),한국철도공사,서울/경기,538714000,539694500.0,+2% ~ -2%,17685161,86.745,2525,기/A값/순,0.18200,51,92,159,425,617,691,348,103,10,3,9,42,38,54,71,88,181,244,281,336,369,322,217,131,76,27,8,2,2,1,1,6,9,17,18,16,14,20,22,20,27,29,29,39,35,57,76,94,95,103,114,110,123,118,152,132,153,159,149,98,95,88,61,59,45,50,21,17,7,8,5,3,1,1,0,2,0,0,1,0,0,1,2,4,2,7,8,9,9,9,3,13,4,10,8,12,6,16,10,10,15,12,11,18,15,14,19,20,20,15,34,23,32,44,48,46,50,45,48,55,58,56,50,60,57,66,60,58,75,77,70,62,68,85,84,75,93,56,58,40,48,47,42,46,34,27,35,24,18,27,30,20,12,9,5,12,6,1,4,4,3,2,3,0,0,1,1,0,0,0,2,0,0,0,0,0,0,1,0,0
375,20230632784-00,숭실고등학교 본관동 방송선로교체공사 전자입찰 공고(긴급) (긴급공고),서울특별시교육청,서울,151243000,149973000.0,+2% ~ -2%,1758497,87.745,1053,기/A값/순,-0.83971,1,2,51,137,319,304,181,48,5,2,0,1,0,2,15,36,61,76,162,157,136,168,102,79,34,14,4,1,2,0,0,0,0,0,1,0,0,0,0,2,5,5,9,12,20,11,32,31,30,33,56,64,76,71,52,46,65,64,69,60,48,40,33,33,27,11,14,14,6,3,3,1,1,0,0,1,0,1,0,0,0,0,0,0,0,0,0,0,1,0,0,0,0,0,0,0,0,0,0,2,3,2,3,2,5,4,4,8,13,7,5,6,18,14,18,13,16,14,14,19,29,27,26,38,42,34,41,30,30,22,19,27,20,45,25,39,38,31,28,32,26,22,19,21,14,19,17,16,13,14,7,4,6,8,9,5,2,4,3,0,1,2,1,0,0,1,0,0,0,0,0,1,0,0,1,0,0,0,0,0
376,2023-13469,23-142 00부대 케이블 교체공사,수도방위사령부,서울,207592000,209505131.0,+2% ~ -2%,12370271,87.745,867,기/A값/순/연기,0.92158,0,4,39,126,210,235,170,58,13,4,0,0,1,3,12,27,45,81,89,121,105,130,118,52,35,23,12,1,3,1,0,0,0,0,0,1,0,1,0,2,5,5,2,7,20,8,20,26,33,39,27,41,44,52,46,35,56,38,49,57,42,57,34,18,19,12,19,12,10,5,9,2,1,0,1,1,1,1,1,0,0,0,0,0,0,0,0,0,0,0,1,0,0,0,0,1,0,0,0,2,3,2,1,4,2,0,3,4,11,9,7,1,10,10,17,9,13,20,19,20,11,16,19,22,21,23,31,21,25,21,15,20,16,40,14,24,29,20,32,25,16,26,24,33,19,15,9,9,11,8,6,6,10,9,4,8,6,4,2,3,4,5,2,0,1,0,0,0,1,0,1,0,1,0,1,0,1,0,0,0
377,2023-13465,23-132 지휘소 케이블 교체공사,수도방위사령부,서울,121584000,120743126.0,+2% ~ -2%,6469075,87.745,867,기/A값/순/연기,-0.69160,1,5,36,144,196,248,161,56,13,3,1,0,0,5,12,24,57,87,95,101,110,138,103,58,37,19,9,4,3,0,1,0,0,0,0,0,0,0,2,3,4,7,2,9,14,12,27,28,40,37,37,33,45,43,38,40,51,43,51,63,40,34,48,20,19,13,16,13,8,6,6,2,1,1,3,3,0,0,0,0,1,0,0,0,0,0,0,0,0,0,0,0,0,0,0,0,2,0,1,2,3,1,3,4,1,1,5,4,7,7,8,4,10,17,18,10,18,22,19,18,16,21,14,19,25,20,25,18,21,17,16,24,20,31,19,24,29,22,39,24,15,25,12,22,29,19,14,6,15,4,4,9,6,10,8,5,5,3,4,2,4,2,1,1,1,0,1,0,2,1,2,1,0,0,0,0,0,0,0,0
379,20230611763-00,당인리 문화공간 조성 정보통신공사,서울지방조달청/문화체육관광부,전국/서울,1960856000,1960978600.0,+2% ~ -2%,123541697,86.745,1085,기/A값/순/의무,0.00625,2,5,54,182,283,291,184,70,8,1,0,2,1,4,16,38,74,108,133,150,147,144,114,70,51,19,6,2,1,0,0,0,0,0,2,1,0,0,1,3,3,11,7,12,21,28,30,30,40,54,37,61,63,61,61,53,51,77,58,52,49,38,49,28,20,26,17,12,10,5,4,0,3,1,0,1,0,0,0,0,0,0,0,0,0,0,0,0,1,1,1,0,0,0,0,0,0,1,0,3,1,2,7,4,2,5,6,6,10,11,15,13,14,16,16,14,19,21,25,29,17,20,29,32,35,28,35,26,23,38,22,31,25,26,43,34,34,24,32,20,27,22,16,22,27,22,14,14,13,7,12,14,7,10,8,4,3,7,4,1,2,2,0,0,2,1,0,1,0,0,1,0,0,0,0,0,0,0,0,0
384,20230614164-00,2023년 서울청 ITS 연간 유지보수공사,서울지방조달청/국토교통부,서울/인천/경기,621403000,623977200.0,+2% ~ -2%,34624071,86.745,2725,기/A값/순/협정,0.41425,1,13,119,463,681,743,499,145,38,11,0,1,3,10,32,87,168,295,348,333,313,430,300,199,111,34,33,5,5,6,0,0,0,0,1,1,1,1,4,6,2,21,20,33,43,43,73,95,110,142,133,138,155,131,124,102,144,145,197,155,142,114,96,80,67,56,40,19,17,13,19,11,6,2,0,3,0,4,3,1,0,0,0,0,0,0,0,0,1,0,0,1,0,1,1,0,0,4,2,4,2,0,11,10,9,11,15,18,21,22,15,28,32,41,52,43,44,66,75,67,64,69,47,91,77,78,84,47,76,48,47,55,63,81,67,78,100,97,81,74,70,72,54,60,44,52,48,32,35,32,27,29,20,20,15,4,12,5,6,7,8,11,5,6,3,3,1,1,0,0,3,0,0,0,2,2,2,1,0,1
386,20230626501-00,일산선 화정역 등 10역 비상게이트 개량 기타공사,한국철도공사,서울/인천/경기,138668000,137803125.0,+2% ~ -2%,0,87.745,3257,기/수의,-0.62371,1,11,103,444,986,945,563,165,30,4,0,1,2,9,29,74,165,279,467,519,473,472,360,203,116,49,20,10,2,2,0,0,1,0,0,0,1,2,2,6,7,14,21,25,36,56,68,84,104,132,182,191,213,228,172,174,208,196,204,163,152,146,114,86,65,58,42,25,20,20,9,8,9,3,1,1,1,0,2,0,0,0,0,0,0,1,0,0,0,0,0,0,1,0,1,1,0,2,1,5,4,3,5,9,8,13,13,12,15,21,24,32,31,37,41,43,48,56,54,78,80,102,76,115,94,119,130,98,91,81,75,99,92,116,91,105,117,87,90,73,85,67,67,79,62,52,50,36,29,36,38,20,26,16,16,9,11,9,13,7,6,3,8,0,3,6,0,3,0,1,1,0,0,1,0,0,1,1,0,0
390,20230620380-00,공사청사 회의실 등 노후시설 개선 정보통신공사,한국공항공사,서울,245928100,243783025.0,+2% ~ -2%,9596513,87.745,1043,기/A값/순,-0.87224,1,2,27,153,325,323,166,37,5,1,0,1,1,1,4,23,59,94,167,158,166,157,100,66,25,12,4,1,1,0,0,0,0,0,1,0,0,1,0,1,1,2,2,9,13,24,25,21,34,49,79,61,55,65,65,44,83,76,59,61,48,33,30,28,27,8,11,10,4,4,0,4,0,1,0,0,1,0,0,0,0,0,0,0,0,0,0,0,1,0,0,0,0,0,1,0,0,0,0,1,0,1,1,1,1,1,3,6,5,8,10,14,13,12,10,11,15,19,21,28,37,42,28,33,27,28,36,29,37,28,16,28,35,48,39,37,34,25,28,33,27,21,15,18,19,11,16,12,12,15,5,3,3,8,6,4,2,2,4,0,0,0,3,1,0,0,1,0,0,0,0,0,1,0,0,0,0,0,0,0
393,2023-12690,00부대 취사식당 신축(23-신-5-통신),특수전사령부,서울,156871000,157815563.0,+2% ~ -2%,0,87.745,982,기/수의,0.60212,0,4,62,115,265,315,153,51,12,1,0,0,0,4,9,53,53,62,121,144,140,175,88,65,36,15,8,4,0,1,0,0,0,0,0,0,0,0,0,4,2,2,8,19,31,17,27,19,28,24,40,45,66,71,43,48,63,69,80,55,36,39,30,27,21,15,17,7,4,8,5,2,2,0,3,0,0,0,1,0,0,0,0,0,0,0,0,0,0,0,0,0,0,0,0,0,0,0,1,3,0,2,1,1,5,3,8,11,13,18,6,11,11,16,9,10,14,14,14,10,17,23,22,23,36,30,45,26,26,17,23,25,26,37,29,40,53,27,32,23,22,14,18,21,13,17,15,12,10,11,8,7,6,11,4,3,3,1,4,4,3,2,1,1,1,1,0,0,3,0,0,0,0,0,0,0,0,1,0,0
394,25214,00부대 DID WALL 이전 설치 용역,국방부근무지원단,서울/경기,78714990,79411343.0,+2% ~ -2%,0,88,238,기/수의,0.88465,0,0,3,12,47,86,62,12,2,2,0,0,0,0,0,3,3,9,27,20,37,49,52,10,9,3,2,0,0,2,0,0,0,0,0,0,0,0,0,0,0,0,0,1,2,1,2,1,3,5,8,12,11,6,10,16,14,16,19,21,26,22,5,6,3,6,3,1,1,1,1,1,0,0,0,0,0,0,1,1,0,0,0,0,0,0,0,0,0,0,0,0,0,0,0,0,0,0,0,0,0,0,0,0,0,0,1,0,1,1,0,1,1,1,0,1,1,2,0,5,5,3,7,5,7,4,5,1,6,4,5,11,8,6,7,9,11,8,10,11,13,13,10,12,4,1,2,4,2,1,2,4,2,1,0,1,1,0,0,1,0,1,1,0,0,0,0,0,0,0,0,0,0,0,0,0,1,0,0,1
396,20230619578-00,신진과학기술고등학교 석면해체제거 통신공사,서울특별시교육청,서울,27778000,27833925.0,+2% ~ -2%,0,87.745,869,기/수의,0.20132,0,4,49,107,238,246,160,41,15,1,0,0,1,3,15,34,46,61,122,116,112,134,112,48,33,8,12,3,1,0,0,0,0,0,0,1,0,0,1,2,4,9,7,17,12,17,19,23,21,27,48,51,54,48,37,44,48,46,51,57,55,39,27,19,20,9,18,7,1,6,5,6,2,2,0,0,0,1,0,0,0,0,0,0,0,0,0,0,0,0,1,0,0,0,0,0,0,1,1,1,2,2,3,6,2,5,8,9,4,8,9,8,10,9,10,13,11,10,8,19,24,24,21,30,23,31,28,20,21,16,26,18,24,24,20,26,28,23,33,24,26,29,27,12,18,9,9,10,14,6,5,4,8,10,6,1,1,0,5,1,2,3,5,1,1,1,2,0,0,0,0,0,0,0,1,0,0,0,0,0
398,2023-10390,23-D-주차장 신축 통신공사(2013),국군재정관리단,서울,290171560,290545530.0,+2% ~ -2%,19999700,87.745,844,기/A값/순,0.12887,1,3,30,109,191,281,145,62,17,1,1,0,0,3,8,22,46,63,97,94,135,146,95,50,39,23,14,3,1,0,1,0,0,0,0,0,0,1,1,1,2,4,4,12,8,8,30,23,23,25,30,41,44,45,31,56,55,48,57,65,47,36,25,24,13,15,17,16,7,7,9,4,1,1,2,0,1,0,0,0,0,1,0,0,0,0,0,0,0,0,0,0,0,0,0,1,1,0,0,1,0,2,4,0,2,2,6,6,2,6,4,4,12,18,8,15,16,7,18,7,19,11,20,21,26,18,27,18,16,15,30,26,28,27,24,24,32,25,31,34,26,21,17,19,12,13,14,10,9,4,10,5,10,7,7,9,5,2,2,5,5,4,2,2,1,0,1,0,2,0,0,0,1,0,0,0,0,0,0,0
403,20230608026-02,서울대학교 법학전문대학원 첨단 평가시설 및 시스템 구축 통신공사 (긴급공고) (정정공고),서울대학교,서울,240977000,239111300.0,+2% ~ -2%,11854880,87.745,1003,기/정/A값/순,-0.77423,1,11,54,135,298,279,178,36,5,3,0,1,3,8,9,45,60,75,133,165,119,160,100,78,27,9,4,1,2,1,0,0,1,0,0,1,0,3,4,3,2,4,14,18,16,18,22,33,29,33,56,55,64,67,56,45,53,47,60,74,45,42,37,27,27,12,10,8,1,5,1,3,1,0,0,0,1,1,0,1,0,0,0,0,0,1,0,0,0,0,0,1,0,0,2,1,0,4,1,2,2,0,3,1,3,11,9,9,7,9,8,10,11,11,20,13,18,11,16,17,25,31,23,32,22,42,40,27,25,31,20,25,21,32,21,26,34,26,33,41,25,20,21,21,13,24,12,15,14,13,4,8,6,4,5,3,0,1,2,3,1,0,2,1,0,1,0,0,0,0,0,0,1,0,1,0,0,0,0,1
407,E012304727,지하전력구 PS-LTE 비상통신망 1차 구축공사,한국전력공사,서울,151355600,150962444.0,+2% ~ -2%,8395936,87.745,781,기/A값/순,-0.25976,0,5,36,125,263,207,112,23,3,1,0,0,1,4,12,24,59,66,144,119,93,114,73,39,15,8,3,0,1,0,0,0,0,0,0,0,0,1,2,2,6,5,3,14,8,18,31,15,25,36,63,56,48,53,43,34,37,46,36,54,31,35,14,16,16,9,4,4,4,2,2,1,0,0,0,1,0,0,0,0,0,0,0,0,0,0,0,0,0,0,0,0,0,0,1,0,1,1,1,1,3,3,1,4,1,2,7,7,2,6,4,14,15,16,10,5,7,18,14,22,31,32,33,23,25,23,27,26,22,21,14,20,15,22,22,24,18,18,31,23,14,17,16,19,7,7,10,6,9,7,3,6,0,4,2,2,1,3,1,1,1,1,1,0,0,0,0,0,0,0,0,1,0,0,0,0,0,0,0,0
409,20230601386-00,경부선 영등포역 등 75역 자동개집표기 주전자제어장치 개량 기타공사,한국철도공사,서울/인천/경기,124773000,124036275.0,+2% ~ -2%,0,87.745,3128,기/수의,-0.59046,0,11,98,476,858,890,592,164,25,3,0,0,2,9,29,69,188,288,435,423,484,406,358,234,123,41,18,7,2,1,0,0,0,0,0,0,1,1,4,5,11,13,13,24,37,56,89,97,108,126,164,166,200,179,149,175,199,199,161,156,186,120,100,97,89,60,45,27,17,15,11,7,3,2,2,1,1,0,1,0,0,0,0,0,0,0,0,0,0,0,0,0,0,1,1,0,1,3,2,3,4,7,5,8,5,8,12,12,16,21,27,29,35,54,43,54,59,49,61,65,76,88,83,83,105,95,105,74,85,64,83,92,82,117,110,89,91,70,75,81,94,92,62,58,52,48,47,50,44,45,32,28,22,23,18,9,10,7,6,9,6,5,4,3,0,3,1,1,0,2,1,0,0,1,0,0,0,1,0,0
414,2023-09226,태성대아파트 리모델링 공사(통신),공군항공안전단,서울,28913725,29116024.0,+2% ~ -2%,0,87.745,702,기/수의,0.69966,0,4,24,105,174,180,147,49,12,2,0,0,1,3,6,18,35,70,89,85,75,105,94,53,35,14,7,5,1,1,0,0,0,0,0,0,0,1,2,1,2,1,4,6,11,8,19,16,29,33,33,36,40,32,33,22,36,40,49,33,42,33,35,27,10,15,13,10,11,0,5,2,2,2,1,1,0,0,1,0,0,0,0,0,0,0,0,0,0,0,0,0,0,0,1,0,1,1,0,1,0,2,0,1,3,1,6,0,3,8,3,5,9,10,8,8,14,15,20,13,18,15,15,21,20,20,21,11,17,16,10,12,19,17,17,23,26,23,21,12,25,17,18,15,19,16,18,9,5,5,9,6,7,6,7,3,5,6,0,0,3,2,1,1,0,2,2,0,1,0,0,1,0,0,0,0,0,1,0,0
420,20230538368-00,2023년 제2차 교내 통신시설물 성능개선공사,서울과학기술대학교,서울,70000000,69557250.0,+2% ~ -2%,0,87.745,1127,수의,-0.63250,0,6,43,158,293,337,211,60,12,4,0,0,1,5,9,34,49,109,148,145,164,173,148,63,44,16,8,4,0,4,0,0,0,0,0,0,1,0,2,3,0,7,9,13,14,18,17,31,47,45,57,62,56,61,57,64,68,75,71,59,67,53,46,29,16,25,13,10,6,6,6,2,2,2,0,0,0,2,2,0,0,0,0,0,0,0,0,0,0,0,0,0,1,0,0,0,1,1,0,3,0,0,4,3,2,7,6,7,6,8,10,8,8,9,14,17,24,23,20,25,31,26,27,35,29,27,27,34,32,25,34,30,27,41,32,43,31,40,29,30,34,33,29,24,28,18,17,12,9,7,15,10,5,8,6,4,4,2,4,2,3,3,0,2,0,2,1,1,0,0,0,0,0,0,0,2,1,1,0,0
423,20230530276-00,경원선 회룡 등 2역 승강장 비상통화장치 개량공사,한국철도공사,서울/경기,186918000,186957800.0,+2% ~ -2%,4398569,87.745,2589,기/A값/순,0.02129,2,8,119,429,643,754,456,149,14,6,1,1,1,7,39,80,167,262,295,348,377,377,267,189,107,42,9,5,3,3,0,1,0,0,1,0,0,2,1,5,13,16,23,31,36,61,63,100,111,94,101,126,119,152,145,100,173,177,153,151,138,79,86,81,72,57,38,25,18,11,5,3,2,1,3,1,2,1,1,1,0,0,0,1,0,0,0,0,0,1,0,0,0,0,1,1,0,1,2,3,5,8,8,8,10,13,15,16,19,17,26,35,19,44,43,57,58,53,54,40,44,57,56,70,68,51,75,77,82,63,42,58,66,107,104,73,84,69,80,71,69,69,36,43,50,36,50,31,35,37,28,29,22,16,12,13,9,9,5,6,2,3,3,0,1,1,0,1,1,2,0,1,1,1,0,1,0,1,1,0
425,20230532169-00,은평경찰서 대조파출소 신축 통신공사,경찰청,서울,49480200,49323400.0,+2% ~ -2%,0,87.745,1015,기/수의,-0.31690,1,5,43,149,252,305,179,64,4,2,1,0,1,4,8,35,46,103,128,124,153,152,116,63,42,22,2,2,0,2,0,0,1,0,0,0,1,0,1,3,2,3,10,17,11,8,18,38,28,57,50,53,50,49,50,50,71,58,66,60,46,38,57,25,13,15,18,15,9,7,1,0,1,1,1,0,0,0,0,2,0,0,0,0,1,0,0,0,0,0,0,0,0,1,0,0,0,1,0,3,1,1,1,2,3,7,6,11,5,6,5,3,10,8,20,18,16,12,26,31,28,22,25,28,25,25,25,24,31,19,20,30,26,45,32,26,42,24,31,29,30,16,13,25,32,25,13,12,5,8,8,7,4,14,9,6,6,3,6,1,1,0,0,0,1,0,0,1,0,1,0,0,0,0,0,0,0,0,2,0
426,E012304288,동서울-거여 전력구 운영시스템 설치공사(송전운영부),한국전력공사,서울/경기,559494786,560805609.0,+2% ~ -2%,32023588,86.745,1623,기/A값/순/협정,0.23428,0,5,54,278,485,485,236,59,8,3,0,0,0,5,17,37,97,181,237,248,242,243,167,69,45,14,6,2,1,2,0,0,0,0,0,0,0,0,2,3,6,7,7,14,20,26,40,59,64,89,86,107,92,103,97,82,107,117,92,87,86,57,44,26,23,19,23,7,6,4,3,2,2,0,1,1,0,0,2,0,0,0,0,0,0,0,0,0,0,0,0,0,0,0,0,0,0,2,1,2,3,3,4,3,4,3,5,9,9,11,11,15,19,21,31,28,38,26,41,48,37,49,56,51,44,48,63,40,52,45,35,47,48,59,53,64,55,37,51,36,42,44,29,28,24,20,14,12,12,11,12,7,13,10,3,4,3,3,2,2,2,1,0,2,1,1,0,0,1,0,1,0,0,0,0,0,0,2,0,0
428,E012304242,계통보호용 유니트(PIU) 및 PDAS 케이블 시설공사(강남전력지사),한국전력공사,서울,52683400,52108546.0,+2% ~ -2%,0,87.745,720,기/수의,-1.09115,0,3,41,76,211,244,104,33,2,1,0,0,1,2,4,37,31,45,77,134,120,124,64,40,22,11,2,0,0,1,0,0,0,0,0,0,1,0,0,2,0,1,9,11,20,8,19,15,16,18,27,34,40,56,54,35,52,55,41,61,30,25,19,14,16,11,8,5,6,3,1,1,0,0,0,0,0,0,1,0,0,0,0,0,0,0,0,0,0,0,0,0,0,1,0,0,0,0,2,0,0,0,0,1,3,6,3,8,10,10,6,2,7,12,4,11,9,7,10,8,14,13,18,16,16,24,33,23,30,24,16,19,24,28,33,22,16,25,38,23,19,11,4,21,9,10,7,7,8,8,5,6,6,2,3,2,4,2,3,0,1,0,0,1,0,0,0,0,0,0,0,0,0,0,0,0,1,0,0,0
438,E012304057,서울본부 직할 송변전광단말장치 PTPU 설치공사,한국전력공사,서울,34471800,34356102.0,+2% ~ -2%,0,87.745,670,기/정/수의,-0.33564,0,2,33,78,164,221,121,38,4,1,0,0,0,2,4,29,21,57,75,89,110,111,85,36,27,11,3,1,1,0,0,0,0,0,0,0,0,0,0,2,1,1,8,10,13,7,8,16,22,25,32,31,33,42,26,51,42,28,53,47,43,29,23,10,16,10,11,9,6,2,1,2,0,0,1,0,1,0,0,0,0,0,0,0,0,0,0,0,0,0,0,0,0,0,0,0,0,0,1,1,0,1,0,1,2,6,5,5,7,6,3,4,4,4,6,10,11,11,9,16,16,16,11,20,12,21,24,18,12,14,25,26,19,23,17,11,26,27,27,20,24,19,16,13,13,10,6,4,10,6,7,3,8,3,6,3,5,1,0,2,1,0,1,1,0,0,0,0,1,0,0,0,0,1,0,0,0,0,0,0
439,20230517014-00,분당선 선릉역 등 9역 자동개집표기 통신방식 개량공사,한국철도공사,서울/경기,77294000,77233175.0,+2% ~ -2%,0,87.745,2775,기/수의,-0.07870,2,7,100,428,737,830,495,138,18,7,2,0,1,6,23,77,136,292,341,396,420,410,311,184,101,37,12,6,3,4,0,2,0,0,0,0,1,0,1,5,8,9,19,33,31,48,55,72,107,146,132,152,125,178,150,133,199,173,164,161,144,130,73,79,69,43,42,24,18,11,8,4,2,4,0,2,1,1,2,1,0,0,1,1,0,0,0,0,0,0,0,0,1,0,0,0,1,0,2,3,4,4,3,6,6,13,15,18,16,15,20,28,21,34,33,39,52,55,67,79,59,73,64,88,57,68,100,78,90,60,64,69,89,110,88,85,83,81,89,72,70,74,71,59,37,36,46,33,35,34,17,26,17,25,16,8,7,11,7,4,4,4,3,1,0,2,4,0,0,0,2,0,1,0,0,1,2,0,1,0
440,20230516943-00,경원선 응봉역 등 2역 열차행선안내장치 개량공사,한국철도공사,서울/경기,78627000,78560225.0,+2% ~ -2%,0,87.745,2790,기/수의,-0.08493,3,9,91,416,755,840,500,151,15,2,1,2,4,5,23,68,151,265,374,381,396,444,323,177,112,39,10,5,2,0,0,1,0,1,1,2,1,1,1,4,9,7,17,23,35,58,65,60,96,137,116,183,141,157,158,145,174,161,161,199,162,115,82,73,68,51,43,27,18,12,4,5,4,1,1,1,1,0,0,0,0,0,0,1,0,0,1,0,1,0,1,1,1,0,1,0,1,0,2,2,5,4,3,4,7,10,10,13,13,22,27,31,26,39,28,32,47,49,60,77,55,61,77,106,75,66,86,71,88,70,59,86,78,96,77,84,85,76,104,95,85,77,54,61,46,36,44,29,35,33,27,24,21,22,18,9,7,11,8,4,2,2,4,1,1,3,0,1,1,0,1,0,1,0,0,0,0,0,0,0
441,20230516789-00,올림픽공원 광자가통신망 구축(2차),서울올림픽기념국민체육진흥공단,서울,160459200,161223850.0,+2% ~ -2%,0,87.745,624,기/수의,0.47653,0,3,18,107,141,169,117,59,5,0,0,0,0,3,0,18,44,63,64,77,91,78,71,46,32,27,4,1,0,0,0,0,0,0,0,0,0,1,0,2,0,0,2,8,8,22,13,23,27,22,27,21,32,29,32,40,37,23,39,30,31,35,17,19,15,10,16,16,13,4,2,1,1,1,0,0,0,0,0,0,0,0,0,0,0,0,0,0,0,0,0,0,0,0,0,1,0,0,2,0,0,0,0,0,0,2,3,5,3,5,11,11,8,5,9,14,13,14,10,12,18,9,12,9,16,16,12,17,10,22,15,25,16,21,14,9,23,16,15,15,11,20,15,20,5,12,10,9,10,5,6,4,7,9,6,10,7,6,3,1,2,0,0,1,1,0,0,1,0,0,0,0,0,0,0,0,0,0,0,0
442,E012303840,여의사옥 전관방송 음향설비 성능개선 공사(ICT운영부),한국전력공사,서울,77733700,77459956.0,+2% ~ -2%,862911,87.745,784,기/A값/순,-0.35216,1,4,20,82,246,227,146,42,6,0,1,0,2,2,3,17,26,56,120,126,109,118,101,45,38,4,5,1,0,0,0,0,1,0,0,1,0,1,0,2,1,0,4,4,11,10,12,14,25,21,29,59,54,52,52,35,44,50,48,50,35,43,32,23,13,19,14,6,3,0,2,3,0,1,0,0,0,0,0,0,0,0,0,0,1,0,0,0,0,0,1,0,0,0,1,0,0,0,1,1,0,1,0,0,2,2,0,4,5,6,3,7,7,5,4,10,16,9,9,12,14,15,25,34,32,22,28,24,33,19,21,14,19,25,30,20,24,24,25,25,20,15,16,27,23,9,9,14,7,6,12,7,9,5,5,1,2,1,0,0,1,1,3,0,0,0,1,0,0,0,0,0,0,0,0,0,0,0,0,0
445,20230506247-00,국회 둔치주차장 보안장비(CCTV) 교체 공사 (긴급공고),국회,서울,121237000,122016900.0,+2% ~ -2%,7070882,87.745,1014,기/A값/순,0.64328,1,5,54,173,266,284,162,50,8,2,0,1,1,4,13,41,51,122,144,122,128,156,93,69,40,10,7,1,1,1,0,0,0,0,1,0,0,1,3,1,5,5,9,13,22,20,19,32,43,59,48,61,58,53,46,37,56,68,64,59,33,43,35,25,26,15,17,14,2,2,2,4,1,1,0,1,0,0,0,1,0,0,0,0,0,0,0,0,1,0,0,0,0,0,1,0,1,2,0,1,4,1,2,3,3,6,6,7,10,12,10,10,8,11,12,20,21,22,32,27,20,28,19,42,35,23,29,24,26,20,21,16,29,27,35,33,34,30,26,33,17,16,23,20,17,18,11,14,16,10,11,4,7,10,8,6,2,0,1,1,1,1,1,3,1,0,0,1,0,0,1,0,0,0,0,0,0,0,0,1
447,20230501537-00,의원회관 주차안내설비 교체 공사 (긴급공고),국회,서울,227400000,228990150.0,+2% ~ -2%,8007804,87.745,1002,기/A값/순,0.69927,0,9,32,140,273,329,168,40,6,2,0,0,3,6,4,28,52,88,137,136,161,168,125,43,33,7,6,0,2,0,0,0,0,0,0,2,0,2,1,4,1,3,6,5,17,20,20,26,30,44,39,63,66,67,38,56,65,67,78,63,71,36,28,20,13,12,16,7,3,2,3,2,1,0,0,0,2,0,0,0,0,0,0,0,0,0,0,0,0,0,1,1,0,0,1,1,0,1,0,4,1,0,1,2,0,6,4,1,7,10,10,10,11,9,12,14,15,15,23,21,19,20,26,37,35,31,38,29,18,20,27,29,32,33,40,27,42,36,33,30,32,39,18,18,18,10,9,11,7,6,6,6,11,5,5,2,3,0,1,1,2,1,1,1,1,0,0,0,0,0,0,0,1,1,0,0,0,0,0,0
449,2023-07183,00부대 낙뢰 및 접지시설 공사,육군제6501부대,서울/경기,65452570,65196444.0,+2% ~ -2%,0,87.745,2505,기/수의,-0.39132,0,7,86,308,649,685,592,156,19,1,0,0,1,6,35,51,116,192,346,303,297,388,383,209,108,48,16,3,1,0,0,0,0,0,0,0,0,1,0,6,8,16,20,18,24,42,46,60,77,83,133,144,123,134,115,114,121,133,149,168,178,139,124,88,63,53,35,30,20,18,8,5,5,1,0,1,0,0,0,0,0,0,0,0,0,0,0,0,0,0,0,0,0,0,1,0,0,0,3,3,4,4,9,7,11,9,10,8,17,7,21,21,19,27,28,32,41,36,38,45,59,74,65,79,69,54,85,49,65,50,52,62,57,64,62,71,91,58,96,72,91,87,72,67,66,58,55,33,34,29,25,28,19,16,20,10,11,9,9,9,5,3,3,2,3,2,0,1,0,0,1,0,0,0,0,0,0,0,0,0
453,2301210-00,"서울대방 아파트 정보통신공사 1공구 (공분,후분,행복283호)",한국토지주택공사,전국/서울,3102135000,3084569000.0,+2% ~ -2%,177708618,86.745,1086,기/A값/순/의무,-0.56626,28,10,38,179,314,280,159,28,6,4,16,12,6,4,17,21,63,116,158,156,126,154,104,55,17,11,4,2,4,0,8,7,4,6,3,2,3,3,1,1,2,10,10,8,8,21,30,31,43,54,66,64,60,58,66,53,54,53,64,56,53,33,33,27,13,6,9,6,5,2,1,3,0,1,1,1,3,0,0,0,5,3,4,3,1,3,3,3,2,1,0,2,1,2,1,2,1,0,0,1,1,1,3,7,5,5,5,3,1,7,8,13,11,19,12,19,22,21,27,27,26,40,37,27,28,32,28,30,37,29,15,38,24,30,19,34,40,24,27,29,32,21,11,22,18,15,15,12,7,6,4,2,7,2,2,4,2,3,1,1,1,0,3,0,0,0,0,1,0,1,0,1,1,2,0,0,0,0,0,0
458,E012303209,154kV한남S/S~순화S/S 광전송선로 시설공사,한국전력공사,서울,134470600,134086368.0,+2% ~ -2%,3094794,87.745,760,기/A값/순,-0.28574,0,1,40,118,251,186,108,42,5,3,0,0,0,1,10,30,45,73,145,106,87,99,71,37,27,15,5,0,2,1,0,0,0,0,0,0,0,0,0,1,3,4,8,7,18,13,19,21,26,39,66,52,44,48,41,28,38,47,48,25,39,28,14,11,16,17,7,8,8,2,3,2,0,0,0,2,0,0,0,1,0,0,0,0,0,0,0,0,0,0,0,0,0,0,0,0,0,0,0,1,1,2,2,2,3,5,2,5,8,10,7,6,6,13,13,8,11,15,15,24,28,38,23,29,27,17,26,22,24,17,9,19,21,17,21,26,31,17,12,13,19,20,14,14,4,10,6,5,9,7,8,9,4,3,3,5,4,4,0,2,3,0,1,1,0,0,0,0,0,0,1,1,0,0,0,0,0,0,1,0
459,20230426789-00,소래송신소 CCTV 보강공사,한국방송공사,서울/인천/경기,152000000,151060300.0,+2% ~ -2%,0,85,3193,기,-0.61823,2,8,114,480,899,934,446,162,27,3,1,1,3,5,32,82,144,336,472,427,465,469,290,156,108,54,22,5,1,2,0,0,1,0,1,0,0,3,2,3,7,19,18,27,43,64,40,98,130,148,211,176,167,165,180,145,222,212,188,167,127,121,83,60,55,55,36,30,26,15,13,5,5,2,2,0,1,0,1,1,0,0,0,0,1,0,0,0,1,0,0,0,0,0,3,0,0,2,2,1,4,3,9,10,6,12,11,16,19,24,25,39,21,19,40,58,60,70,62,86,111,100,89,87,85,82,94,71,94,86,66,79,107,115,98,114,113,75,94,73,67,60,64,57,42,41,35,25,27,28,28,27,21,15,17,13,12,14,13,2,10,3,2,3,4,1,2,0,0,2,0,0,0,1,0,0,1,0,1,0
463,20230429586-00,김포공항 외곽도로 침수구역 정보통신공사,한국공항공사,서울,57494800,57390925.0,+2% ~ -2%,1459845,87.745,988,기/A값/순,-0.18067,1,3,37,141,231,351,157,49,8,4,1,0,1,2,2,35,83,58,105,126,173,178,92,65,36,13,6,2,3,1,0,1,0,0,0,1,0,0,1,1,1,1,8,11,16,26,35,30,22,28,35,45,50,48,53,75,65,62,81,68,45,32,29,26,25,17,13,12,4,3,4,1,1,1,1,2,1,0,1,0,0,0,0,1,0,0,0,0,0,0,0,1,0,0,0,0,1,0,0,1,0,1,0,1,0,8,6,5,6,10,9,17,16,19,22,8,8,14,11,17,17,18,19,26,25,25,21,27,22,31,36,39,24,41,33,29,39,42,37,31,21,24,13,19,15,14,10,16,16,9,7,10,3,10,6,6,3,1,1,2,2,2,1,0,1,0,1,0,1,0,1,1,1,0,0,0,0,1,0,0
465,20230431306-00,분당선 선릉역 등 41역 시각장애인용 음성유도기 개량공사,한국철도공사,서울/인천/경기,161034000,160781225.0,+2% ~ -2%,0,87.745,3206,기/수의,-0.15697,2,10,110,604,822,873,580,166,28,5,1,1,1,9,34,76,212,392,401,421,452,421,393,187,115,51,22,6,3,2,1,0,0,0,1,0,0,2,2,6,14,10,18,33,35,76,91,113,148,176,139,172,182,175,154,148,194,206,157,168,171,149,125,72,63,54,46,24,21,21,12,8,4,3,1,2,1,1,0,1,1,0,0,0,0,0,0,0,0,1,0,0,0,0,1,1,0,2,3,3,5,9,4,6,10,8,10,23,13,22,37,39,45,46,45,68,70,78,87,89,65,74,78,94,90,92,92,83,77,77,68,80,75,119,110,96,90,67,91,77,90,81,71,78,73,52,33,39,35,28,25,29,27,19,15,9,12,9,12,9,8,4,2,6,2,2,2,1,0,1,2,0,1,0,0,1,0,0,1,0
468,20230413388-00,국가산림위성정보활용센터 신축공사(통신공사),서울지방조달청/산림청,서울,208135000,207478375.0,+2% ~ -2%,13970842,87.745,1035,기/A값/순/협정,-0.31549,0,3,54,153,269,324,156,60,10,2,0,0,0,3,17,37,54,99,114,155,151,173,102,54,44,16,9,1,2,0,0,0,0,0,0,0,0,0,1,2,7,9,5,17,16,23,12,38,43,37,46,44,52,61,66,51,71,62,60,80,44,41,32,21,18,16,22,9,8,5,6,2,1,0,1,1,1,0,0,0,0,0,0,0,0,0,0,0,0,0,0,0,0,0,0,0,1,0,1,1,2,5,2,7,1,4,8,9,6,10,10,13,8,4,19,19,19,24,18,19,19,27,21,23,24,28,30,31,42,24,28,23,32,39,29,33,35,25,38,42,25,19,18,23,17,15,13,8,8,10,9,7,11,11,6,3,5,3,5,0,5,1,1,1,1,0,0,0,1,0,1,0,1,0,0,0,0,0,0,0
469,14934,과학화경계시스템(CCTV) 외주정비 용역(23-021),수도방위사령부,서울/경기,132625000,133368356.0,+2% ~ -2%,0,87.745,175,기/정,0.56049,0,0,1,18,50,61,28,9,5,2,0,0,0,0,1,0,6,12,19,31,21,40,21,7,5,4,5,0,1,1,0,0,0,0,0,0,0,0,0,0,1,0,0,0,0,2,2,3,3,8,7,7,14,16,6,10,8,5,10,28,15,5,3,0,5,1,3,2,1,2,1,2,2,0,0,0,1,1,0,0,0,0,0,0,0,0,0,0,0,0,0,0,0,0,0,0,0,0,0,0,1,0,0,0,0,0,0,0,0,0,1,1,1,1,2,1,1,2,2,6,2,5,6,1,5,9,9,7,3,3,6,4,3,5,3,2,6,4,12,16,6,9,2,3,1,2,0,0,0,5,1,0,0,3,1,1,0,1,0,2,1,0,1,1,2,0,0,0,0,0,0,0,1,0,0,1,0,0,0,0
473,20230333597-00,서울남부구치소 대체복무 생활관 증축공사(통신),서울지방조달청/법무부,서울,312963000,312107100.0,+2% ~ -2%,21047136,87.745,1012,기/A값/순/협정,-0.27349,0,4,44,145,278,289,195,49,2,3,0,0,0,4,16,28,60,85,108,170,162,127,116,79,35,14,1,1,3,0,0,0,0,0,0,0,0,0,1,3,7,6,4,11,16,20,27,29,30,39,45,39,56,77,61,61,71,54,42,61,52,45,41,28,29,17,12,11,5,4,1,0,0,0,1,2,1,0,0,0,0,0,0,0,0,0,0,0,0,0,0,0,0,0,0,0,0,1,1,2,4,3,2,4,3,1,5,6,9,7,7,13,17,10,13,16,17,13,19,20,20,25,17,22,24,32,43,34,30,31,27,34,37,34,30,24,20,22,35,26,26,26,21,24,19,22,14,14,20,9,8,9,4,8,6,5,3,2,1,3,1,0,0,0,0,0,0,0,0,1,0,2,1,0,0,0,0,0,0,0
476,12406,00부대 CCTV 구매 설치,국방부근무지원단,서울/경기,11399850,11352773.0,+2% ~ -2%,0,88,146,물품/기/수의,-0.41297,0,0,3,16,33,34,35,18,3,1,0,0,0,0,2,1,3,13,13,20,18,16,23,12,12,6,3,0,0,1,0,0,0,0,0,0,0,0,0,0,2,0,0,0,1,0,2,4,3,7,4,7,5,12,5,3,10,6,6,9,9,10,7,4,5,7,5,2,2,2,1,2,0,0,0,0,0,0,0,1,0,0,0,0,0,0,0,0,0,0,0,0,0,0,0,0,0,0,0,0,0,2,0,0,0,0,0,0,0,1,0,0,2,0,1,3,1,2,1,6,1,3,3,4,2,3,7,5,2,3,3,0,3,7,5,1,4,2,3,6,5,4,5,5,4,3,3,1,3,2,4,3,2,3,0,2,1,1,2,0,1,0,0,2,0,0,0,0,0,0,0,0,0,0,0,0,0,0,1,0
479,20230402824-00,아트코리아랩 리모델링 및 인테리어 공사(통신),서울지방조달청/(재)예술경영지원센터,서울,623089000,628823025.0,+2% ~ -2%,42840954,86.745,978,기/A값/순/협정,0.92025,0,4,47,122,283,294,159,50,9,2,0,0,2,2,18,29,53,69,139,144,157,137,103,56,29,21,8,1,1,1,0,0,0,0,0,0,1,1,1,1,6,5,12,7,17,18,22,23,32,27,45,60,63,71,44,50,77,53,69,45,38,35,45,27,14,15,12,11,4,8,4,3,1,1,0,1,0,0,1,0,0,0,0,0,0,0,0,0,0,0,0,0,1,0,1,0,1,0,0,1,3,3,2,3,7,5,4,3,7,10,7,11,10,12,13,10,19,13,18,9,20,25,29,31,34,29,37,34,23,21,22,28,33,44,30,23,33,36,19,26,17,21,13,22,30,15,17,10,8,6,10,5,3,9,2,9,2,2,5,3,0,4,3,0,1,0,0,1,0,0,1,0,0,0,0,0,0,1,0,0
480,E012302632,고덕강일1지구 등 4개소 자가광케이블 지장이설공사(ICT운영부),한국전력공사,서울,60748600,60585506.0,+2% ~ -2%,0,87.745,798,기/수의,-0.26848,1,2,33,117,208,257,125,44,3,0,1,0,0,2,7,26,40,77,102,106,127,130,74,51,37,7,2,1,0,0,1,0,0,0,0,0,0,1,0,1,1,4,7,11,10,15,18,20,23,41,52,33,36,35,52,56,49,49,53,50,38,25,24,17,21,17,17,5,4,1,1,1,1,0,0,0,0,0,0,0,0,1,0,0,0,0,0,0,0,0,0,0,0,0,0,1,0,0,1,0,0,1,4,0,2,5,7,4,5,5,8,7,11,7,7,13,14,9,21,20,33,19,14,19,17,19,21,14,30,22,33,23,20,29,22,27,30,23,24,26,22,16,15,10,11,13,11,6,11,10,9,8,7,10,3,2,1,3,1,0,1,0,1,0,0,1,0,0,0,0,0,0,0,0,0,0,0,0,0,0
481,E012302590,23년 계시별 고객 원격검침망 구축 공사,한국전력공사,서울,40794600,40736010.0,+2% ~ -2%,2353532,87.745,692,기/A값/순,-0.14363,0,0,25,93,214,204,101,42,4,1,0,0,0,0,5,20,28,65,96,118,110,94,66,35,32,10,2,2,0,1,0,0,0,0,0,0,0,0,0,0,1,2,6,3,13,10,10,22,20,31,32,43,46,37,56,48,40,42,35,39,38,18,19,13,13,16,13,5,5,3,1,1,0,2,0,0,0,1,0,0,0,0,0,0,0,0,0,0,0,0,0,0,0,0,0,0,0,0,0,0,0,1,2,0,2,4,1,2,5,8,2,8,6,4,8,14,10,10,13,18,18,14,16,27,21,25,23,14,32,24,24,24,16,24,22,20,13,22,17,22,27,11,12,6,10,9,6,7,5,8,6,10,9,4,3,2,3,2,1,2,1,0,1,0,0,0,1,1,0,0,0,0,0,0,0,1,0,0,0,0
486,12769,(긴급)00부대 네트워크 선로 구축 및 전산장비 용역,국방부근무지원단,서울/경기,149058980,149732231.0,+2% ~ -2%,0,87.745,162,기,0.45166,0,0,2,18,30,51,38,14,8,0,0,0,0,0,1,1,5,13,13,17,29,22,25,13,3,11,6,2,0,0,0,0,0,0,0,0,0,0,0,0,1,0,0,0,1,3,2,1,5,7,6,6,5,10,3,14,10,11,9,7,9,12,8,5,4,1,2,2,4,5,3,3,1,0,1,0,0,0,0,0,0,0,0,0,0,0,0,0,0,0,0,0,0,0,0,0,0,0,0,0,1,0,0,0,0,0,0,0,0,1,2,1,0,2,0,1,2,3,1,6,2,4,4,2,1,4,3,7,1,2,5,9,2,8,5,6,6,3,2,5,4,5,3,9,4,4,3,2,1,3,0,1,1,1,0,2,2,2,2,3,2,1,3,0,0,1,0,0,1,0,0,0,0,0,0,0,0,0,0,0
491,20230331313-00,디지털도서관 노후 비상방송 스피커 및 선로 교체공사,서울지방조달청/문화체육관광부,서울,228854000,230665425.0,+2% ~ -2%,13678232,87.745,987,기/A값/순/협정,0.79151,0,7,47,145,276,312,139,45,11,4,0,0,0,7,11,36,62,83,150,126,140,172,88,51,34,11,7,4,2,2,0,0,0,0,0,0,0,1,4,2,4,5,4,15,19,18,26,33,40,28,64,63,47,52,50,40,73,70,66,63,31,44,24,22,18,15,13,8,8,1,3,3,1,1,3,1,1,0,2,0,0,0,0,0,0,0,0,0,0,0,0,0,0,0,0,1,1,3,0,2,2,2,1,4,2,2,8,7,10,9,9,9,9,17,18,15,17,23,14,14,30,34,34,29,23,24,24,28,22,28,17,23,31,42,27,43,35,31,32,31,17,14,21,23,13,11,13,9,9,9,7,8,7,6,6,2,5,3,1,0,2,1,3,0,1,0,0,1,2,1,0,1,1,0,0,0,1,1,0,0
497,20230344415-00,서울전파관리소 전파관리상황실 환경개선공사(통신),과학기술정보통신부,서울/인천/경기,64000000,63919225.0,+2% ~ -2%,0,87.745,3204,기/수의,-0.12622,2,10,118,425,843,928,656,181,24,3,1,1,3,7,29,89,168,257,461,382,471,457,403,253,122,59,17,7,3,0,0,0,1,1,0,1,0,4,2,3,9,13,20,31,45,64,63,74,83,141,156,190,189,141,167,172,209,184,201,161,188,144,144,103,78,59,34,44,22,22,8,7,4,2,3,1,1,1,0,0,0,0,0,0,1,0,1,0,0,0,0,1,0,0,2,2,2,0,2,1,4,5,5,8,7,13,13,18,21,24,29,35,35,28,41,33,41,42,72,69,71,85,87,103,115,74,77,64,81,86,97,75,84,125,90,94,113,88,76,85,97,91,74,70,72,72,55,48,44,34,31,28,19,15,29,15,10,12,13,9,4,4,1,6,2,2,1,1,1,2,0,1,1,0,1,0,0,0,0,0
499,20230345628-00,강서경찰서 염창지구대 신축 통신공사,경찰청,서울,40447000,40882875.0,+2% ~ -2%,0,87.745,1033,기/수의,1.07764,0,5,45,177,329,260,159,49,4,1,0,0,1,4,14,31,70,107,167,162,144,116,107,52,34,15,4,0,1,0,0,0,0,0,0,0,1,0,3,1,4,7,7,13,14,21,32,36,38,50,73,60,72,71,53,45,72,46,53,44,54,35,26,22,22,14,14,11,8,2,3,0,1,0,0,1,0,0,0,0,0,0,0,0,0,0,0,0,0,0,0,0,0,1,0,0,1,2,0,1,1,3,3,4,3,4,4,9,7,7,7,14,16,16,17,19,14,24,21,29,44,29,30,30,34,38,31,40,35,18,23,22,29,43,27,19,34,19,23,21,30,24,16,19,18,8,12,10,13,9,7,7,6,8,6,5,3,5,1,1,2,1,0,0,1,0,0,0,0,0,1,0,0,0,0,0,0,0,0,0
500,20230325103-00,오류고등학교 급식실 증축 통신공사 견적 제출 공고,서울특별시교육청,서울,66310000,66428250.0,+2% ~ -2%,0,87.745,1128,수의,0.17832,4,3,62,139,352,301,193,64,6,1,1,3,1,2,18,44,49,90,172,180,149,152,110,83,41,23,5,1,0,1,0,1,0,0,3,1,0,1,1,0,4,11,7,13,27,21,23,19,34,42,63,72,71,80,66,52,74,52,57,66,39,49,43,27,35,17,16,14,12,5,2,1,2,0,1,0,0,0,1,0,0,0,0,1,0,0,0,0,1,2,0,1,0,0,0,1,1,0,0,0,1,3,6,5,3,4,5,8,14,13,13,8,10,13,5,14,17,17,28,14,30,33,35,37,37,34,42,38,31,35,27,25,27,47,23,29,27,30,32,34,24,15,23,26,22,21,13,14,20,15,9,8,7,9,8,6,5,7,2,3,2,0,1,0,2,0,0,0,1,0,0,0,0,0,0,0,1,0,0,0
501,E012302005,위례3공구 배전자동화 자가광케이블 시설공사(ICT운영부),한국전력공사,서울,223885200,224769103.0,+2% ~ -2%,14398801,87.745,806,기/A값/순,0.39480,1,2,24,104,256,260,97,49,2,1,0,1,1,1,2,22,35,69,119,137,138,122,68,29,37,12,2,0,1,0,0,0,0,1,0,0,1,0,1,0,1,1,2,9,11,6,20,20,22,36,43,55,55,56,47,46,58,72,49,35,28,33,12,11,13,23,9,8,7,2,1,1,0,0,0,0,1,0,0,0,0,0,0,0,0,0,1,0,0,0,0,0,0,1,0,0,0,1,0,0,0,1,1,0,0,2,4,5,4,7,4,2,7,13,9,11,11,11,10,26,20,23,28,27,21,34,30,26,26,21,25,21,29,29,34,38,31,18,21,14,17,11,17,16,7,5,5,6,8,5,11,12,7,2,5,3,3,4,0,2,1,0,1,0,0,0,0,0,0,0,0,0,1,0,0,0,0,0,0,0
502,20230324122-01,신규 스마트워크센터(용산) 통신공사 (정정공고),한국지능정보사회진흥원,서울,62333333,62141550.0,+2% ~ -2%,6303301,87.745,1016,기/정/A값/순,-0.30768,0,11,65,176,289,310,121,32,4,1,0,0,7,4,20,45,66,110,144,145,155,155,73,48,21,11,4,0,0,1,0,0,0,0,0,2,2,3,2,2,6,9,8,21,21,25,31,33,42,45,51,63,55,69,51,57,70,65,64,54,37,23,28,19,14,8,5,13,4,2,1,2,1,0,0,0,0,0,0,1,0,0,0,0,0,0,0,0,0,0,2,0,0,2,3,0,0,2,2,0,3,3,2,7,5,3,9,12,12,9,12,13,17,14,10,23,23,19,27,18,21,30,31,32,30,25,38,31,23,28,26,31,28,42,28,37,32,32,25,29,20,17,11,12,13,15,13,6,7,7,4,4,2,3,8,5,1,3,1,1,0,1,0,2,1,0,0,0,0,0,0,0,0,0,0,0,0,0,1,0
511,20230222655-00,문화유산 과학센터 건립 통신공사,서울지방조달청/문화체육관광부,전국/서울,1248237000,1246355350.0,+2% ~ -2%,63893372,86.745,1139,기/A값/순/의무,-0.15075,2,10,52,169,283,347,193,63,12,3,0,2,4,6,17,35,63,106,127,156,181,166,117,76,40,23,7,5,1,2,0,0,0,1,1,2,1,1,2,4,1,13,12,9,17,16,27,37,40,49,54,59,41,62,67,63,79,73,67,65,50,46,34,33,30,23,13,7,14,6,3,2,3,2,2,1,0,1,1,0,0,0,0,0,0,0,1,0,0,1,1,1,1,0,1,0,1,1,2,2,0,1,7,6,3,9,4,5,5,12,8,8,12,15,20,17,15,25,21,28,23,31,27,32,14,27,34,28,33,34,38,25,34,45,39,34,40,27,35,30,25,25,20,26,21,13,17,16,18,12,13,10,6,7,4,3,8,6,3,3,2,1,2,0,2,1,2,0,2,0,0,1,0,0,0,1,1,0,0,0
514,20230312452-00,서울 정보화전략실 전산실 정보통신 공사,공무원연금공단,서울,98606000,97803900.0,+2% ~ -2%,0,87.745,1122,기/수의,-0.81344,0,4,72,176,294,312,198,57,5,0,0,0,0,4,13,59,79,97,123,171,169,143,131,67,41,16,3,2,0,0,0,0,0,0,0,0,0,0,1,3,3,8,9,19,33,21,38,36,36,45,50,56,49,59,80,60,76,63,52,61,68,51,27,28,24,18,16,13,5,5,2,1,0,1,1,0,0,0,0,0,0,0,0,0,0,0,0,0,0,0,0,0,0,0,0,0,1,0,0,3,2,1,4,4,2,7,9,10,15,18,7,14,13,25,20,16,19,17,22,23,20,30,31,25,17,32,35,24,38,42,26,34,31,45,33,30,29,23,37,24,39,29,33,18,12,15,16,12,17,7,8,10,8,8,7,6,2,3,1,4,2,0,0,1,0,0,0,1,0,1,0,0,0,0,0,0,0,0,0,0
515,2300577-00,서울지역본부 그린리모델링 정보통신공사,한국토지주택공사,전국/서울,3611235000,3616225000.0,+2% ~ -2%,208766284,86.745,949,기/A값/순/의무,0.13817,0,1,32,151,288,285,149,29,6,1,0,0,1,0,4,28,58,93,129,159,146,139,86,63,26,3,5,1,1,0,0,0,0,0,0,0,1,0,0,0,0,2,5,9,16,16,27,32,34,42,46,57,57,80,48,56,66,54,53,56,46,26,30,29,18,14,10,2,3,0,2,3,0,1,0,1,0,0,0,0,0,0,0,0,0,0,0,0,0,0,0,0,0,1,0,0,0,0,0,0,0,0,0,2,2,3,7,2,9,7,9,7,14,13,15,17,20,14,21,21,21,25,28,29,26,31,36,44,22,26,26,30,30,36,24,30,29,24,24,32,26,20,12,14,14,16,15,14,10,8,9,5,7,3,2,0,1,2,0,0,1,1,2,1,0,0,1,0,0,0,0,1,0,0,0,0,0,0,0,0
517,E012301473,23년도 송변전광단말장치 시설공사,한국전력공사,서울,56959100,56632893.0,+2% ~ -2%,0,87.745,733,기/수의,-0.57271,0,0,25,96,228,208,127,37,5,0,0,0,0,0,2,23,35,61,87,141,93,115,85,42,23,14,5,0,0,0,0,0,0,0,0,0,0,0,0,0,2,0,4,5,14,12,19,14,22,29,33,39,46,59,51,28,51,36,42,51,41,32,21,14,19,8,12,7,6,4,3,2,0,0,0,0,0,0,0,0,0,0,0,0,0,0,0,0,0,0,0,0,0,0,0,0,0,0,0,0,1,1,0,0,0,4,2,3,5,9,7,5,8,11,4,10,5,17,16,13,14,19,16,23,15,31,35,24,30,21,19,9,18,33,14,22,29,13,19,32,24,17,17,15,12,9,8,6,11,8,2,6,5,7,3,4,4,2,2,2,2,1,2,0,0,0,0,0,0,0,0,0,0,0,0,0,0,0,0,0
518,20230245243-00,김포공항 국내선 시외버스대기장 개선 정보통신공사,한국공항공사,서울,58732300,58513875.0,+2% ~ -2%,2860751,87.745,987,기/A값/순,-0.37190,0,7,23,161,259,302,183,46,5,0,0,0,4,3,4,19,57,104,124,135,136,166,127,56,31,15,5,0,0,0,0,0,0,0,0,2,2,0,1,2,1,2,3,5,12,23,22,28,42,46,60,45,46,51,57,42,69,59,70,62,49,48,39,22,25,21,9,6,8,2,2,2,1,0,0,0,0,0,0,0,0,0,0,0,0,0,0,0,0,0,2,0,0,2,0,0,0,1,1,1,1,0,1,1,1,2,3,2,4,8,12,11,7,15,12,16,24,18,23,23,31,29,21,24,19,27,20,31,32,25,18,24,25,44,25,34,47,23,26,36,22,27,22,26,30,9,17,5,12,13,11,10,8,1,1,5,6,2,1,1,0,2,1,1,1,0,0,0,0,0,0,0,0,0,0,0,0,0,0,0
528,20230222647-00,한난 동남권-한전 가락변전소간 광케이블 추가 포설공사,한국지역난방공사,서울,57662000,57279600.0,+2% ~ -2%,2535420,87.745,965,기/A값/순,-0.66318,1,6,30,161,257,300,157,36,11,0,0,1,2,4,10,20,51,110,122,135,128,172,100,57,24,12,6,5,0,0,0,0,0,0,1,0,2,0,1,3,5,4,2,6,13,14,21,23,41,62,45,51,62,66,33,47,56,52,84,61,41,32,40,28,16,9,12,6,5,4,4,1,2,3,1,0,0,0,0,0,0,0,0,0,0,0,0,0,1,0,0,0,0,2,0,0,1,0,2,1,4,1,2,2,1,1,2,4,5,8,4,10,8,13,16,7,15,26,32,30,23,22,28,23,26,36,38,28,24,9,23,24,18,38,25,27,47,37,28,33,22,19,13,19,27,13,16,12,6,10,5,4,9,3,3,3,4,1,3,1,2,2,1,0,1,1,1,2,0,1,0,0,0,0,0,0,0,0,0,0
531,20230220263-00,보건복지행정타운 영상감시장치 추가 보강설치 공사,한국자산관리공사,서울,105965000,105923725.0,+2% ~ -2%,0,87.745,1127,기/수의/협정,-0.03896,0,4,56,179,295,334,187,63,7,0,0,0,0,4,19,37,55,124,155,140,159,175,139,48,46,17,6,1,0,0,0,0,0,0,0,0,0,0,3,1,5,8,9,15,19,22,21,33,50,53,59,56,66,60,54,58,73,65,67,71,67,47,34,17,22,23,15,12,11,2,1,5,0,0,1,0,0,0,0,0,0,0,0,0,0,0,0,0,0,0,0,0,0,0,0,0,3,0,1,0,2,3,2,6,6,3,8,7,6,13,14,8,13,8,12,21,32,18,24,29,28,31,33,23,40,26,35,25,28,26,29,29,27,46,28,37,36,31,30,41,34,33,24,23,25,9,6,11,16,6,11,12,8,7,8,4,8,3,1,1,1,0,2,3,0,0,0,0,0,1,0,0,0,0,0,0,0,0,0,0
536,20230207061-00,구로경찰서 신축 도급공사(통신) (긴급공고),서울지방조달청/경찰청,전국/서울,1657741000,1675545175.0,+2% ~ -2%,106167099,86.745,1119,기/A값/순/의무,1.07400,3,10,41,167,288,339,196,55,13,3,0,3,3,7,8,33,87,80,122,166,187,152,118,78,38,17,10,3,2,1,0,0,1,1,1,0,2,2,2,4,2,3,6,8,22,29,31,40,31,36,44,52,57,61,74,70,84,59,59,66,51,44,45,31,26,20,13,9,7,6,4,3,4,2,0,0,2,0,1,0,0,0,0,0,0,1,0,1,1,0,0,0,1,1,1,1,1,1,0,4,0,2,1,2,3,3,6,2,12,10,12,17,12,19,27,13,12,19,22,14,28,16,25,27,26,31,31,30,48,26,41,29,42,42,33,26,28,31,33,33,30,21,20,24,24,21,24,7,13,13,10,10,6,7,5,4,4,3,4,2,2,2,1,2,3,1,1,1,0,0,0,0,2,0,0,0,0,1,0,0
537,20230212327-00,한신대학교 서울캠퍼스 생활관(선교센터) 리모델링 공사(통신) (긴급공고),한신대학교,서울/경기,350642000,350607875.0,+2% ~ -2%,18474296,86.745,337,기/A값/순/현필,-0.00974,0,1,5,11,38,43,31,6,1,0,0,0,0,1,1,4,2,9,16,22,18,25,19,12,2,4,1,0,0,0,0,0,0,0,0,0,0,0,1,0,1,0,1,1,2,0,2,0,4,5,7,5,8,9,9,5,10,10,10,8,11,7,2,3,8,0,2,1,2,1,1,0,0,0,0,0,0,0,0,0,0,0,0,0,0,0,0,0,0,0,0,0,0,0,0,0,1,0,0,0,0,1,0,0,0,1,1,0,2,0,0,0,2,0,0,0,1,3,3,2,2,5,3,2,4,4,6,3,3,6,2,3,3,7,3,7,7,3,6,2,8,3,3,4,1,1,1,2,4,4,0,0,0,2,0,1,2,0,1,0,1,0,0,0,0,0,0,0,0,0,0,0,0,0,0,0,0,0,0,0
539,20230204984-00,현대그룹빌딩 서관 조성공사(통신),서울대학교병원,서울,144509804,144564800.0,+2% ~ -2%,11288393,87.745,1014,기/A값/순,0.03805,1,1,25,125,277,243,121,37,7,2,1,0,0,1,11,14,54,71,101,176,132,111,87,34,26,11,5,2,2,0,0,0,1,0,0,0,0,1,0,0,2,1,8,6,8,17,17,35,24,32,28,42,59,71,77,51,51,54,50,37,32,35,33,10,11,14,7,10,5,1,5,0,1,0,1,2,0,0,0,0,0,0,0,0,1,0,0,0,0,0,0,0,0,0,0,1,0,0,0,0,1,1,1,0,8,0,3,3,2,6,5,12,5,12,20,15,14,10,14,18,11,17,18,24,31,28,34,37,36,41,30,21,28,23,30,24,23,27,21,16,13,19,17,18,20,13,5,5,6,5,8,6,4,3,5,5,3,2,0,1,3,2,0,0,0,1,0,0,1,0,2,0,0,0,0,0,0,0,0,0
540,20230207120-00,한국체육대학교 본관 내진보강 및 실재배치 통신공사,한국체육대학교,서울,48800000,48380125.0,+2% ~ -2%,0,87.745,1023,기/수의,-0.86040,0,3,47,133,298,340,134,54,9,3,0,0,1,2,17,30,49,84,159,139,179,161,87,47,42,12,5,4,2,1,0,0,0,0,0,0,1,1,0,1,7,5,8,17,10,23,14,24,28,44,66,58,64,62,48,61,79,72,60,68,31,41,30,12,20,16,21,8,5,4,4,1,0,1,3,1,0,1,1,0,0,0,0,0,0,0,0,0,0,0,0,0,1,0,0,1,0,0,1,0,3,4,3,2,5,3,8,9,4,6,7,16,10,4,12,12,16,12,18,26,29,37,27,31,35,29,34,28,25,23,28,33,31,48,39,33,27,33,32,36,19,12,27,14,15,15,11,1,9,11,12,4,10,11,5,3,1,4,3,1,3,1,0,1,0,0,1,0,0,3,0,1,0,0,1,0,0,1,0,0
546,20230132470-00,송파경찰서 거여파출소 신축공사(통신),경찰청,서울,38027000,38084750.0,+2% ~ -2%,0,87.745,995,기/수의,0.15186,0,3,31,126,285,347,153,38,8,2,0,0,1,2,6,25,51,75,123,162,179,168,85,68,32,6,7,1,0,2,0,0,0,0,0,0,0,1,2,0,3,1,5,8,14,19,22,20,26,39,39,56,57,73,60,76,73,67,67,64,37,38,25,31,22,12,12,9,3,2,3,4,0,1,0,0,0,0,1,1,0,0,0,0,0,0,0,0,0,0,0,0,0,0,1,0,1,1,0,0,3,0,0,1,2,3,4,4,5,9,7,12,13,9,10,10,13,13,20,19,21,18,29,27,28,29,40,33,30,30,37,39,29,44,30,37,38,29,35,29,20,17,19,19,10,15,22,9,6,16,3,9,6,6,8,1,2,1,2,0,1,2,0,4,0,0,1,0,0,0,0,0,0,0,0,0,1,0,0,1
554,E012300426,성동-군자 등 10구간 송변전광단말장치 시설공사,한국전력공사,서울,77660642,77420105.0,+2% ~ -2%,0,87.745,777,기/수의,-0.30973,0,3,26,108,245,249,105,30,5,0,0,0,0,3,5,21,44,64,126,119,126,123,75,30,26,4,5,0,0,0,0,0,0,0,0,0,0,0,1,2,2,2,5,6,11,12,21,26,20,29,44,55,56,50,40,42,59,52,52,44,37,23,24,10,11,15,9,2,2,2,4,0,1,0,0,0,0,0,0,0,0,0,0,0,0,0,0,0,0,0,0,0,0,0,0,0,0,1,2,0,1,1,0,2,1,4,3,3,4,7,6,6,8,13,11,15,10,10,15,14,17,27,32,23,27,29,29,21,24,16,24,18,20,39,25,27,30,22,26,18,20,17,14,9,15,9,4,6,6,5,8,7,4,5,2,0,0,2,1,1,4,0,0,0,1,0,0,0,0,0,0,0,0,0,0,0,0,0,0,0
557,20230121062-00,2023년 제1차 교내 통신시설물 성능개선공사,서울과학기술대학교,서울,70000000,70165200.0,+2% ~ -2%,0,87.745,1065,기/연기/수의,0.23600,0,6,48,165,333,315,144,44,6,1,0,0,2,4,14,34,64,101,145,188,162,153,102,42,32,12,1,5,0,1,0,0,0,0,0,2,0,2,2,0,3,7,8,12,18,31,19,34,39,42,44,63,78,79,69,60,66,62,70,57,49,35,30,16,14,16,9,14,3,2,0,0,2,4,0,0,0,0,0,1,0,0,0,0,0,0,0,0,0,0,0,2,0,0,0,2,1,1,0,0,3,0,5,2,4,4,6,6,7,11,14,17,8,11,14,20,23,16,19,23,19,25,29,34,38,40,52,27,30,39,26,34,35,31,36,26,43,27,33,24,22,27,21,14,18,12,9,7,7,7,9,7,6,3,7,7,0,3,1,1,0,0,0,0,1,1,2,2,0,0,0,0,0,0,0,0,0,0,0,1
562,20230116328-00,2022년 혁신지원사업 산업맞춤형 강의실 및 실습실 환경개선 통신공사,대림대학교,서울/인천/경기,28200000,28358375.0,+2% ~ -2%,500565,87.745,2272,기/A값/순,0.56161,1,13,71,274,643,771,373,99,14,2,1,0,2,11,19,52,96,178,320,323,349,422,245,128,65,34,11,3,2,0,0,0,1,0,0,0,2,2,1,8,7,7,13,17,27,36,37,52,71,78,112,146,131,133,121,133,156,145,179,158,92,108,78,54,41,30,31,8,14,16,6,3,2,2,1,2,0,0,0,0,0,0,0,0,1,0,0,0,0,0,0,0,1,1,0,2,0,1,4,4,3,4,4,3,5,8,11,6,13,14,15,21,19,18,23,29,37,34,34,44,54,58,66,80,62,69,67,66,61,60,62,71,74,82,60,85,92,87,84,74,51,41,52,56,45,33,32,22,26,15,13,17,15,16,4,4,11,3,12,4,3,3,3,0,2,0,1,1,1,0,1,1,0,0,0,0,0,0,0,0
563,20230114967-00,신진과학기술고등학교 학점제 교과교실제 통신공사,서울특별시교육청,서울,32084000,32125025.0,+2% ~ -2%,0,87.745,899,수의,0.12786,0,4,39,121,252,266,153,55,3,3,0,0,0,4,9,30,47,74,122,130,151,115,101,52,41,14,2,1,2,1,0,0,0,0,0,0,0,0,1,3,3,4,5,12,15,14,21,16,33,37,40,51,55,55,51,55,69,49,46,47,45,38,34,15,21,19,18,7,5,6,1,1,1,0,0,0,2,1,0,0,0,0,0,0,0,0,0,0,0,0,0,0,0,0,0,0,1,0,2,1,0,3,3,1,2,3,4,8,8,7,6,8,11,10,12,4,18,15,17,20,19,21,21,30,31,24,36,19,22,29,25,30,33,36,27,22,16,30,26,21,25,20,17,21,18,16,7,8,14,7,7,12,8,10,4,3,4,1,2,4,1,0,1,0,0,1,0,0,0,0,0,0,2,0,0,1,0,0,0,0
567,20230104636-00,서울대학교 반도체공동연구소 나노융합 인력양성 및 산학협력센터 신관증축공사(통신),서울지방조달청/서울대학교,서울,1072627000,1081661250.0,+2% ~ -2%,71531704,86.745,934,기/A값/순/협정,0.84225,2,9,36,135,261,265,175,41,4,2,2,0,1,8,12,24,49,86,109,152,136,129,97,78,28,13,4,0,1,1,0,2,0,0,0,1,0,0,3,5,4,4,6,7,15,13,22,35,34,31,50,43,44,69,55,38,68,54,54,51,39,38,42,35,21,13,12,6,5,5,2,2,0,0,0,1,0,0,1,0,0,0,2,0,0,0,0,0,0,0,0,1,0,0,0,0,1,2,2,3,3,1,2,2,4,2,3,4,7,8,5,8,10,12,14,21,20,14,13,18,22,28,24,19,16,28,31,38,31,24,17,21,38,30,30,24,25,29,26,25,17,22,22,16,20,22,16,19,10,11,5,8,5,7,3,3,4,1,2,3,0,2,1,1,0,0,0,0,0,0,1,0,0,0,0,0,0,1,0,0
573,20230100177-00,수도전기공업고등학교 관리실 환경개선 통신공사,서울특별시교육청,서울,54400000,54847650.0,+2% ~ -2%,0,87.745,1099,수의,0.82288,0,3,50,161,288,370,175,42,6,1,0,0,1,2,13,37,86,75,119,169,174,196,132,43,31,11,6,0,1,0,0,0,0,0,0,0,0,1,1,1,3,7,11,13,16,33,32,35,33,28,50,42,65,72,59,73,62,78,77,80,63,51,25,17,19,15,9,9,6,3,3,2,1,0,0,1,0,0,0,0,0,0,0,0,0,0,0,0,0,0,0,0,0,0,1,0,1,0,1,0,1,2,2,5,3,8,7,6,8,8,17,16,14,18,21,14,18,15,12,16,21,29,18,24,27,38,39,33,29,30,44,29,25,37,39,39,39,38,35,45,32,31,29,22,18,7,9,8,15,4,7,8,3,6,7,2,3,3,1,2,2,1,1,1,1,0,0,0,0,0,0,1,0,0,0,0,0,0,0,0
577,20221246946-01,우신고등학교 관리실 환경개선 통신공사 수의계약 견적서 제출 공고 (긴급공고) (정정공고),서울특별시교육청,서울,63470000,63534625.0,+2% ~ -2%,0,87.745,1071,기/정/수의,0.10181,3,7,48,160,266,355,177,44,9,1,0,3,4,3,10,38,57,103,123,143,175,180,121,56,36,8,6,3,1,0,0,0,1,1,1,2,0,2,1,2,3,6,7,14,18,24,19,36,38,43,44,47,60,60,55,74,72,65,65,78,53,51,31,23,20,13,16,7,5,3,4,1,1,3,0,0,1,0,0,0,0,0,0,0,0,1,1,0,1,0,1,1,0,0,2,0,1,0,2,0,1,2,3,3,1,6,8,6,9,9,10,14,11,8,14,22,15,23,20,23,18,26,26,21,32,28,36,24,25,30,40,34,24,48,29,36,31,34,51,27,29,24,24,27,18,13,13,10,14,6,7,6,6,10,7,0,4,1,1,2,1,3,1,0,1,0,2,1,0,0,0,0,0,1,0,0,0,0,0,0
578,20221245798-00,"2022 동일여고 수덕관 도서관, 고교학점제공간, 관리실, 석면해체공간 통신공사",서울특별시교육청,서울,25630000,25605150.0,+2% ~ -2%,0,87.745,874,수의,-0.09696,0,3,30,131,233,260,155,43,11,3,0,0,1,2,10,20,41,90,104,129,136,124,95,60,37,6,10,1,2,1,0,0,0,0,0,0,0,1,1,1,2,5,7,5,11,17,13,31,28,42,36,47,47,60,43,51,58,52,49,50,44,31,38,19,23,15,13,9,3,3,6,3,1,0,1,1,1,0,1,0,0,0,0,0,0,0,0,0,0,0,0,0,0,0,1,0,1,0,1,0,2,0,3,2,3,4,2,3,5,6,8,9,7,6,11,20,17,11,25,17,17,19,17,30,21,26,31,29,20,23,24,27,22,36,27,25,28,21,24,26,24,20,16,15,20,18,10,9,15,8,6,9,6,7,9,0,2,1,2,1,2,4,2,1,1,0,0,0,1,0,1,0,0,1,0,0,0,1,0,0
579,20221245729-00,2022 동일여고 본관동 샌드위치판넬해소 통신공사,서울특별시교육청,서울,29480000,29507150.0,+2% ~ -2%,0,87.745,897,수의,0.09209,0,3,36,124,234,286,150,48,10,2,0,0,1,2,11,25,31,93,96,138,150,136,90,60,35,13,9,1,2,0,0,0,0,0,0,0,0,1,0,2,4,5,6,8,13,15,8,25,34,42,33,42,45,61,53,56,70,51,50,59,43,27,30,26,24,16,11,9,7,5,8,1,1,0,0,1,1,0,0,0,0,0,0,0,0,0,0,0,0,0,0,0,0,0,1,0,0,0,2,0,2,2,2,3,2,4,4,4,7,6,7,8,3,5,8,17,18,16,24,18,13,20,18,24,21,24,27,34,19,34,26,30,30,40,24,27,31,19,33,26,17,26,15,12,20,10,19,7,14,10,8,8,4,7,8,1,3,4,3,2,3,5,0,1,0,1,0,0,0,0,1,0,0,1,0,0,0,0,0,0
